Not Found: /favicon.ico
Invalid HTTP_HOST header: '89.104.68.164'. You may need to add '89.104.68.164' to ALLOWED_HOSTS.
Traceback (most recent call last):
  File "/home/toppr/pr/env/lib/python3.12/site-packages/django/core/handlers/exception.py", line 55, in inner
    response = get_response(request)
               ^^^^^^^^^^^^^^^^^^^^^
  File "/home/toppr/pr/env/lib/python3.12/site-packages/django/utils/deprecation.py", line 128, in __call__
    response = self.process_request(request)
               ^^^^^^^^^^^^^^^^^^^^^^^^^^^^^
  File "/home/toppr/pr/env/lib/python3.12/site-packages/django/middleware/common.py", line 48, in process_request
    host = request.get_host()
           ^^^^^^^^^^^^^^^^^^
  File "/home/toppr/pr/env/lib/python3.12/site-packages/django/http/request.py", line 151, in get_host
    raise DisallowedHost(msg)
django.core.exceptions.DisallowedHost: Invalid HTTP_HOST header: '89.104.68.164'. You may need to add '89.104.68.164' to ALLOWED_HOSTS.
Bad Request: /
Invalid HTTP_HOST header: '89.104.68.164'. You may need to add '89.104.68.164' to ALLOWED_HOSTS.
Traceback (most recent call last):
  File "/home/toppr/pr/env/lib/python3.12/site-packages/django/core/handlers/exception.py", line 55, in inner
    response = get_response(request)
               ^^^^^^^^^^^^^^^^^^^^^
  File "/home/toppr/pr/env/lib/python3.12/site-packages/django/utils/deprecation.py", line 128, in __call__
    response = self.process_request(request)
               ^^^^^^^^^^^^^^^^^^^^^^^^^^^^^
  File "/home/toppr/pr/env/lib/python3.12/site-packages/django/middleware/common.py", line 48, in process_request
    host = request.get_host()
           ^^^^^^^^^^^^^^^^^^
  File "/home/toppr/pr/env/lib/python3.12/site-packages/django/http/request.py", line 151, in get_host
    raise DisallowedHost(msg)
django.core.exceptions.DisallowedHost: Invalid HTTP_HOST header: '89.104.68.164'. You may need to add '89.104.68.164' to ALLOWED_HOSTS.
Bad Request: /.env
Invalid HTTP_HOST header: '89.104.68.164'. You may need to add '89.104.68.164' to ALLOWED_HOSTS.
Traceback (most recent call last):
  File "/home/toppr/pr/env/lib/python3.12/site-packages/django/core/handlers/exception.py", line 55, in inner
    response = get_response(request)
               ^^^^^^^^^^^^^^^^^^^^^
  File "/home/toppr/pr/env/lib/python3.12/site-packages/django/utils/deprecation.py", line 128, in __call__
    response = self.process_request(request)
               ^^^^^^^^^^^^^^^^^^^^^^^^^^^^^
  File "/home/toppr/pr/env/lib/python3.12/site-packages/django/middleware/common.py", line 48, in process_request
    host = request.get_host()
           ^^^^^^^^^^^^^^^^^^
  File "/home/toppr/pr/env/lib/python3.12/site-packages/django/http/request.py", line 151, in get_host
    raise DisallowedHost(msg)
django.core.exceptions.DisallowedHost: Invalid HTTP_HOST header: '89.104.68.164'. You may need to add '89.104.68.164' to ALLOWED_HOSTS.
Bad Request: /
Invalid HTTP_HOST header: '89.104.68.164'. You may need to add '89.104.68.164' to ALLOWED_HOSTS.
Traceback (most recent call last):
  File "/home/toppr/pr/env/lib/python3.12/site-packages/django/core/handlers/exception.py", line 55, in inner
    response = get_response(request)
               ^^^^^^^^^^^^^^^^^^^^^
  File "/home/toppr/pr/env/lib/python3.12/site-packages/django/utils/deprecation.py", line 128, in __call__
    response = self.process_request(request)
               ^^^^^^^^^^^^^^^^^^^^^^^^^^^^^
  File "/home/toppr/pr/env/lib/python3.12/site-packages/django/middleware/common.py", line 48, in process_request
    host = request.get_host()
           ^^^^^^^^^^^^^^^^^^
  File "/home/toppr/pr/env/lib/python3.12/site-packages/django/http/request.py", line 151, in get_host
    raise DisallowedHost(msg)
django.core.exceptions.DisallowedHost: Invalid HTTP_HOST header: '89.104.68.164'. You may need to add '89.104.68.164' to ALLOWED_HOSTS.
Bad Request: /.env
Invalid HTTP_HOST header: '142.93.161.32'. You may need to add '142.93.161.32' to ALLOWED_HOSTS.
Traceback (most recent call last):
  File "/home/toppr/pr/env/lib/python3.12/site-packages/django/core/handlers/exception.py", line 55, in inner
    response = get_response(request)
               ^^^^^^^^^^^^^^^^^^^^^
  File "/home/toppr/pr/env/lib/python3.12/site-packages/django/utils/deprecation.py", line 128, in __call__
    response = self.process_request(request)
               ^^^^^^^^^^^^^^^^^^^^^^^^^^^^^
  File "/home/toppr/pr/env/lib/python3.12/site-packages/django/middleware/common.py", line 48, in process_request
    host = request.get_host()
           ^^^^^^^^^^^^^^^^^^
  File "/home/toppr/pr/env/lib/python3.12/site-packages/django/http/request.py", line 151, in get_host
    raise DisallowedHost(msg)
django.core.exceptions.DisallowedHost: Invalid HTTP_HOST header: '142.93.161.32'. You may need to add '142.93.161.32' to ALLOWED_HOSTS.
Bad Request: /
Invalid HTTP_HOST header: '89.104.68.164'. You may need to add '89.104.68.164' to ALLOWED_HOSTS.
Traceback (most recent call last):
  File "/home/toppr/pr/env/lib/python3.12/site-packages/django/core/handlers/exception.py", line 55, in inner
    response = get_response(request)
               ^^^^^^^^^^^^^^^^^^^^^
  File "/home/toppr/pr/env/lib/python3.12/site-packages/django/utils/deprecation.py", line 128, in __call__
    response = self.process_request(request)
               ^^^^^^^^^^^^^^^^^^^^^^^^^^^^^
  File "/home/toppr/pr/env/lib/python3.12/site-packages/django/middleware/common.py", line 48, in process_request
    host = request.get_host()
           ^^^^^^^^^^^^^^^^^^
  File "/home/toppr/pr/env/lib/python3.12/site-packages/django/http/request.py", line 151, in get_host
    raise DisallowedHost(msg)
django.core.exceptions.DisallowedHost: Invalid HTTP_HOST header: '89.104.68.164'. You may need to add '89.104.68.164' to ALLOWED_HOSTS.
Bad Request: /
Not Found: /favicon.ico
Invalid HTTP_HOST header: '89.104.68.164'. You may need to add '89.104.68.164' to ALLOWED_HOSTS.
Traceback (most recent call last):
  File "/home/toppr/pr/env/lib/python3.12/site-packages/django/core/handlers/exception.py", line 55, in inner
    response = get_response(request)
               ^^^^^^^^^^^^^^^^^^^^^
  File "/home/toppr/pr/env/lib/python3.12/site-packages/django/utils/deprecation.py", line 128, in __call__
    response = self.process_request(request)
               ^^^^^^^^^^^^^^^^^^^^^^^^^^^^^
  File "/home/toppr/pr/env/lib/python3.12/site-packages/django/middleware/common.py", line 48, in process_request
    host = request.get_host()
           ^^^^^^^^^^^^^^^^^^
  File "/home/toppr/pr/env/lib/python3.12/site-packages/django/http/request.py", line 151, in get_host
    raise DisallowedHost(msg)
django.core.exceptions.DisallowedHost: Invalid HTTP_HOST header: '89.104.68.164'. You may need to add '89.104.68.164' to ALLOWED_HOSTS.
Bad Request: /
Not Found: /favicon.ico
Bad Request: /order-pay/
Bad Request: /order-pay/
Bad Request: /order-pay/
Bad Request: /order-pay/
Bad Request: /order-pay/
Bad Request: /order-pay/
Bad Request: /order-pay/
Invalid HTTP_HOST header: 'speed.cloudflare.com'. You may need to add 'speed.cloudflare.com' to ALLOWED_HOSTS.
Traceback (most recent call last):
  File "/home/toppr/pr/env/lib/python3.12/site-packages/django/core/handlers/exception.py", line 55, in inner
    response = get_response(request)
               ^^^^^^^^^^^^^^^^^^^^^
  File "/home/toppr/pr/env/lib/python3.12/site-packages/django/utils/deprecation.py", line 128, in __call__
    response = self.process_request(request)
               ^^^^^^^^^^^^^^^^^^^^^^^^^^^^^
  File "/home/toppr/pr/env/lib/python3.12/site-packages/django/middleware/common.py", line 48, in process_request
    host = request.get_host()
           ^^^^^^^^^^^^^^^^^^
  File "/home/toppr/pr/env/lib/python3.12/site-packages/django/http/request.py", line 151, in get_host
    raise DisallowedHost(msg)
django.core.exceptions.DisallowedHost: Invalid HTTP_HOST header: 'speed.cloudflare.com'. You may need to add 'speed.cloudflare.com' to ALLOWED_HOSTS.
Bad Request: /cdn-cgi/trace/cdn-cgi/trace
Invalid HTTP_HOST header: '89.104.68.164'. You may need to add '89.104.68.164' to ALLOWED_HOSTS.
Traceback (most recent call last):
  File "/home/toppr/pr/env/lib/python3.12/site-packages/django/core/handlers/exception.py", line 55, in inner
    response = get_response(request)
               ^^^^^^^^^^^^^^^^^^^^^
  File "/home/toppr/pr/env/lib/python3.12/site-packages/django/utils/deprecation.py", line 128, in __call__
    response = self.process_request(request)
               ^^^^^^^^^^^^^^^^^^^^^^^^^^^^^
  File "/home/toppr/pr/env/lib/python3.12/site-packages/django/middleware/common.py", line 48, in process_request
    host = request.get_host()
           ^^^^^^^^^^^^^^^^^^
  File "/home/toppr/pr/env/lib/python3.12/site-packages/django/http/request.py", line 151, in get_host
    raise DisallowedHost(msg)
django.core.exceptions.DisallowedHost: Invalid HTTP_HOST header: '89.104.68.164'. You may need to add '89.104.68.164' to ALLOWED_HOSTS.
Bad Request: /restore.php
Invalid HTTP_HOST header: '89.104.68.164'. You may need to add '89.104.68.164' to ALLOWED_HOSTS.
Traceback (most recent call last):
  File "/home/toppr/pr/env/lib/python3.12/site-packages/django/core/handlers/exception.py", line 55, in inner
    response = get_response(request)
               ^^^^^^^^^^^^^^^^^^^^^
  File "/home/toppr/pr/env/lib/python3.12/site-packages/django/utils/deprecation.py", line 128, in __call__
    response = self.process_request(request)
               ^^^^^^^^^^^^^^^^^^^^^^^^^^^^^
  File "/home/toppr/pr/env/lib/python3.12/site-packages/django/middleware/common.py", line 48, in process_request
    host = request.get_host()
           ^^^^^^^^^^^^^^^^^^
  File "/home/toppr/pr/env/lib/python3.12/site-packages/django/http/request.py", line 151, in get_host
    raise DisallowedHost(msg)
django.core.exceptions.DisallowedHost: Invalid HTTP_HOST header: '89.104.68.164'. You may need to add '89.104.68.164' to ALLOWED_HOSTS.
Bad Request: /.env
Invalid HTTP_HOST header: '89.104.68.164'. You may need to add '89.104.68.164' to ALLOWED_HOSTS.
Traceback (most recent call last):
  File "/home/toppr/pr/env/lib/python3.12/site-packages/django/core/handlers/exception.py", line 55, in inner
    response = get_response(request)
               ^^^^^^^^^^^^^^^^^^^^^
  File "/home/toppr/pr/env/lib/python3.12/site-packages/django/utils/deprecation.py", line 128, in __call__
    response = self.process_request(request)
               ^^^^^^^^^^^^^^^^^^^^^^^^^^^^^
  File "/home/toppr/pr/env/lib/python3.12/site-packages/django/middleware/common.py", line 48, in process_request
    host = request.get_host()
           ^^^^^^^^^^^^^^^^^^
  File "/home/toppr/pr/env/lib/python3.12/site-packages/django/http/request.py", line 151, in get_host
    raise DisallowedHost(msg)
django.core.exceptions.DisallowedHost: Invalid HTTP_HOST header: '89.104.68.164'. You may need to add '89.104.68.164' to ALLOWED_HOSTS.
Bad Request: /.env
Invalid HTTP_HOST header: '89-104-68-164.cloudvps.regruhosting.ru'. You may need to add '89-104-68-164.cloudvps.regruhosting.ru' to ALLOWED_HOSTS.
Traceback (most recent call last):
  File "/home/toppr/pr/env/lib/python3.12/site-packages/django/core/handlers/exception.py", line 55, in inner
    response = get_response(request)
               ^^^^^^^^^^^^^^^^^^^^^
  File "/home/toppr/pr/env/lib/python3.12/site-packages/django/utils/deprecation.py", line 128, in __call__
    response = self.process_request(request)
               ^^^^^^^^^^^^^^^^^^^^^^^^^^^^^
  File "/home/toppr/pr/env/lib/python3.12/site-packages/django/middleware/common.py", line 48, in process_request
    host = request.get_host()
           ^^^^^^^^^^^^^^^^^^
  File "/home/toppr/pr/env/lib/python3.12/site-packages/django/http/request.py", line 151, in get_host
    raise DisallowedHost(msg)
django.core.exceptions.DisallowedHost: Invalid HTTP_HOST header: '89-104-68-164.cloudvps.regruhosting.ru'. You may need to add '89-104-68-164.cloudvps.regruhosting.ru' to ALLOWED_HOSTS.
Bad Request: /rest/applinks/1.0/manifest
Invalid HTTP_HOST header: '89-104-68-164.cloudvps.regruhosting.ru'. You may need to add '89-104-68-164.cloudvps.regruhosting.ru' to ALLOWED_HOSTS.
Traceback (most recent call last):
  File "/home/toppr/pr/env/lib/python3.12/site-packages/django/core/handlers/exception.py", line 55, in inner
    response = get_response(request)
               ^^^^^^^^^^^^^^^^^^^^^
  File "/home/toppr/pr/env/lib/python3.12/site-packages/django/utils/deprecation.py", line 128, in __call__
    response = self.process_request(request)
               ^^^^^^^^^^^^^^^^^^^^^^^^^^^^^
  File "/home/toppr/pr/env/lib/python3.12/site-packages/django/middleware/common.py", line 48, in process_request
    host = request.get_host()
           ^^^^^^^^^^^^^^^^^^
  File "/home/toppr/pr/env/lib/python3.12/site-packages/django/http/request.py", line 151, in get_host
    raise DisallowedHost(msg)
django.core.exceptions.DisallowedHost: Invalid HTTP_HOST header: '89-104-68-164.cloudvps.regruhosting.ru'. You may need to add '89-104-68-164.cloudvps.regruhosting.ru' to ALLOWED_HOSTS.
Bad Request: /
Invalid HTTP_HOST header: '89-104-68-164.cloudvps.regruhosting.ru'. You may need to add '89-104-68-164.cloudvps.regruhosting.ru' to ALLOWED_HOSTS.
Traceback (most recent call last):
  File "/home/toppr/pr/env/lib/python3.12/site-packages/django/core/handlers/exception.py", line 55, in inner
    response = get_response(request)
               ^^^^^^^^^^^^^^^^^^^^^
  File "/home/toppr/pr/env/lib/python3.12/site-packages/django/utils/deprecation.py", line 128, in __call__
    response = self.process_request(request)
               ^^^^^^^^^^^^^^^^^^^^^^^^^^^^^
  File "/home/toppr/pr/env/lib/python3.12/site-packages/django/middleware/common.py", line 48, in process_request
    host = request.get_host()
           ^^^^^^^^^^^^^^^^^^
  File "/home/toppr/pr/env/lib/python3.12/site-packages/django/http/request.py", line 151, in get_host
    raise DisallowedHost(msg)
django.core.exceptions.DisallowedHost: Invalid HTTP_HOST header: '89-104-68-164.cloudvps.regruhosting.ru'. You may need to add '89-104-68-164.cloudvps.regruhosting.ru' to ALLOWED_HOSTS.
Bad Request: /Portal0000.htm
Invalid HTTP_HOST header: '89-104-68-164.cloudvps.regruhosting.ru'. You may need to add '89-104-68-164.cloudvps.regruhosting.ru' to ALLOWED_HOSTS.
Traceback (most recent call last):
  File "/home/toppr/pr/env/lib/python3.12/site-packages/django/core/handlers/exception.py", line 55, in inner
    response = get_response(request)
               ^^^^^^^^^^^^^^^^^^^^^
  File "/home/toppr/pr/env/lib/python3.12/site-packages/django/utils/deprecation.py", line 128, in __call__
    response = self.process_request(request)
               ^^^^^^^^^^^^^^^^^^^^^^^^^^^^^
  File "/home/toppr/pr/env/lib/python3.12/site-packages/django/middleware/common.py", line 48, in process_request
    host = request.get_host()
           ^^^^^^^^^^^^^^^^^^
  File "/home/toppr/pr/env/lib/python3.12/site-packages/django/http/request.py", line 151, in get_host
    raise DisallowedHost(msg)
django.core.exceptions.DisallowedHost: Invalid HTTP_HOST header: '89-104-68-164.cloudvps.regruhosting.ru'. You may need to add '89-104-68-164.cloudvps.regruhosting.ru' to ALLOWED_HOSTS.
Bad Request: /home.jsp
Invalid HTTP_HOST header: '89-104-68-164.cloudvps.regruhosting.ru'. You may need to add '89-104-68-164.cloudvps.regruhosting.ru' to ALLOWED_HOSTS.
Traceback (most recent call last):
  File "/home/toppr/pr/env/lib/python3.12/site-packages/django/core/handlers/exception.py", line 55, in inner
    response = get_response(request)
               ^^^^^^^^^^^^^^^^^^^^^
  File "/home/toppr/pr/env/lib/python3.12/site-packages/django/utils/deprecation.py", line 128, in __call__
    response = self.process_request(request)
               ^^^^^^^^^^^^^^^^^^^^^^^^^^^^^
  File "/home/toppr/pr/env/lib/python3.12/site-packages/django/middleware/common.py", line 48, in process_request
    host = request.get_host()
           ^^^^^^^^^^^^^^^^^^
  File "/home/toppr/pr/env/lib/python3.12/site-packages/django/http/request.py", line 151, in get_host
    raise DisallowedHost(msg)
django.core.exceptions.DisallowedHost: Invalid HTTP_HOST header: '89-104-68-164.cloudvps.regruhosting.ru'. You may need to add '89-104-68-164.cloudvps.regruhosting.ru' to ALLOWED_HOSTS.
Bad Request: /VSGl
Invalid HTTP_HOST header: '89-104-68-164.cloudvps.regruhosting.ru'. You may need to add '89-104-68-164.cloudvps.regruhosting.ru' to ALLOWED_HOSTS.
Traceback (most recent call last):
  File "/home/toppr/pr/env/lib/python3.12/site-packages/django/core/handlers/exception.py", line 55, in inner
    response = get_response(request)
               ^^^^^^^^^^^^^^^^^^^^^
  File "/home/toppr/pr/env/lib/python3.12/site-packages/django/utils/deprecation.py", line 128, in __call__
    response = self.process_request(request)
               ^^^^^^^^^^^^^^^^^^^^^^^^^^^^^
  File "/home/toppr/pr/env/lib/python3.12/site-packages/django/middleware/common.py", line 48, in process_request
    host = request.get_host()
           ^^^^^^^^^^^^^^^^^^
  File "/home/toppr/pr/env/lib/python3.12/site-packages/django/http/request.py", line 151, in get_host
    raise DisallowedHost(msg)
django.core.exceptions.DisallowedHost: Invalid HTTP_HOST header: '89-104-68-164.cloudvps.regruhosting.ru'. You may need to add '89-104-68-164.cloudvps.regruhosting.ru' to ALLOWED_HOSTS.
Bad Request: /
Invalid HTTP_HOST header: '89-104-68-164.cloudvps.regruhosting.ru'. You may need to add '89-104-68-164.cloudvps.regruhosting.ru' to ALLOWED_HOSTS.
Traceback (most recent call last):
  File "/home/toppr/pr/env/lib/python3.12/site-packages/django/core/handlers/exception.py", line 55, in inner
    response = get_response(request)
               ^^^^^^^^^^^^^^^^^^^^^
  File "/home/toppr/pr/env/lib/python3.12/site-packages/django/utils/deprecation.py", line 128, in __call__
    response = self.process_request(request)
               ^^^^^^^^^^^^^^^^^^^^^^^^^^^^^
  File "/home/toppr/pr/env/lib/python3.12/site-packages/django/middleware/common.py", line 48, in process_request
    host = request.get_host()
           ^^^^^^^^^^^^^^^^^^
  File "/home/toppr/pr/env/lib/python3.12/site-packages/django/http/request.py", line 151, in get_host
    raise DisallowedHost(msg)
django.core.exceptions.DisallowedHost: Invalid HTTP_HOST header: '89-104-68-164.cloudvps.regruhosting.ru'. You may need to add '89-104-68-164.cloudvps.regruhosting.ru' to ALLOWED_HOSTS.
Bad Request: /webui
Invalid HTTP_HOST header: '89-104-68-164.cloudvps.regruhosting.ru'. You may need to add '89-104-68-164.cloudvps.regruhosting.ru' to ALLOWED_HOSTS.
Traceback (most recent call last):
  File "/home/toppr/pr/env/lib/python3.12/site-packages/django/core/handlers/exception.py", line 55, in inner
    response = get_response(request)
               ^^^^^^^^^^^^^^^^^^^^^
  File "/home/toppr/pr/env/lib/python3.12/site-packages/django/utils/deprecation.py", line 128, in __call__
    response = self.process_request(request)
               ^^^^^^^^^^^^^^^^^^^^^^^^^^^^^
  File "/home/toppr/pr/env/lib/python3.12/site-packages/django/middleware/common.py", line 48, in process_request
    host = request.get_host()
           ^^^^^^^^^^^^^^^^^^
  File "/home/toppr/pr/env/lib/python3.12/site-packages/django/http/request.py", line 151, in get_host
    raise DisallowedHost(msg)
django.core.exceptions.DisallowedHost: Invalid HTTP_HOST header: '89-104-68-164.cloudvps.regruhosting.ru'. You may need to add '89-104-68-164.cloudvps.regruhosting.ru' to ALLOWED_HOSTS.
Bad Request: /CSS/Miniweb.css
Invalid HTTP_HOST header: '89-104-68-164.cloudvps.regruhosting.ru'. You may need to add '89-104-68-164.cloudvps.regruhosting.ru' to ALLOWED_HOSTS.
Traceback (most recent call last):
  File "/home/toppr/pr/env/lib/python3.12/site-packages/django/core/handlers/exception.py", line 55, in inner
    response = get_response(request)
               ^^^^^^^^^^^^^^^^^^^^^
  File "/home/toppr/pr/env/lib/python3.12/site-packages/django/utils/deprecation.py", line 128, in __call__
    response = self.process_request(request)
               ^^^^^^^^^^^^^^^^^^^^^^^^^^^^^
  File "/home/toppr/pr/env/lib/python3.12/site-packages/django/middleware/common.py", line 48, in process_request
    host = request.get_host()
           ^^^^^^^^^^^^^^^^^^
  File "/home/toppr/pr/env/lib/python3.12/site-packages/django/http/request.py", line 151, in get_host
    raise DisallowedHost(msg)
django.core.exceptions.DisallowedHost: Invalid HTTP_HOST header: '89-104-68-164.cloudvps.regruhosting.ru'. You may need to add '89-104-68-164.cloudvps.regruhosting.ru' to ALLOWED_HOSTS.
Bad Request: /sdk
Invalid HTTP_HOST header: '89-104-68-164.cloudvps.regruhosting.ru'. You may need to add '89-104-68-164.cloudvps.regruhosting.ru' to ALLOWED_HOSTS.
Traceback (most recent call last):
  File "/home/toppr/pr/env/lib/python3.12/site-packages/django/core/handlers/exception.py", line 55, in inner
    response = get_response(request)
               ^^^^^^^^^^^^^^^^^^^^^
  File "/home/toppr/pr/env/lib/python3.12/site-packages/django/utils/deprecation.py", line 128, in __call__
    response = self.process_request(request)
               ^^^^^^^^^^^^^^^^^^^^^^^^^^^^^
  File "/home/toppr/pr/env/lib/python3.12/site-packages/django/middleware/common.py", line 48, in process_request
    host = request.get_host()
           ^^^^^^^^^^^^^^^^^^
  File "/home/toppr/pr/env/lib/python3.12/site-packages/django/http/request.py", line 151, in get_host
    raise DisallowedHost(msg)
django.core.exceptions.DisallowedHost: Invalid HTTP_HOST header: '89-104-68-164.cloudvps.regruhosting.ru'. You may need to add '89-104-68-164.cloudvps.regruhosting.ru' to ALLOWED_HOSTS.
Bad Request: /login.php
Invalid HTTP_HOST header: '89-104-68-164.cloudvps.regruhosting.ru'. You may need to add '89-104-68-164.cloudvps.regruhosting.ru' to ALLOWED_HOSTS.
Traceback (most recent call last):
  File "/home/toppr/pr/env/lib/python3.12/site-packages/django/core/handlers/exception.py", line 55, in inner
    response = get_response(request)
               ^^^^^^^^^^^^^^^^^^^^^
  File "/home/toppr/pr/env/lib/python3.12/site-packages/django/utils/deprecation.py", line 128, in __call__
    response = self.process_request(request)
               ^^^^^^^^^^^^^^^^^^^^^^^^^^^^^
  File "/home/toppr/pr/env/lib/python3.12/site-packages/django/middleware/common.py", line 48, in process_request
    host = request.get_host()
           ^^^^^^^^^^^^^^^^^^
  File "/home/toppr/pr/env/lib/python3.12/site-packages/django/http/request.py", line 151, in get_host
    raise DisallowedHost(msg)
django.core.exceptions.DisallowedHost: Invalid HTTP_HOST header: '89-104-68-164.cloudvps.regruhosting.ru'. You may need to add '89-104-68-164.cloudvps.regruhosting.ru' to ALLOWED_HOSTS.
Bad Request: /__Additional
Invalid HTTP_HOST header: '89-104-68-164.cloudvps.regruhosting.ru'. You may need to add '89-104-68-164.cloudvps.regruhosting.ru' to ALLOWED_HOSTS.
Traceback (most recent call last):
  File "/home/toppr/pr/env/lib/python3.12/site-packages/django/core/handlers/exception.py", line 55, in inner
    response = get_response(request)
               ^^^^^^^^^^^^^^^^^^^^^
  File "/home/toppr/pr/env/lib/python3.12/site-packages/django/utils/deprecation.py", line 128, in __call__
    response = self.process_request(request)
               ^^^^^^^^^^^^^^^^^^^^^^^^^^^^^
  File "/home/toppr/pr/env/lib/python3.12/site-packages/django/middleware/common.py", line 48, in process_request
    host = request.get_host()
           ^^^^^^^^^^^^^^^^^^
  File "/home/toppr/pr/env/lib/python3.12/site-packages/django/http/request.py", line 151, in get_host
    raise DisallowedHost(msg)
django.core.exceptions.DisallowedHost: Invalid HTTP_HOST header: '89-104-68-164.cloudvps.regruhosting.ru'. You may need to add '89-104-68-164.cloudvps.regruhosting.ru' to ALLOWED_HOSTS.
Bad Request: /confluence/rest/applinks/1.0/manifest
Invalid HTTP_HOST header: '89-104-68-164.cloudvps.regruhosting.ru'. You may need to add '89-104-68-164.cloudvps.regruhosting.ru' to ALLOWED_HOSTS.
Traceback (most recent call last):
  File "/home/toppr/pr/env/lib/python3.12/site-packages/django/core/handlers/exception.py", line 55, in inner
    response = get_response(request)
               ^^^^^^^^^^^^^^^^^^^^^
  File "/home/toppr/pr/env/lib/python3.12/site-packages/django/utils/deprecation.py", line 128, in __call__
    response = self.process_request(request)
               ^^^^^^^^^^^^^^^^^^^^^^^^^^^^^
  File "/home/toppr/pr/env/lib/python3.12/site-packages/django/middleware/common.py", line 48, in process_request
    host = request.get_host()
           ^^^^^^^^^^^^^^^^^^
  File "/home/toppr/pr/env/lib/python3.12/site-packages/django/http/request.py", line 151, in get_host
    raise DisallowedHost(msg)
django.core.exceptions.DisallowedHost: Invalid HTTP_HOST header: '89-104-68-164.cloudvps.regruhosting.ru'. You may need to add '89-104-68-164.cloudvps.regruhosting.ru' to ALLOWED_HOSTS.
Bad Request: /favicon.ico
Invalid HTTP_HOST header: '89-104-68-164.cloudvps.regruhosting.ru'. You may need to add '89-104-68-164.cloudvps.regruhosting.ru' to ALLOWED_HOSTS.
Traceback (most recent call last):
  File "/home/toppr/pr/env/lib/python3.12/site-packages/django/core/handlers/exception.py", line 55, in inner
    response = get_response(request)
               ^^^^^^^^^^^^^^^^^^^^^
  File "/home/toppr/pr/env/lib/python3.12/site-packages/django/utils/deprecation.py", line 128, in __call__
    response = self.process_request(request)
               ^^^^^^^^^^^^^^^^^^^^^^^^^^^^^
  File "/home/toppr/pr/env/lib/python3.12/site-packages/django/middleware/common.py", line 48, in process_request
    host = request.get_host()
           ^^^^^^^^^^^^^^^^^^
  File "/home/toppr/pr/env/lib/python3.12/site-packages/django/http/request.py", line 151, in get_host
    raise DisallowedHost(msg)
django.core.exceptions.DisallowedHost: Invalid HTTP_HOST header: '89-104-68-164.cloudvps.regruhosting.ru'. You may need to add '89-104-68-164.cloudvps.regruhosting.ru' to ALLOWED_HOSTS.
Bad Request: /
Invalid HTTP_HOST header: '89-104-68-164.cloudvps.regruhosting.ru'. You may need to add '89-104-68-164.cloudvps.regruhosting.ru' to ALLOWED_HOSTS.
Traceback (most recent call last):
  File "/home/toppr/pr/env/lib/python3.12/site-packages/django/core/handlers/exception.py", line 55, in inner
    response = get_response(request)
               ^^^^^^^^^^^^^^^^^^^^^
  File "/home/toppr/pr/env/lib/python3.12/site-packages/django/utils/deprecation.py", line 128, in __call__
    response = self.process_request(request)
               ^^^^^^^^^^^^^^^^^^^^^^^^^^^^^
  File "/home/toppr/pr/env/lib/python3.12/site-packages/django/middleware/common.py", line 48, in process_request
    host = request.get_host()
           ^^^^^^^^^^^^^^^^^^
  File "/home/toppr/pr/env/lib/python3.12/site-packages/django/http/request.py", line 151, in get_host
    raise DisallowedHost(msg)
django.core.exceptions.DisallowedHost: Invalid HTTP_HOST header: '89-104-68-164.cloudvps.regruhosting.ru'. You may need to add '89-104-68-164.cloudvps.regruhosting.ru' to ALLOWED_HOSTS.
Bad Request: /default.jhtml
Invalid HTTP_HOST header: '89-104-68-164.cloudvps.regruhosting.ru'. You may need to add '89-104-68-164.cloudvps.regruhosting.ru' to ALLOWED_HOSTS.
Traceback (most recent call last):
  File "/home/toppr/pr/env/lib/python3.12/site-packages/django/core/handlers/exception.py", line 55, in inner
    response = get_response(request)
               ^^^^^^^^^^^^^^^^^^^^^
  File "/home/toppr/pr/env/lib/python3.12/site-packages/django/utils/deprecation.py", line 128, in __call__
    response = self.process_request(request)
               ^^^^^^^^^^^^^^^^^^^^^^^^^^^^^
  File "/home/toppr/pr/env/lib/python3.12/site-packages/django/middleware/common.py", line 48, in process_request
    host = request.get_host()
           ^^^^^^^^^^^^^^^^^^
  File "/home/toppr/pr/env/lib/python3.12/site-packages/django/http/request.py", line 151, in get_host
    raise DisallowedHost(msg)
django.core.exceptions.DisallowedHost: Invalid HTTP_HOST header: '89-104-68-164.cloudvps.regruhosting.ru'. You may need to add '89-104-68-164.cloudvps.regruhosting.ru' to ALLOWED_HOSTS.
Bad Request: /
Invalid HTTP_HOST header: '89-104-68-164.cloudvps.regruhosting.ru'. You may need to add '89-104-68-164.cloudvps.regruhosting.ru' to ALLOWED_HOSTS.
Traceback (most recent call last):
  File "/home/toppr/pr/env/lib/python3.12/site-packages/django/core/handlers/exception.py", line 55, in inner
    response = get_response(request)
               ^^^^^^^^^^^^^^^^^^^^^
  File "/home/toppr/pr/env/lib/python3.12/site-packages/django/utils/deprecation.py", line 128, in __call__
    response = self.process_request(request)
               ^^^^^^^^^^^^^^^^^^^^^^^^^^^^^
  File "/home/toppr/pr/env/lib/python3.12/site-packages/django/middleware/common.py", line 48, in process_request
    host = request.get_host()
           ^^^^^^^^^^^^^^^^^^
  File "/home/toppr/pr/env/lib/python3.12/site-packages/django/http/request.py", line 151, in get_host
    raise DisallowedHost(msg)
django.core.exceptions.DisallowedHost: Invalid HTTP_HOST header: '89-104-68-164.cloudvps.regruhosting.ru'. You may need to add '89-104-68-164.cloudvps.regruhosting.ru' to ALLOWED_HOSTS.
Bad Request: /
Invalid HTTP_HOST header: '89-104-68-164.cloudvps.regruhosting.ru'. You may need to add '89-104-68-164.cloudvps.regruhosting.ru' to ALLOWED_HOSTS.
Traceback (most recent call last):
  File "/home/toppr/pr/env/lib/python3.12/site-packages/django/core/handlers/exception.py", line 55, in inner
    response = get_response(request)
               ^^^^^^^^^^^^^^^^^^^^^
  File "/home/toppr/pr/env/lib/python3.12/site-packages/django/utils/deprecation.py", line 128, in __call__
    response = self.process_request(request)
               ^^^^^^^^^^^^^^^^^^^^^^^^^^^^^
  File "/home/toppr/pr/env/lib/python3.12/site-packages/django/middleware/common.py", line 48, in process_request
    host = request.get_host()
           ^^^^^^^^^^^^^^^^^^
  File "/home/toppr/pr/env/lib/python3.12/site-packages/django/http/request.py", line 151, in get_host
    raise DisallowedHost(msg)
django.core.exceptions.DisallowedHost: Invalid HTTP_HOST header: '89-104-68-164.cloudvps.regruhosting.ru'. You may need to add '89-104-68-164.cloudvps.regruhosting.ru' to ALLOWED_HOSTS.
Bad Request: /.git/HEAD
Invalid HTTP_HOST header: '89-104-68-164.cloudvps.regruhosting.ru'. You may need to add '89-104-68-164.cloudvps.regruhosting.ru' to ALLOWED_HOSTS.
Traceback (most recent call last):
  File "/home/toppr/pr/env/lib/python3.12/site-packages/django/core/handlers/exception.py", line 55, in inner
    response = get_response(request)
               ^^^^^^^^^^^^^^^^^^^^^
  File "/home/toppr/pr/env/lib/python3.12/site-packages/django/utils/deprecation.py", line 128, in __call__
    response = self.process_request(request)
               ^^^^^^^^^^^^^^^^^^^^^^^^^^^^^
  File "/home/toppr/pr/env/lib/python3.12/site-packages/django/middleware/common.py", line 48, in process_request
    host = request.get_host()
           ^^^^^^^^^^^^^^^^^^
  File "/home/toppr/pr/env/lib/python3.12/site-packages/django/http/request.py", line 151, in get_host
    raise DisallowedHost(msg)
django.core.exceptions.DisallowedHost: Invalid HTTP_HOST header: '89-104-68-164.cloudvps.regruhosting.ru'. You may need to add '89-104-68-164.cloudvps.regruhosting.ru' to ALLOWED_HOSTS.
Bad Request: /nmaplowercheck1738944923
Invalid HTTP_HOST header: '89-104-68-164.cloudvps.regruhosting.ru'. You may need to add '89-104-68-164.cloudvps.regruhosting.ru' to ALLOWED_HOSTS.
Traceback (most recent call last):
  File "/home/toppr/pr/env/lib/python3.12/site-packages/django/core/handlers/exception.py", line 55, in inner
    response = get_response(request)
               ^^^^^^^^^^^^^^^^^^^^^
  File "/home/toppr/pr/env/lib/python3.12/site-packages/django/utils/deprecation.py", line 128, in __call__
    response = self.process_request(request)
               ^^^^^^^^^^^^^^^^^^^^^^^^^^^^^
  File "/home/toppr/pr/env/lib/python3.12/site-packages/django/middleware/common.py", line 48, in process_request
    host = request.get_host()
           ^^^^^^^^^^^^^^^^^^
  File "/home/toppr/pr/env/lib/python3.12/site-packages/django/http/request.py", line 151, in get_host
    raise DisallowedHost(msg)
django.core.exceptions.DisallowedHost: Invalid HTTP_HOST header: '89-104-68-164.cloudvps.regruhosting.ru'. You may need to add '89-104-68-164.cloudvps.regruhosting.ru' to ALLOWED_HOSTS.
Bad Request: /
Invalid HTTP_HOST header: '89-104-68-164.cloudvps.regruhosting.ru'. You may need to add '89-104-68-164.cloudvps.regruhosting.ru' to ALLOWED_HOSTS.
Traceback (most recent call last):
  File "/home/toppr/pr/env/lib/python3.12/site-packages/django/core/handlers/exception.py", line 55, in inner
    response = get_response(request)
               ^^^^^^^^^^^^^^^^^^^^^
  File "/home/toppr/pr/env/lib/python3.12/site-packages/django/utils/deprecation.py", line 128, in __call__
    response = self.process_request(request)
               ^^^^^^^^^^^^^^^^^^^^^^^^^^^^^
  File "/home/toppr/pr/env/lib/python3.12/site-packages/django/middleware/common.py", line 48, in process_request
    host = request.get_host()
           ^^^^^^^^^^^^^^^^^^
  File "/home/toppr/pr/env/lib/python3.12/site-packages/django/http/request.py", line 151, in get_host
    raise DisallowedHost(msg)
django.core.exceptions.DisallowedHost: Invalid HTTP_HOST header: '89-104-68-164.cloudvps.regruhosting.ru'. You may need to add '89-104-68-164.cloudvps.regruhosting.ru' to ALLOWED_HOSTS.
Bad Request: /r51201,/desktop,/utility/flag.js
Invalid HTTP_HOST header: '89-104-68-164.cloudvps.regruhosting.ru'. You may need to add '89-104-68-164.cloudvps.regruhosting.ru' to ALLOWED_HOSTS.
Traceback (most recent call last):
  File "/home/toppr/pr/env/lib/python3.12/site-packages/django/core/handlers/exception.py", line 55, in inner
    response = get_response(request)
               ^^^^^^^^^^^^^^^^^^^^^
  File "/home/toppr/pr/env/lib/python3.12/site-packages/django/utils/deprecation.py", line 128, in __call__
    response = self.process_request(request)
               ^^^^^^^^^^^^^^^^^^^^^^^^^^^^^
  File "/home/toppr/pr/env/lib/python3.12/site-packages/django/middleware/common.py", line 48, in process_request
    host = request.get_host()
           ^^^^^^^^^^^^^^^^^^
  File "/home/toppr/pr/env/lib/python3.12/site-packages/django/http/request.py", line 151, in get_host
    raise DisallowedHost(msg)
django.core.exceptions.DisallowedHost: Invalid HTTP_HOST header: '89-104-68-164.cloudvps.regruhosting.ru'. You may need to add '89-104-68-164.cloudvps.regruhosting.ru' to ALLOWED_HOSTS.
Bad Request: /main.cfm
Invalid HTTP_HOST header: '89-104-68-164.cloudvps.regruhosting.ru'. You may need to add '89-104-68-164.cloudvps.regruhosting.ru' to ALLOWED_HOSTS.
Traceback (most recent call last):
  File "/home/toppr/pr/env/lib/python3.12/site-packages/django/core/handlers/exception.py", line 55, in inner
    response = get_response(request)
               ^^^^^^^^^^^^^^^^^^^^^
  File "/home/toppr/pr/env/lib/python3.12/site-packages/django/utils/deprecation.py", line 128, in __call__
    response = self.process_request(request)
               ^^^^^^^^^^^^^^^^^^^^^^^^^^^^^
  File "/home/toppr/pr/env/lib/python3.12/site-packages/django/middleware/common.py", line 48, in process_request
    host = request.get_host()
           ^^^^^^^^^^^^^^^^^^
  File "/home/toppr/pr/env/lib/python3.12/site-packages/django/http/request.py", line 151, in get_host
    raise DisallowedHost(msg)
django.core.exceptions.DisallowedHost: Invalid HTTP_HOST header: '89-104-68-164.cloudvps.regruhosting.ru'. You may need to add '89-104-68-164.cloudvps.regruhosting.ru' to ALLOWED_HOSTS.
Bad Request: /owa/
Invalid HTTP_HOST header: '89-104-68-164.cloudvps.regruhosting.ru'. You may need to add '89-104-68-164.cloudvps.regruhosting.ru' to ALLOWED_HOSTS.
Traceback (most recent call last):
  File "/home/toppr/pr/env/lib/python3.12/site-packages/django/core/handlers/exception.py", line 55, in inner
    response = get_response(request)
               ^^^^^^^^^^^^^^^^^^^^^
  File "/home/toppr/pr/env/lib/python3.12/site-packages/django/utils/deprecation.py", line 128, in __call__
    response = self.process_request(request)
               ^^^^^^^^^^^^^^^^^^^^^^^^^^^^^
  File "/home/toppr/pr/env/lib/python3.12/site-packages/django/middleware/common.py", line 48, in process_request
    host = request.get_host()
           ^^^^^^^^^^^^^^^^^^
  File "/home/toppr/pr/env/lib/python3.12/site-packages/django/http/request.py", line 151, in get_host
    raise DisallowedHost(msg)
django.core.exceptions.DisallowedHost: Invalid HTTP_HOST header: '89-104-68-164.cloudvps.regruhosting.ru'. You may need to add '89-104-68-164.cloudvps.regruhosting.ru' to ALLOWED_HOSTS.
Bad Request: /scripts/WPnBr.dll
Invalid HTTP_HOST header: '89-104-68-164.cloudvps.regruhosting.ru'. You may need to add '89-104-68-164.cloudvps.regruhosting.ru' to ALLOWED_HOSTS.
Traceback (most recent call last):
  File "/home/toppr/pr/env/lib/python3.12/site-packages/django/core/handlers/exception.py", line 55, in inner
    response = get_response(request)
               ^^^^^^^^^^^^^^^^^^^^^
  File "/home/toppr/pr/env/lib/python3.12/site-packages/django/utils/deprecation.py", line 128, in __call__
    response = self.process_request(request)
               ^^^^^^^^^^^^^^^^^^^^^^^^^^^^^
  File "/home/toppr/pr/env/lib/python3.12/site-packages/django/middleware/common.py", line 48, in process_request
    host = request.get_host()
           ^^^^^^^^^^^^^^^^^^
  File "/home/toppr/pr/env/lib/python3.12/site-packages/django/http/request.py", line 151, in get_host
    raise DisallowedHost(msg)
django.core.exceptions.DisallowedHost: Invalid HTTP_HOST header: '89-104-68-164.cloudvps.regruhosting.ru'. You may need to add '89-104-68-164.cloudvps.regruhosting.ru' to ALLOWED_HOSTS.
Bad Request: /Portal/Portal.mwsl
Invalid HTTP_HOST header: '89-104-68-164.cloudvps.regruhosting.ru'. You may need to add '89-104-68-164.cloudvps.regruhosting.ru' to ALLOWED_HOSTS.
Traceback (most recent call last):
  File "/home/toppr/pr/env/lib/python3.12/site-packages/django/core/handlers/exception.py", line 55, in inner
    response = get_response(request)
               ^^^^^^^^^^^^^^^^^^^^^
  File "/home/toppr/pr/env/lib/python3.12/site-packages/django/utils/deprecation.py", line 128, in __call__
    response = self.process_request(request)
               ^^^^^^^^^^^^^^^^^^^^^^^^^^^^^
  File "/home/toppr/pr/env/lib/python3.12/site-packages/django/middleware/common.py", line 48, in process_request
    host = request.get_host()
           ^^^^^^^^^^^^^^^^^^
  File "/home/toppr/pr/env/lib/python3.12/site-packages/django/http/request.py", line 151, in get_host
    raise DisallowedHost(msg)
django.core.exceptions.DisallowedHost: Invalid HTTP_HOST header: '89-104-68-164.cloudvps.regruhosting.ru'. You may need to add '89-104-68-164.cloudvps.regruhosting.ru' to ALLOWED_HOSTS.
Bad Request: /
Invalid HTTP_HOST header: '89-104-68-164.cloudvps.regruhosting.ru'. You may need to add '89-104-68-164.cloudvps.regruhosting.ru' to ALLOWED_HOSTS.
Traceback (most recent call last):
  File "/home/toppr/pr/env/lib/python3.12/site-packages/django/core/handlers/exception.py", line 55, in inner
    response = get_response(request)
               ^^^^^^^^^^^^^^^^^^^^^
  File "/home/toppr/pr/env/lib/python3.12/site-packages/django/utils/deprecation.py", line 128, in __call__
    response = self.process_request(request)
               ^^^^^^^^^^^^^^^^^^^^^^^^^^^^^
  File "/home/toppr/pr/env/lib/python3.12/site-packages/django/middleware/common.py", line 48, in process_request
    host = request.get_host()
           ^^^^^^^^^^^^^^^^^^
  File "/home/toppr/pr/env/lib/python3.12/site-packages/django/http/request.py", line 151, in get_host
    raise DisallowedHost(msg)
django.core.exceptions.DisallowedHost: Invalid HTTP_HOST header: '89-104-68-164.cloudvps.regruhosting.ru'. You may need to add '89-104-68-164.cloudvps.regruhosting.ru' to ALLOWED_HOSTS.
Bad Request: /main.html
Invalid HTTP_HOST header: '89-104-68-164.cloudvps.regruhosting.ru'. You may need to add '89-104-68-164.cloudvps.regruhosting.ru' to ALLOWED_HOSTS.
Traceback (most recent call last):
  File "/home/toppr/pr/env/lib/python3.12/site-packages/django/core/handlers/exception.py", line 55, in inner
    response = get_response(request)
               ^^^^^^^^^^^^^^^^^^^^^
  File "/home/toppr/pr/env/lib/python3.12/site-packages/django/utils/deprecation.py", line 128, in __call__
    response = self.process_request(request)
               ^^^^^^^^^^^^^^^^^^^^^^^^^^^^^
  File "/home/toppr/pr/env/lib/python3.12/site-packages/django/middleware/common.py", line 48, in process_request
    host = request.get_host()
           ^^^^^^^^^^^^^^^^^^
  File "/home/toppr/pr/env/lib/python3.12/site-packages/django/http/request.py", line 151, in get_host
    raise DisallowedHost(msg)
django.core.exceptions.DisallowedHost: Invalid HTTP_HOST header: '89-104-68-164.cloudvps.regruhosting.ru'. You may need to add '89-104-68-164.cloudvps.regruhosting.ru' to ALLOWED_HOSTS.
Bad Request: /r51287,/desktop,/utility/flag.js
Invalid HTTP_HOST header: '89-104-68-164.cloudvps.regruhosting.ru'. You may need to add '89-104-68-164.cloudvps.regruhosting.ru' to ALLOWED_HOSTS.
Traceback (most recent call last):
  File "/home/toppr/pr/env/lib/python3.12/site-packages/django/core/handlers/exception.py", line 55, in inner
    response = get_response(request)
               ^^^^^^^^^^^^^^^^^^^^^
  File "/home/toppr/pr/env/lib/python3.12/site-packages/django/utils/deprecation.py", line 128, in __call__
    response = self.process_request(request)
               ^^^^^^^^^^^^^^^^^^^^^^^^^^^^^
  File "/home/toppr/pr/env/lib/python3.12/site-packages/django/middleware/common.py", line 48, in process_request
    host = request.get_host()
           ^^^^^^^^^^^^^^^^^^
  File "/home/toppr/pr/env/lib/python3.12/site-packages/django/http/request.py", line 151, in get_host
    raise DisallowedHost(msg)
django.core.exceptions.DisallowedHost: Invalid HTTP_HOST header: '89-104-68-164.cloudvps.regruhosting.ru'. You may need to add '89-104-68-164.cloudvps.regruhosting.ru' to ALLOWED_HOSTS.
Bad Request: /owa/
Invalid HTTP_HOST header: '89-104-68-164.cloudvps.regruhosting.ru'. You may need to add '89-104-68-164.cloudvps.regruhosting.ru' to ALLOWED_HOSTS.
Traceback (most recent call last):
  File "/home/toppr/pr/env/lib/python3.12/site-packages/django/core/handlers/exception.py", line 55, in inner
    response = get_response(request)
               ^^^^^^^^^^^^^^^^^^^^^
  File "/home/toppr/pr/env/lib/python3.12/site-packages/django/utils/deprecation.py", line 128, in __call__
    response = self.process_request(request)
               ^^^^^^^^^^^^^^^^^^^^^^^^^^^^^
  File "/home/toppr/pr/env/lib/python3.12/site-packages/django/middleware/common.py", line 48, in process_request
    host = request.get_host()
           ^^^^^^^^^^^^^^^^^^
  File "/home/toppr/pr/env/lib/python3.12/site-packages/django/http/request.py", line 151, in get_host
    raise DisallowedHost(msg)
django.core.exceptions.DisallowedHost: Invalid HTTP_HOST header: '89-104-68-164.cloudvps.regruhosting.ru'. You may need to add '89-104-68-164.cloudvps.regruhosting.ru' to ALLOWED_HOSTS.
Bad Request: /pools/default/buckets
Invalid HTTP_HOST header: '89-104-68-164.cloudvps.regruhosting.ru'. You may need to add '89-104-68-164.cloudvps.regruhosting.ru' to ALLOWED_HOSTS.
Traceback (most recent call last):
  File "/home/toppr/pr/env/lib/python3.12/site-packages/django/core/handlers/exception.py", line 55, in inner
    response = get_response(request)
               ^^^^^^^^^^^^^^^^^^^^^
  File "/home/toppr/pr/env/lib/python3.12/site-packages/django/utils/deprecation.py", line 128, in __call__
    response = self.process_request(request)
               ^^^^^^^^^^^^^^^^^^^^^^^^^^^^^
  File "/home/toppr/pr/env/lib/python3.12/site-packages/django/middleware/common.py", line 48, in process_request
    host = request.get_host()
           ^^^^^^^^^^^^^^^^^^
  File "/home/toppr/pr/env/lib/python3.12/site-packages/django/http/request.py", line 151, in get_host
    raise DisallowedHost(msg)
django.core.exceptions.DisallowedHost: Invalid HTTP_HOST header: '89-104-68-164.cloudvps.regruhosting.ru'. You may need to add '89-104-68-164.cloudvps.regruhosting.ru' to ALLOWED_HOSTS.
Bad Request: /HNAP1
Invalid HTTP_HOST header: '89-104-68-164.cloudvps.regruhosting.ru'. You may need to add '89-104-68-164.cloudvps.regruhosting.ru' to ALLOWED_HOSTS.
Traceback (most recent call last):
  File "/home/toppr/pr/env/lib/python3.12/site-packages/django/core/handlers/exception.py", line 55, in inner
    response = get_response(request)
               ^^^^^^^^^^^^^^^^^^^^^
  File "/home/toppr/pr/env/lib/python3.12/site-packages/django/utils/deprecation.py", line 128, in __call__
    response = self.process_request(request)
               ^^^^^^^^^^^^^^^^^^^^^^^^^^^^^
  File "/home/toppr/pr/env/lib/python3.12/site-packages/django/middleware/common.py", line 48, in process_request
    host = request.get_host()
           ^^^^^^^^^^^^^^^^^^
  File "/home/toppr/pr/env/lib/python3.12/site-packages/django/http/request.py", line 151, in get_host
    raise DisallowedHost(msg)
django.core.exceptions.DisallowedHost: Invalid HTTP_HOST header: '89-104-68-164.cloudvps.regruhosting.ru'. You may need to add '89-104-68-164.cloudvps.regruhosting.ru' to ALLOWED_HOSTS.
Bad Request: /docs/cplugError.html/
Invalid HTTP_HOST header: '89-104-68-164.cloudvps.regruhosting.ru'. You may need to add '89-104-68-164.cloudvps.regruhosting.ru' to ALLOWED_HOSTS.
Traceback (most recent call last):
  File "/home/toppr/pr/env/lib/python3.12/site-packages/django/core/handlers/exception.py", line 55, in inner
    response = get_response(request)
               ^^^^^^^^^^^^^^^^^^^^^
  File "/home/toppr/pr/env/lib/python3.12/site-packages/django/utils/deprecation.py", line 128, in __call__
    response = self.process_request(request)
               ^^^^^^^^^^^^^^^^^^^^^^^^^^^^^
  File "/home/toppr/pr/env/lib/python3.12/site-packages/django/middleware/common.py", line 48, in process_request
    host = request.get_host()
           ^^^^^^^^^^^^^^^^^^
  File "/home/toppr/pr/env/lib/python3.12/site-packages/django/http/request.py", line 151, in get_host
    raise DisallowedHost(msg)
django.core.exceptions.DisallowedHost: Invalid HTTP_HOST header: '89-104-68-164.cloudvps.regruhosting.ru'. You may need to add '89-104-68-164.cloudvps.regruhosting.ru' to ALLOWED_HOSTS.
Bad Request: /localstart.shtml
Invalid HTTP_HOST header: '89-104-68-164.cloudvps.regruhosting.ru'. You may need to add '89-104-68-164.cloudvps.regruhosting.ru' to ALLOWED_HOSTS.
Traceback (most recent call last):
  File "/home/toppr/pr/env/lib/python3.12/site-packages/django/core/handlers/exception.py", line 55, in inner
    response = get_response(request)
               ^^^^^^^^^^^^^^^^^^^^^
  File "/home/toppr/pr/env/lib/python3.12/site-packages/django/utils/deprecation.py", line 128, in __call__
    response = self.process_request(request)
               ^^^^^^^^^^^^^^^^^^^^^^^^^^^^^
  File "/home/toppr/pr/env/lib/python3.12/site-packages/django/middleware/common.py", line 48, in process_request
    host = request.get_host()
           ^^^^^^^^^^^^^^^^^^
  File "/home/toppr/pr/env/lib/python3.12/site-packages/django/http/request.py", line 151, in get_host
    raise DisallowedHost(msg)
django.core.exceptions.DisallowedHost: Invalid HTTP_HOST header: '89-104-68-164.cloudvps.regruhosting.ru'. You may need to add '89-104-68-164.cloudvps.regruhosting.ru' to ALLOWED_HOSTS.
Bad Request: /webui
Invalid HTTP_HOST header: '89-104-68-164.cloudvps.regruhosting.ru'. You may need to add '89-104-68-164.cloudvps.regruhosting.ru' to ALLOWED_HOSTS.
Traceback (most recent call last):
  File "/home/toppr/pr/env/lib/python3.12/site-packages/django/core/handlers/exception.py", line 55, in inner
    response = get_response(request)
               ^^^^^^^^^^^^^^^^^^^^^
  File "/home/toppr/pr/env/lib/python3.12/site-packages/django/utils/deprecation.py", line 128, in __call__
    response = self.process_request(request)
               ^^^^^^^^^^^^^^^^^^^^^^^^^^^^^
  File "/home/toppr/pr/env/lib/python3.12/site-packages/django/middleware/common.py", line 48, in process_request
    host = request.get_host()
           ^^^^^^^^^^^^^^^^^^
  File "/home/toppr/pr/env/lib/python3.12/site-packages/django/http/request.py", line 151, in get_host
    raise DisallowedHost(msg)
django.core.exceptions.DisallowedHost: Invalid HTTP_HOST header: '89-104-68-164.cloudvps.regruhosting.ru'. You may need to add '89-104-68-164.cloudvps.regruhosting.ru' to ALLOWED_HOSTS.
Bad Request: /pools
Invalid HTTP_HOST header: '89-104-68-164.cloudvps.regruhosting.ru'. You may need to add '89-104-68-164.cloudvps.regruhosting.ru' to ALLOWED_HOSTS.
Traceback (most recent call last):
  File "/home/toppr/pr/env/lib/python3.12/site-packages/django/core/handlers/exception.py", line 55, in inner
    response = get_response(request)
               ^^^^^^^^^^^^^^^^^^^^^
  File "/home/toppr/pr/env/lib/python3.12/site-packages/django/utils/deprecation.py", line 128, in __call__
    response = self.process_request(request)
               ^^^^^^^^^^^^^^^^^^^^^^^^^^^^^
  File "/home/toppr/pr/env/lib/python3.12/site-packages/django/middleware/common.py", line 48, in process_request
    host = request.get_host()
           ^^^^^^^^^^^^^^^^^^
  File "/home/toppr/pr/env/lib/python3.12/site-packages/django/http/request.py", line 151, in get_host
    raise DisallowedHost(msg)
django.core.exceptions.DisallowedHost: Invalid HTTP_HOST header: '89-104-68-164.cloudvps.regruhosting.ru'. You may need to add '89-104-68-164.cloudvps.regruhosting.ru' to ALLOWED_HOSTS.
Bad Request: /
Invalid HTTP_HOST header: '89-104-68-164.cloudvps.regruhosting.ru'. You may need to add '89-104-68-164.cloudvps.regruhosting.ru' to ALLOWED_HOSTS.
Traceback (most recent call last):
  File "/home/toppr/pr/env/lib/python3.12/site-packages/django/core/handlers/exception.py", line 55, in inner
    response = get_response(request)
               ^^^^^^^^^^^^^^^^^^^^^
  File "/home/toppr/pr/env/lib/python3.12/site-packages/django/utils/deprecation.py", line 128, in __call__
    response = self.process_request(request)
               ^^^^^^^^^^^^^^^^^^^^^^^^^^^^^
  File "/home/toppr/pr/env/lib/python3.12/site-packages/django/middleware/common.py", line 48, in process_request
    host = request.get_host()
           ^^^^^^^^^^^^^^^^^^
  File "/home/toppr/pr/env/lib/python3.12/site-packages/django/http/request.py", line 151, in get_host
    raise DisallowedHost(msg)
django.core.exceptions.DisallowedHost: Invalid HTTP_HOST header: '89-104-68-164.cloudvps.regruhosting.ru'. You may need to add '89-104-68-164.cloudvps.regruhosting.ru' to ALLOWED_HOSTS.
Bad Request: /indice.php
Invalid HTTP_HOST header: '89-104-68-164.cloudvps.regruhosting.ru'. You may need to add '89-104-68-164.cloudvps.regruhosting.ru' to ALLOWED_HOSTS.
Traceback (most recent call last):
  File "/home/toppr/pr/env/lib/python3.12/site-packages/django/core/handlers/exception.py", line 55, in inner
    response = get_response(request)
               ^^^^^^^^^^^^^^^^^^^^^
  File "/home/toppr/pr/env/lib/python3.12/site-packages/django/utils/deprecation.py", line 128, in __call__
    response = self.process_request(request)
               ^^^^^^^^^^^^^^^^^^^^^^^^^^^^^
  File "/home/toppr/pr/env/lib/python3.12/site-packages/django/middleware/common.py", line 48, in process_request
    host = request.get_host()
           ^^^^^^^^^^^^^^^^^^
  File "/home/toppr/pr/env/lib/python3.12/site-packages/django/http/request.py", line 151, in get_host
    raise DisallowedHost(msg)
django.core.exceptions.DisallowedHost: Invalid HTTP_HOST header: '89-104-68-164.cloudvps.regruhosting.ru'. You may need to add '89-104-68-164.cloudvps.regruhosting.ru' to ALLOWED_HOSTS.
Bad Request: /user
Invalid HTTP_HOST header: '89-104-68-164.cloudvps.regruhosting.ru'. You may need to add '89-104-68-164.cloudvps.regruhosting.ru' to ALLOWED_HOSTS.
Traceback (most recent call last):
  File "/home/toppr/pr/env/lib/python3.12/site-packages/django/core/handlers/exception.py", line 55, in inner
    response = get_response(request)
               ^^^^^^^^^^^^^^^^^^^^^
  File "/home/toppr/pr/env/lib/python3.12/site-packages/django/utils/deprecation.py", line 128, in __call__
    response = self.process_request(request)
               ^^^^^^^^^^^^^^^^^^^^^^^^^^^^^
  File "/home/toppr/pr/env/lib/python3.12/site-packages/django/middleware/common.py", line 48, in process_request
    host = request.get_host()
           ^^^^^^^^^^^^^^^^^^
  File "/home/toppr/pr/env/lib/python3.12/site-packages/django/http/request.py", line 151, in get_host
    raise DisallowedHost(msg)
django.core.exceptions.DisallowedHost: Invalid HTTP_HOST header: '89-104-68-164.cloudvps.regruhosting.ru'. You may need to add '89-104-68-164.cloudvps.regruhosting.ru' to ALLOWED_HOSTS.
Bad Request: /default.html
Invalid HTTP_HOST header: '89-104-68-164.cloudvps.regruhosting.ru'. You may need to add '89-104-68-164.cloudvps.regruhosting.ru' to ALLOWED_HOSTS.
Traceback (most recent call last):
  File "/home/toppr/pr/env/lib/python3.12/site-packages/django/core/handlers/exception.py", line 55, in inner
    response = get_response(request)
               ^^^^^^^^^^^^^^^^^^^^^
  File "/home/toppr/pr/env/lib/python3.12/site-packages/django/utils/deprecation.py", line 128, in __call__
    response = self.process_request(request)
               ^^^^^^^^^^^^^^^^^^^^^^^^^^^^^
  File "/home/toppr/pr/env/lib/python3.12/site-packages/django/middleware/common.py", line 48, in process_request
    host = request.get_host()
           ^^^^^^^^^^^^^^^^^^
  File "/home/toppr/pr/env/lib/python3.12/site-packages/django/http/request.py", line 151, in get_host
    raise DisallowedHost(msg)
django.core.exceptions.DisallowedHost: Invalid HTTP_HOST header: '89-104-68-164.cloudvps.regruhosting.ru'. You may need to add '89-104-68-164.cloudvps.regruhosting.ru' to ALLOWED_HOSTS.
Bad Request: /user
Invalid HTTP_HOST header: '89-104-68-164.cloudvps.regruhosting.ru'. You may need to add '89-104-68-164.cloudvps.regruhosting.ru' to ALLOWED_HOSTS.
Traceback (most recent call last):
  File "/home/toppr/pr/env/lib/python3.12/site-packages/django/core/handlers/exception.py", line 55, in inner
    response = get_response(request)
               ^^^^^^^^^^^^^^^^^^^^^
  File "/home/toppr/pr/env/lib/python3.12/site-packages/django/utils/deprecation.py", line 128, in __call__
    response = self.process_request(request)
               ^^^^^^^^^^^^^^^^^^^^^^^^^^^^^
  File "/home/toppr/pr/env/lib/python3.12/site-packages/django/middleware/common.py", line 48, in process_request
    host = request.get_host()
           ^^^^^^^^^^^^^^^^^^
  File "/home/toppr/pr/env/lib/python3.12/site-packages/django/http/request.py", line 151, in get_host
    raise DisallowedHost(msg)
django.core.exceptions.DisallowedHost: Invalid HTTP_HOST header: '89-104-68-164.cloudvps.regruhosting.ru'. You may need to add '89-104-68-164.cloudvps.regruhosting.ru' to ALLOWED_HOSTS.
Bad Request: /index.asp
Invalid HTTP_HOST header: '89-104-68-164.cloudvps.regruhosting.ru'. You may need to add '89-104-68-164.cloudvps.regruhosting.ru' to ALLOWED_HOSTS.
Traceback (most recent call last):
  File "/home/toppr/pr/env/lib/python3.12/site-packages/django/core/handlers/exception.py", line 55, in inner
    response = get_response(request)
               ^^^^^^^^^^^^^^^^^^^^^
  File "/home/toppr/pr/env/lib/python3.12/site-packages/django/utils/deprecation.py", line 128, in __call__
    response = self.process_request(request)
               ^^^^^^^^^^^^^^^^^^^^^^^^^^^^^
  File "/home/toppr/pr/env/lib/python3.12/site-packages/django/middleware/common.py", line 48, in process_request
    host = request.get_host()
           ^^^^^^^^^^^^^^^^^^
  File "/home/toppr/pr/env/lib/python3.12/site-packages/django/http/request.py", line 151, in get_host
    raise DisallowedHost(msg)
django.core.exceptions.DisallowedHost: Invalid HTTP_HOST header: '89-104-68-164.cloudvps.regruhosting.ru'. You may need to add '89-104-68-164.cloudvps.regruhosting.ru' to ALLOWED_HOSTS.
Bad Request: /human.aspx
Invalid HTTP_HOST header: '89-104-68-164.cloudvps.regruhosting.ru'. You may need to add '89-104-68-164.cloudvps.regruhosting.ru' to ALLOWED_HOSTS.
Traceback (most recent call last):
  File "/home/toppr/pr/env/lib/python3.12/site-packages/django/core/handlers/exception.py", line 55, in inner
    response = get_response(request)
               ^^^^^^^^^^^^^^^^^^^^^
  File "/home/toppr/pr/env/lib/python3.12/site-packages/django/utils/deprecation.py", line 128, in __call__
    response = self.process_request(request)
               ^^^^^^^^^^^^^^^^^^^^^^^^^^^^^
  File "/home/toppr/pr/env/lib/python3.12/site-packages/django/middleware/common.py", line 48, in process_request
    host = request.get_host()
           ^^^^^^^^^^^^^^^^^^
  File "/home/toppr/pr/env/lib/python3.12/site-packages/django/http/request.py", line 151, in get_host
    raise DisallowedHost(msg)
django.core.exceptions.DisallowedHost: Invalid HTTP_HOST header: '89-104-68-164.cloudvps.regruhosting.ru'. You may need to add '89-104-68-164.cloudvps.regruhosting.ru' to ALLOWED_HOSTS.
Bad Request: /start.shtml
Invalid HTTP_HOST header: '89-104-68-164.cloudvps.regruhosting.ru'. You may need to add '89-104-68-164.cloudvps.regruhosting.ru' to ALLOWED_HOSTS.
Traceback (most recent call last):
  File "/home/toppr/pr/env/lib/python3.12/site-packages/django/core/handlers/exception.py", line 55, in inner
    response = get_response(request)
               ^^^^^^^^^^^^^^^^^^^^^
  File "/home/toppr/pr/env/lib/python3.12/site-packages/django/utils/deprecation.py", line 128, in __call__
    response = self.process_request(request)
               ^^^^^^^^^^^^^^^^^^^^^^^^^^^^^
  File "/home/toppr/pr/env/lib/python3.12/site-packages/django/middleware/common.py", line 48, in process_request
    host = request.get_host()
           ^^^^^^^^^^^^^^^^^^
  File "/home/toppr/pr/env/lib/python3.12/site-packages/django/http/request.py", line 151, in get_host
    raise DisallowedHost(msg)
django.core.exceptions.DisallowedHost: Invalid HTTP_HOST header: '89-104-68-164.cloudvps.regruhosting.ru'. You may need to add '89-104-68-164.cloudvps.regruhosting.ru' to ALLOWED_HOSTS.
Bad Request: /human.aspx
Invalid HTTP_HOST header: '89-104-68-164.cloudvps.regruhosting.ru'. You may need to add '89-104-68-164.cloudvps.regruhosting.ru' to ALLOWED_HOSTS.
Traceback (most recent call last):
  File "/home/toppr/pr/env/lib/python3.12/site-packages/django/core/handlers/exception.py", line 55, in inner
    response = get_response(request)
               ^^^^^^^^^^^^^^^^^^^^^
  File "/home/toppr/pr/env/lib/python3.12/site-packages/django/utils/deprecation.py", line 128, in __call__
    response = self.process_request(request)
               ^^^^^^^^^^^^^^^^^^^^^^^^^^^^^
  File "/home/toppr/pr/env/lib/python3.12/site-packages/django/middleware/common.py", line 48, in process_request
    host = request.get_host()
           ^^^^^^^^^^^^^^^^^^
  File "/home/toppr/pr/env/lib/python3.12/site-packages/django/http/request.py", line 151, in get_host
    raise DisallowedHost(msg)
django.core.exceptions.DisallowedHost: Invalid HTTP_HOST header: '89-104-68-164.cloudvps.regruhosting.ru'. You may need to add '89-104-68-164.cloudvps.regruhosting.ru' to ALLOWED_HOSTS.
Bad Request: /dana-cached/hc/HostCheckerInstaller.osx
Invalid HTTP_HOST header: '89-104-68-164.cloudvps.regruhosting.ru'. You may need to add '89-104-68-164.cloudvps.regruhosting.ru' to ALLOWED_HOSTS.
Traceback (most recent call last):
  File "/home/toppr/pr/env/lib/python3.12/site-packages/django/core/handlers/exception.py", line 55, in inner
    response = get_response(request)
               ^^^^^^^^^^^^^^^^^^^^^
  File "/home/toppr/pr/env/lib/python3.12/site-packages/django/utils/deprecation.py", line 128, in __call__
    response = self.process_request(request)
               ^^^^^^^^^^^^^^^^^^^^^^^^^^^^^
  File "/home/toppr/pr/env/lib/python3.12/site-packages/django/middleware/common.py", line 48, in process_request
    host = request.get_host()
           ^^^^^^^^^^^^^^^^^^
  File "/home/toppr/pr/env/lib/python3.12/site-packages/django/http/request.py", line 151, in get_host
    raise DisallowedHost(msg)
django.core.exceptions.DisallowedHost: Invalid HTTP_HOST header: '89-104-68-164.cloudvps.regruhosting.ru'. You may need to add '89-104-68-164.cloudvps.regruhosting.ru' to ALLOWED_HOSTS.
Bad Request: /default.php
Invalid HTTP_HOST header: '89-104-68-164.cloudvps.regruhosting.ru'. You may need to add '89-104-68-164.cloudvps.regruhosting.ru' to ALLOWED_HOSTS.
Traceback (most recent call last):
  File "/home/toppr/pr/env/lib/python3.12/site-packages/django/core/handlers/exception.py", line 55, in inner
    response = get_response(request)
               ^^^^^^^^^^^^^^^^^^^^^
  File "/home/toppr/pr/env/lib/python3.12/site-packages/django/utils/deprecation.py", line 128, in __call__
    response = self.process_request(request)
               ^^^^^^^^^^^^^^^^^^^^^^^^^^^^^
  File "/home/toppr/pr/env/lib/python3.12/site-packages/django/middleware/common.py", line 48, in process_request
    host = request.get_host()
           ^^^^^^^^^^^^^^^^^^
  File "/home/toppr/pr/env/lib/python3.12/site-packages/django/http/request.py", line 151, in get_host
    raise DisallowedHost(msg)
django.core.exceptions.DisallowedHost: Invalid HTTP_HOST header: '89-104-68-164.cloudvps.regruhosting.ru'. You may need to add '89-104-68-164.cloudvps.regruhosting.ru' to ALLOWED_HOSTS.
Bad Request: /dana-na/nc/nc_gina_ver.txt
Invalid HTTP_HOST header: '89-104-68-164.cloudvps.regruhosting.ru'. You may need to add '89-104-68-164.cloudvps.regruhosting.ru' to ALLOWED_HOSTS.
Traceback (most recent call last):
  File "/home/toppr/pr/env/lib/python3.12/site-packages/django/core/handlers/exception.py", line 55, in inner
    response = get_response(request)
               ^^^^^^^^^^^^^^^^^^^^^
  File "/home/toppr/pr/env/lib/python3.12/site-packages/django/utils/deprecation.py", line 128, in __call__
    response = self.process_request(request)
               ^^^^^^^^^^^^^^^^^^^^^^^^^^^^^
  File "/home/toppr/pr/env/lib/python3.12/site-packages/django/middleware/common.py", line 48, in process_request
    host = request.get_host()
           ^^^^^^^^^^^^^^^^^^
  File "/home/toppr/pr/env/lib/python3.12/site-packages/django/http/request.py", line 151, in get_host
    raise DisallowedHost(msg)
django.core.exceptions.DisallowedHost: Invalid HTTP_HOST header: '89-104-68-164.cloudvps.regruhosting.ru'. You may need to add '89-104-68-164.cloudvps.regruhosting.ru' to ALLOWED_HOSTS.
Bad Request: /readme.txt
Invalid HTTP_HOST header: '89-104-68-164.cloudvps.regruhosting.ru'. You may need to add '89-104-68-164.cloudvps.regruhosting.ru' to ALLOWED_HOSTS.
Traceback (most recent call last):
  File "/home/toppr/pr/env/lib/python3.12/site-packages/django/core/handlers/exception.py", line 55, in inner
    response = get_response(request)
               ^^^^^^^^^^^^^^^^^^^^^
  File "/home/toppr/pr/env/lib/python3.12/site-packages/django/utils/deprecation.py", line 128, in __call__
    response = self.process_request(request)
               ^^^^^^^^^^^^^^^^^^^^^^^^^^^^^
  File "/home/toppr/pr/env/lib/python3.12/site-packages/django/middleware/common.py", line 48, in process_request
    host = request.get_host()
           ^^^^^^^^^^^^^^^^^^
  File "/home/toppr/pr/env/lib/python3.12/site-packages/django/http/request.py", line 151, in get_host
    raise DisallowedHost(msg)
django.core.exceptions.DisallowedHost: Invalid HTTP_HOST header: '89-104-68-164.cloudvps.regruhosting.ru'. You may need to add '89-104-68-164.cloudvps.regruhosting.ru' to ALLOWED_HOSTS.
Bad Request: /+CSCOE+/logon.html
Invalid HTTP_HOST header: '89-104-68-164.cloudvps.regruhosting.ru'. You may need to add '89-104-68-164.cloudvps.regruhosting.ru' to ALLOWED_HOSTS.
Traceback (most recent call last):
  File "/home/toppr/pr/env/lib/python3.12/site-packages/django/core/handlers/exception.py", line 55, in inner
    response = get_response(request)
               ^^^^^^^^^^^^^^^^^^^^^
  File "/home/toppr/pr/env/lib/python3.12/site-packages/django/utils/deprecation.py", line 128, in __call__
    response = self.process_request(request)
               ^^^^^^^^^^^^^^^^^^^^^^^^^^^^^
  File "/home/toppr/pr/env/lib/python3.12/site-packages/django/middleware/common.py", line 48, in process_request
    host = request.get_host()
           ^^^^^^^^^^^^^^^^^^
  File "/home/toppr/pr/env/lib/python3.12/site-packages/django/http/request.py", line 151, in get_host
    raise DisallowedHost(msg)
django.core.exceptions.DisallowedHost: Invalid HTTP_HOST header: '89-104-68-164.cloudvps.regruhosting.ru'. You may need to add '89-104-68-164.cloudvps.regruhosting.ru' to ALLOWED_HOSTS.
Bad Request: /localstart.jhtml
Invalid HTTP_HOST header: '89-104-68-164.cloudvps.regruhosting.ru'. You may need to add '89-104-68-164.cloudvps.regruhosting.ru' to ALLOWED_HOSTS.
Traceback (most recent call last):
  File "/home/toppr/pr/env/lib/python3.12/site-packages/django/core/handlers/exception.py", line 55, in inner
    response = get_response(request)
               ^^^^^^^^^^^^^^^^^^^^^
  File "/home/toppr/pr/env/lib/python3.12/site-packages/django/utils/deprecation.py", line 128, in __call__
    response = self.process_request(request)
               ^^^^^^^^^^^^^^^^^^^^^^^^^^^^^
  File "/home/toppr/pr/env/lib/python3.12/site-packages/django/middleware/common.py", line 48, in process_request
    host = request.get_host()
           ^^^^^^^^^^^^^^^^^^
  File "/home/toppr/pr/env/lib/python3.12/site-packages/django/http/request.py", line 151, in get_host
    raise DisallowedHost(msg)
django.core.exceptions.DisallowedHost: Invalid HTTP_HOST header: '89-104-68-164.cloudvps.regruhosting.ru'. You may need to add '89-104-68-164.cloudvps.regruhosting.ru' to ALLOWED_HOSTS.
Bad Request: /CFIDE/componentutils/
Invalid HTTP_HOST header: '89-104-68-164.cloudvps.regruhosting.ru'. You may need to add '89-104-68-164.cloudvps.regruhosting.ru' to ALLOWED_HOSTS.
Traceback (most recent call last):
  File "/home/toppr/pr/env/lib/python3.12/site-packages/django/core/handlers/exception.py", line 55, in inner
    response = get_response(request)
               ^^^^^^^^^^^^^^^^^^^^^
  File "/home/toppr/pr/env/lib/python3.12/site-packages/django/utils/deprecation.py", line 128, in __call__
    response = self.process_request(request)
               ^^^^^^^^^^^^^^^^^^^^^^^^^^^^^
  File "/home/toppr/pr/env/lib/python3.12/site-packages/django/middleware/common.py", line 48, in process_request
    host = request.get_host()
           ^^^^^^^^^^^^^^^^^^
  File "/home/toppr/pr/env/lib/python3.12/site-packages/django/http/request.py", line 151, in get_host
    raise DisallowedHost(msg)
django.core.exceptions.DisallowedHost: Invalid HTTP_HOST header: '89-104-68-164.cloudvps.regruhosting.ru'. You may need to add '89-104-68-164.cloudvps.regruhosting.ru' to ALLOWED_HOSTS.
Bad Request: /indice.html
Invalid HTTP_HOST header: '89-104-68-164.cloudvps.regruhosting.ru'. You may need to add '89-104-68-164.cloudvps.regruhosting.ru' to ALLOWED_HOSTS.
Traceback (most recent call last):
  File "/home/toppr/pr/env/lib/python3.12/site-packages/django/core/handlers/exception.py", line 55, in inner
    response = get_response(request)
               ^^^^^^^^^^^^^^^^^^^^^
  File "/home/toppr/pr/env/lib/python3.12/site-packages/django/utils/deprecation.py", line 128, in __call__
    response = self.process_request(request)
               ^^^^^^^^^^^^^^^^^^^^^^^^^^^^^
  File "/home/toppr/pr/env/lib/python3.12/site-packages/django/middleware/common.py", line 48, in process_request
    host = request.get_host()
           ^^^^^^^^^^^^^^^^^^
  File "/home/toppr/pr/env/lib/python3.12/site-packages/django/http/request.py", line 151, in get_host
    raise DisallowedHost(msg)
django.core.exceptions.DisallowedHost: Invalid HTTP_HOST header: '89-104-68-164.cloudvps.regruhosting.ru'. You may need to add '89-104-68-164.cloudvps.regruhosting.ru' to ALLOWED_HOSTS.
Bad Request: /geoserver/index.html
Invalid HTTP_HOST header: '89-104-68-164.cloudvps.regruhosting.ru'. You may need to add '89-104-68-164.cloudvps.regruhosting.ru' to ALLOWED_HOSTS.
Traceback (most recent call last):
  File "/home/toppr/pr/env/lib/python3.12/site-packages/django/core/handlers/exception.py", line 55, in inner
    response = get_response(request)
               ^^^^^^^^^^^^^^^^^^^^^
  File "/home/toppr/pr/env/lib/python3.12/site-packages/django/utils/deprecation.py", line 128, in __call__
    response = self.process_request(request)
               ^^^^^^^^^^^^^^^^^^^^^^^^^^^^^
  File "/home/toppr/pr/env/lib/python3.12/site-packages/django/middleware/common.py", line 48, in process_request
    host = request.get_host()
           ^^^^^^^^^^^^^^^^^^
  File "/home/toppr/pr/env/lib/python3.12/site-packages/django/http/request.py", line 151, in get_host
    raise DisallowedHost(msg)
django.core.exceptions.DisallowedHost: Invalid HTTP_HOST header: '89-104-68-164.cloudvps.regruhosting.ru'. You may need to add '89-104-68-164.cloudvps.regruhosting.ru' to ALLOWED_HOSTS.
Bad Request: /index.aspx
Invalid HTTP_HOST header: '89-104-68-164.cloudvps.regruhosting.ru'. You may need to add '89-104-68-164.cloudvps.regruhosting.ru' to ALLOWED_HOSTS.
Traceback (most recent call last):
  File "/home/toppr/pr/env/lib/python3.12/site-packages/django/core/handlers/exception.py", line 55, in inner
    response = get_response(request)
               ^^^^^^^^^^^^^^^^^^^^^
  File "/home/toppr/pr/env/lib/python3.12/site-packages/django/utils/deprecation.py", line 128, in __call__
    response = self.process_request(request)
               ^^^^^^^^^^^^^^^^^^^^^^^^^^^^^
  File "/home/toppr/pr/env/lib/python3.12/site-packages/django/middleware/common.py", line 48, in process_request
    host = request.get_host()
           ^^^^^^^^^^^^^^^^^^
  File "/home/toppr/pr/env/lib/python3.12/site-packages/django/http/request.py", line 151, in get_host
    raise DisallowedHost(msg)
django.core.exceptions.DisallowedHost: Invalid HTTP_HOST header: '89-104-68-164.cloudvps.regruhosting.ru'. You may need to add '89-104-68-164.cloudvps.regruhosting.ru' to ALLOWED_HOSTS.
Bad Request: /geoserver/
Invalid HTTP_HOST header: '89-104-68-164.cloudvps.regruhosting.ru'. You may need to add '89-104-68-164.cloudvps.regruhosting.ru' to ALLOWED_HOSTS.
Traceback (most recent call last):
  File "/home/toppr/pr/env/lib/python3.12/site-packages/django/core/handlers/exception.py", line 55, in inner
    response = get_response(request)
               ^^^^^^^^^^^^^^^^^^^^^
  File "/home/toppr/pr/env/lib/python3.12/site-packages/django/utils/deprecation.py", line 128, in __call__
    response = self.process_request(request)
               ^^^^^^^^^^^^^^^^^^^^^^^^^^^^^
  File "/home/toppr/pr/env/lib/python3.12/site-packages/django/middleware/common.py", line 48, in process_request
    host = request.get_host()
           ^^^^^^^^^^^^^^^^^^
  File "/home/toppr/pr/env/lib/python3.12/site-packages/django/http/request.py", line 151, in get_host
    raise DisallowedHost(msg)
django.core.exceptions.DisallowedHost: Invalid HTTP_HOST header: '89-104-68-164.cloudvps.regruhosting.ru'. You may need to add '89-104-68-164.cloudvps.regruhosting.ru' to ALLOWED_HOSTS.
Bad Request: /inicio.html
Invalid HTTP_HOST header: '89-104-68-164.cloudvps.regruhosting.ru'. You may need to add '89-104-68-164.cloudvps.regruhosting.ru' to ALLOWED_HOSTS.
Traceback (most recent call last):
  File "/home/toppr/pr/env/lib/python3.12/site-packages/django/core/handlers/exception.py", line 55, in inner
    response = get_response(request)
               ^^^^^^^^^^^^^^^^^^^^^
  File "/home/toppr/pr/env/lib/python3.12/site-packages/django/utils/deprecation.py", line 128, in __call__
    response = self.process_request(request)
               ^^^^^^^^^^^^^^^^^^^^^^^^^^^^^
  File "/home/toppr/pr/env/lib/python3.12/site-packages/django/middleware/common.py", line 48, in process_request
    host = request.get_host()
           ^^^^^^^^^^^^^^^^^^
  File "/home/toppr/pr/env/lib/python3.12/site-packages/django/http/request.py", line 151, in get_host
    raise DisallowedHost(msg)
django.core.exceptions.DisallowedHost: Invalid HTTP_HOST header: '89-104-68-164.cloudvps.regruhosting.ru'. You may need to add '89-104-68-164.cloudvps.regruhosting.ru' to ALLOWED_HOSTS.
Bad Request: /geoserver/web/wicket/bookmarkable/org.geoserver.web.AboutGeoServerPage
Invalid HTTP_HOST header: '89-104-68-164.cloudvps.regruhosting.ru'. You may need to add '89-104-68-164.cloudvps.regruhosting.ru' to ALLOWED_HOSTS.
Traceback (most recent call last):
  File "/home/toppr/pr/env/lib/python3.12/site-packages/django/core/handlers/exception.py", line 55, in inner
    response = get_response(request)
               ^^^^^^^^^^^^^^^^^^^^^
  File "/home/toppr/pr/env/lib/python3.12/site-packages/django/utils/deprecation.py", line 128, in __call__
    response = self.process_request(request)
               ^^^^^^^^^^^^^^^^^^^^^^^^^^^^^
  File "/home/toppr/pr/env/lib/python3.12/site-packages/django/middleware/common.py", line 48, in process_request
    host = request.get_host()
           ^^^^^^^^^^^^^^^^^^
  File "/home/toppr/pr/env/lib/python3.12/site-packages/django/http/request.py", line 151, in get_host
    raise DisallowedHost(msg)
django.core.exceptions.DisallowedHost: Invalid HTTP_HOST header: '89-104-68-164.cloudvps.regruhosting.ru'. You may need to add '89-104-68-164.cloudvps.regruhosting.ru' to ALLOWED_HOSTS.
Bad Request: /base.inc
Invalid HTTP_HOST header: '89-104-68-164.cloudvps.regruhosting.ru'. You may need to add '89-104-68-164.cloudvps.regruhosting.ru' to ALLOWED_HOSTS.
Traceback (most recent call last):
  File "/home/toppr/pr/env/lib/python3.12/site-packages/django/core/handlers/exception.py", line 55, in inner
    response = get_response(request)
               ^^^^^^^^^^^^^^^^^^^^^
  File "/home/toppr/pr/env/lib/python3.12/site-packages/django/utils/deprecation.py", line 128, in __call__
    response = self.process_request(request)
               ^^^^^^^^^^^^^^^^^^^^^^^^^^^^^
  File "/home/toppr/pr/env/lib/python3.12/site-packages/django/middleware/common.py", line 48, in process_request
    host = request.get_host()
           ^^^^^^^^^^^^^^^^^^
  File "/home/toppr/pr/env/lib/python3.12/site-packages/django/http/request.py", line 151, in get_host
    raise DisallowedHost(msg)
django.core.exceptions.DisallowedHost: Invalid HTTP_HOST header: '89-104-68-164.cloudvps.regruhosting.ru'. You may need to add '89-104-68-164.cloudvps.regruhosting.ru' to ALLOWED_HOSTS.
Bad Request: /geoserver/web/wicket/bookmarkable/org.geoserver.web.AboutGeoServerPage
Invalid HTTP_HOST header: '89-104-68-164.cloudvps.regruhosting.ru'. You may need to add '89-104-68-164.cloudvps.regruhosting.ru' to ALLOWED_HOSTS.
Traceback (most recent call last):
  File "/home/toppr/pr/env/lib/python3.12/site-packages/django/core/handlers/exception.py", line 55, in inner
    response = get_response(request)
               ^^^^^^^^^^^^^^^^^^^^^
  File "/home/toppr/pr/env/lib/python3.12/site-packages/django/utils/deprecation.py", line 128, in __call__
    response = self.process_request(request)
               ^^^^^^^^^^^^^^^^^^^^^^^^^^^^^
  File "/home/toppr/pr/env/lib/python3.12/site-packages/django/middleware/common.py", line 48, in process_request
    host = request.get_host()
           ^^^^^^^^^^^^^^^^^^
  File "/home/toppr/pr/env/lib/python3.12/site-packages/django/http/request.py", line 151, in get_host
    raise DisallowedHost(msg)
django.core.exceptions.DisallowedHost: Invalid HTTP_HOST header: '89-104-68-164.cloudvps.regruhosting.ru'. You may need to add '89-104-68-164.cloudvps.regruhosting.ru' to ALLOWED_HOSTS.
Invalid HTTP_HOST header: '89-104-68-164.cloudvps.regruhosting.ru'. You may need to add '89-104-68-164.cloudvps.regruhosting.ru' to ALLOWED_HOSTS.
Traceback (most recent call last):
  File "/home/toppr/pr/env/lib/python3.12/site-packages/django/core/handlers/exception.py", line 55, in inner
    response = get_response(request)
               ^^^^^^^^^^^^^^^^^^^^^
  File "/home/toppr/pr/env/lib/python3.12/site-packages/django/utils/deprecation.py", line 128, in __call__
    response = self.process_request(request)
               ^^^^^^^^^^^^^^^^^^^^^^^^^^^^^
  File "/home/toppr/pr/env/lib/python3.12/site-packages/django/middleware/common.py", line 48, in process_request
    host = request.get_host()
           ^^^^^^^^^^^^^^^^^^
  File "/home/toppr/pr/env/lib/python3.12/site-packages/django/http/request.py", line 151, in get_host
    raise DisallowedHost(msg)
django.core.exceptions.DisallowedHost: Invalid HTTP_HOST header: '89-104-68-164.cloudvps.regruhosting.ru'. You may need to add '89-104-68-164.cloudvps.regruhosting.ru' to ALLOWED_HOSTS.
Bad Request: /Account/Login
Bad Request: /default.cfm
Invalid HTTP_HOST header: '89-104-68-164.cloudvps.regruhosting.ru'. You may need to add '89-104-68-164.cloudvps.regruhosting.ru' to ALLOWED_HOSTS.
Traceback (most recent call last):
  File "/home/toppr/pr/env/lib/python3.12/site-packages/django/core/handlers/exception.py", line 55, in inner
    response = get_response(request)
               ^^^^^^^^^^^^^^^^^^^^^
  File "/home/toppr/pr/env/lib/python3.12/site-packages/django/utils/deprecation.py", line 128, in __call__
    response = self.process_request(request)
               ^^^^^^^^^^^^^^^^^^^^^^^^^^^^^
  File "/home/toppr/pr/env/lib/python3.12/site-packages/django/middleware/common.py", line 48, in process_request
    host = request.get_host()
           ^^^^^^^^^^^^^^^^^^
  File "/home/toppr/pr/env/lib/python3.12/site-packages/django/http/request.py", line 151, in get_host
    raise DisallowedHost(msg)
django.core.exceptions.DisallowedHost: Invalid HTTP_HOST header: '89-104-68-164.cloudvps.regruhosting.ru'. You may need to add '89-104-68-164.cloudvps.regruhosting.ru' to ALLOWED_HOSTS.
Bad Request: /inicio.jsa
Invalid HTTP_HOST header: '89-104-68-164.cloudvps.regruhosting.ru'. You may need to add '89-104-68-164.cloudvps.regruhosting.ru' to ALLOWED_HOSTS.
Traceback (most recent call last):
  File "/home/toppr/pr/env/lib/python3.12/site-packages/django/core/handlers/exception.py", line 55, in inner
    response = get_response(request)
               ^^^^^^^^^^^^^^^^^^^^^
  File "/home/toppr/pr/env/lib/python3.12/site-packages/django/utils/deprecation.py", line 128, in __call__
    response = self.process_request(request)
               ^^^^^^^^^^^^^^^^^^^^^^^^^^^^^
  File "/home/toppr/pr/env/lib/python3.12/site-packages/django/middleware/common.py", line 48, in process_request
    host = request.get_host()
           ^^^^^^^^^^^^^^^^^^
  File "/home/toppr/pr/env/lib/python3.12/site-packages/django/http/request.py", line 151, in get_host
    raise DisallowedHost(msg)
django.core.exceptions.DisallowedHost: Invalid HTTP_HOST header: '89-104-68-164.cloudvps.regruhosting.ru'. You may need to add '89-104-68-164.cloudvps.regruhosting.ru' to ALLOWED_HOSTS.
Bad Request: /cgi-bin/info.cgi
Invalid HTTP_HOST header: '89-104-68-164.cloudvps.regruhosting.ru'. You may need to add '89-104-68-164.cloudvps.regruhosting.ru' to ALLOWED_HOSTS.
Traceback (most recent call last):
  File "/home/toppr/pr/env/lib/python3.12/site-packages/django/core/handlers/exception.py", line 55, in inner
    response = get_response(request)
               ^^^^^^^^^^^^^^^^^^^^^
  File "/home/toppr/pr/env/lib/python3.12/site-packages/django/utils/deprecation.py", line 128, in __call__
    response = self.process_request(request)
               ^^^^^^^^^^^^^^^^^^^^^^^^^^^^^
  File "/home/toppr/pr/env/lib/python3.12/site-packages/django/middleware/common.py", line 48, in process_request
    host = request.get_host()
           ^^^^^^^^^^^^^^^^^^
  File "/home/toppr/pr/env/lib/python3.12/site-packages/django/http/request.py", line 151, in get_host
    raise DisallowedHost(msg)
django.core.exceptions.DisallowedHost: Invalid HTTP_HOST header: '89-104-68-164.cloudvps.regruhosting.ru'. You may need to add '89-104-68-164.cloudvps.regruhosting.ru' to ALLOWED_HOSTS.
Bad Request: /inicio.cfm
Invalid HTTP_HOST header: '89-104-68-164.cloudvps.regruhosting.ru'. You may need to add '89-104-68-164.cloudvps.regruhosting.ru' to ALLOWED_HOSTS.
Traceback (most recent call last):
  File "/home/toppr/pr/env/lib/python3.12/site-packages/django/core/handlers/exception.py", line 55, in inner
    response = get_response(request)
               ^^^^^^^^^^^^^^^^^^^^^
  File "/home/toppr/pr/env/lib/python3.12/site-packages/django/utils/deprecation.py", line 128, in __call__
    response = self.process_request(request)
               ^^^^^^^^^^^^^^^^^^^^^^^^^^^^^
  File "/home/toppr/pr/env/lib/python3.12/site-packages/django/middleware/common.py", line 48, in process_request
    host = request.get_host()
           ^^^^^^^^^^^^^^^^^^
  File "/home/toppr/pr/env/lib/python3.12/site-packages/django/http/request.py", line 151, in get_host
    raise DisallowedHost(msg)
django.core.exceptions.DisallowedHost: Invalid HTTP_HOST header: '89-104-68-164.cloudvps.regruhosting.ru'. You may need to add '89-104-68-164.cloudvps.regruhosting.ru' to ALLOWED_HOSTS.
Bad Request: /xml/info.xml
Invalid HTTP_HOST header: '89-104-68-164.cloudvps.regruhosting.ru'. You may need to add '89-104-68-164.cloudvps.regruhosting.ru' to ALLOWED_HOSTS.
Traceback (most recent call last):
  File "/home/toppr/pr/env/lib/python3.12/site-packages/django/core/handlers/exception.py", line 55, in inner
    response = get_response(request)
               ^^^^^^^^^^^^^^^^^^^^^
  File "/home/toppr/pr/env/lib/python3.12/site-packages/django/utils/deprecation.py", line 128, in __call__
    response = self.process_request(request)
               ^^^^^^^^^^^^^^^^^^^^^^^^^^^^^
  File "/home/toppr/pr/env/lib/python3.12/site-packages/django/middleware/common.py", line 48, in process_request
    host = request.get_host()
           ^^^^^^^^^^^^^^^^^^
  File "/home/toppr/pr/env/lib/python3.12/site-packages/django/http/request.py", line 151, in get_host
    raise DisallowedHost(msg)
django.core.exceptions.DisallowedHost: Invalid HTTP_HOST header: '89-104-68-164.cloudvps.regruhosting.ru'. You may need to add '89-104-68-164.cloudvps.regruhosting.ru' to ALLOWED_HOSTS.
Bad Request: /default.shtml
Invalid HTTP_HOST header: '89-104-68-164.cloudvps.regruhosting.ru'. You may need to add '89-104-68-164.cloudvps.regruhosting.ru' to ALLOWED_HOSTS.
Traceback (most recent call last):
  File "/home/toppr/pr/env/lib/python3.12/site-packages/django/core/handlers/exception.py", line 55, in inner
    response = get_response(request)
               ^^^^^^^^^^^^^^^^^^^^^
  File "/home/toppr/pr/env/lib/python3.12/site-packages/django/utils/deprecation.py", line 128, in __call__
    response = self.process_request(request)
               ^^^^^^^^^^^^^^^^^^^^^^^^^^^^^
  File "/home/toppr/pr/env/lib/python3.12/site-packages/django/middleware/common.py", line 48, in process_request
    host = request.get_host()
           ^^^^^^^^^^^^^^^^^^
  File "/home/toppr/pr/env/lib/python3.12/site-packages/django/http/request.py", line 151, in get_host
    raise DisallowedHost(msg)
django.core.exceptions.DisallowedHost: Invalid HTTP_HOST header: '89-104-68-164.cloudvps.regruhosting.ru'. You may need to add '89-104-68-164.cloudvps.regruhosting.ru' to ALLOWED_HOSTS.
Bad Request: /magento_version
Invalid HTTP_HOST header: '89-104-68-164.cloudvps.regruhosting.ru'. You may need to add '89-104-68-164.cloudvps.regruhosting.ru' to ALLOWED_HOSTS.
Traceback (most recent call last):
  File "/home/toppr/pr/env/lib/python3.12/site-packages/django/core/handlers/exception.py", line 55, in inner
    response = get_response(request)
               ^^^^^^^^^^^^^^^^^^^^^
  File "/home/toppr/pr/env/lib/python3.12/site-packages/django/utils/deprecation.py", line 128, in __call__
    response = self.process_request(request)
               ^^^^^^^^^^^^^^^^^^^^^^^^^^^^^
  File "/home/toppr/pr/env/lib/python3.12/site-packages/django/middleware/common.py", line 48, in process_request
    host = request.get_host()
           ^^^^^^^^^^^^^^^^^^
  File "/home/toppr/pr/env/lib/python3.12/site-packages/django/http/request.py", line 151, in get_host
    raise DisallowedHost(msg)
django.core.exceptions.DisallowedHost: Invalid HTTP_HOST header: '89-104-68-164.cloudvps.regruhosting.ru'. You may need to add '89-104-68-164.cloudvps.regruhosting.ru' to ALLOWED_HOSTS.
Bad Request: /indice.aspx
Invalid HTTP_HOST header: '89-104-68-164.cloudvps.regruhosting.ru'. You may need to add '89-104-68-164.cloudvps.regruhosting.ru' to ALLOWED_HOSTS.
Traceback (most recent call last):
  File "/home/toppr/pr/env/lib/python3.12/site-packages/django/core/handlers/exception.py", line 55, in inner
    response = get_response(request)
               ^^^^^^^^^^^^^^^^^^^^^
  File "/home/toppr/pr/env/lib/python3.12/site-packages/django/utils/deprecation.py", line 128, in __call__
    response = self.process_request(request)
               ^^^^^^^^^^^^^^^^^^^^^^^^^^^^^
  File "/home/toppr/pr/env/lib/python3.12/site-packages/django/middleware/common.py", line 48, in process_request
    host = request.get_host()
           ^^^^^^^^^^^^^^^^^^
  File "/home/toppr/pr/env/lib/python3.12/site-packages/django/http/request.py", line 151, in get_host
    raise DisallowedHost(msg)
django.core.exceptions.DisallowedHost: Invalid HTTP_HOST header: '89-104-68-164.cloudvps.regruhosting.ru'. You may need to add '89-104-68-164.cloudvps.regruhosting.ru' to ALLOWED_HOSTS.
Bad Request: /api/v1/check-version
Invalid HTTP_HOST header: '89-104-68-164.cloudvps.regruhosting.ru'. You may need to add '89-104-68-164.cloudvps.regruhosting.ru' to ALLOWED_HOSTS.
Traceback (most recent call last):
  File "/home/toppr/pr/env/lib/python3.12/site-packages/django/core/handlers/exception.py", line 55, in inner
    response = get_response(request)
               ^^^^^^^^^^^^^^^^^^^^^
  File "/home/toppr/pr/env/lib/python3.12/site-packages/django/utils/deprecation.py", line 128, in __call__
    response = self.process_request(request)
               ^^^^^^^^^^^^^^^^^^^^^^^^^^^^^
  File "/home/toppr/pr/env/lib/python3.12/site-packages/django/middleware/common.py", line 48, in process_request
    host = request.get_host()
           ^^^^^^^^^^^^^^^^^^
  File "/home/toppr/pr/env/lib/python3.12/site-packages/django/http/request.py", line 151, in get_host
    raise DisallowedHost(msg)
django.core.exceptions.DisallowedHost: Invalid HTTP_HOST header: '89-104-68-164.cloudvps.regruhosting.ru'. You may need to add '89-104-68-164.cloudvps.regruhosting.ru' to ALLOWED_HOSTS.
Bad Request: /localstart.cfm
Invalid HTTP_HOST header: '89-104-68-164.cloudvps.regruhosting.ru'. You may need to add '89-104-68-164.cloudvps.regruhosting.ru' to ALLOWED_HOSTS.
Traceback (most recent call last):
  File "/home/toppr/pr/env/lib/python3.12/site-packages/django/core/handlers/exception.py", line 55, in inner
    response = get_response(request)
               ^^^^^^^^^^^^^^^^^^^^^
  File "/home/toppr/pr/env/lib/python3.12/site-packages/django/utils/deprecation.py", line 128, in __call__
    response = self.process_request(request)
               ^^^^^^^^^^^^^^^^^^^^^^^^^^^^^
  File "/home/toppr/pr/env/lib/python3.12/site-packages/django/middleware/common.py", line 48, in process_request
    host = request.get_host()
           ^^^^^^^^^^^^^^^^^^
  File "/home/toppr/pr/env/lib/python3.12/site-packages/django/http/request.py", line 151, in get_host
    raise DisallowedHost(msg)
django.core.exceptions.DisallowedHost: Invalid HTTP_HOST header: '89-104-68-164.cloudvps.regruhosting.ru'. You may need to add '89-104-68-164.cloudvps.regruhosting.ru' to ALLOWED_HOSTS.
Bad Request: /fog/management/index.php
Invalid HTTP_HOST header: '89-104-68-164.cloudvps.regruhosting.ru'. You may need to add '89-104-68-164.cloudvps.regruhosting.ru' to ALLOWED_HOSTS.
Traceback (most recent call last):
  File "/home/toppr/pr/env/lib/python3.12/site-packages/django/core/handlers/exception.py", line 55, in inner
    response = get_response(request)
               ^^^^^^^^^^^^^^^^^^^^^
  File "/home/toppr/pr/env/lib/python3.12/site-packages/django/utils/deprecation.py", line 128, in __call__
    response = self.process_request(request)
               ^^^^^^^^^^^^^^^^^^^^^^^^^^^^^
  File "/home/toppr/pr/env/lib/python3.12/site-packages/django/middleware/common.py", line 48, in process_request
    host = request.get_host()
           ^^^^^^^^^^^^^^^^^^
  File "/home/toppr/pr/env/lib/python3.12/site-packages/django/http/request.py", line 151, in get_host
    raise DisallowedHost(msg)
django.core.exceptions.DisallowedHost: Invalid HTTP_HOST header: '89-104-68-164.cloudvps.regruhosting.ru'. You may need to add '89-104-68-164.cloudvps.regruhosting.ru' to ALLOWED_HOSTS.
Bad Request: /menu.pl
Invalid HTTP_HOST header: '89-104-68-164.cloudvps.regruhosting.ru'. You may need to add '89-104-68-164.cloudvps.regruhosting.ru' to ALLOWED_HOSTS.
Traceback (most recent call last):
  File "/home/toppr/pr/env/lib/python3.12/site-packages/django/core/handlers/exception.py", line 55, in inner
    response = get_response(request)
               ^^^^^^^^^^^^^^^^^^^^^
  File "/home/toppr/pr/env/lib/python3.12/site-packages/django/utils/deprecation.py", line 128, in __call__
    response = self.process_request(request)
               ^^^^^^^^^^^^^^^^^^^^^^^^^^^^^
  File "/home/toppr/pr/env/lib/python3.12/site-packages/django/middleware/common.py", line 48, in process_request
    host = request.get_host()
           ^^^^^^^^^^^^^^^^^^
  File "/home/toppr/pr/env/lib/python3.12/site-packages/django/http/request.py", line 151, in get_host
    raise DisallowedHost(msg)
django.core.exceptions.DisallowedHost: Invalid HTTP_HOST header: '89-104-68-164.cloudvps.regruhosting.ru'. You may need to add '89-104-68-164.cloudvps.regruhosting.ru' to ALLOWED_HOSTS.
Bad Request: /helpdesk/WebObjects/Helpdesk.woa
Invalid HTTP_HOST header: '89-104-68-164.cloudvps.regruhosting.ru'. You may need to add '89-104-68-164.cloudvps.regruhosting.ru' to ALLOWED_HOSTS.
Traceback (most recent call last):
  File "/home/toppr/pr/env/lib/python3.12/site-packages/django/core/handlers/exception.py", line 55, in inner
    response = get_response(request)
               ^^^^^^^^^^^^^^^^^^^^^
  File "/home/toppr/pr/env/lib/python3.12/site-packages/django/utils/deprecation.py", line 128, in __call__
    response = self.process_request(request)
               ^^^^^^^^^^^^^^^^^^^^^^^^^^^^^
  File "/home/toppr/pr/env/lib/python3.12/site-packages/django/middleware/common.py", line 48, in process_request
    host = request.get_host()
           ^^^^^^^^^^^^^^^^^^
  File "/home/toppr/pr/env/lib/python3.12/site-packages/django/http/request.py", line 151, in get_host
    raise DisallowedHost(msg)
django.core.exceptions.DisallowedHost: Invalid HTTP_HOST header: '89-104-68-164.cloudvps.regruhosting.ru'. You may need to add '89-104-68-164.cloudvps.regruhosting.ru' to ALLOWED_HOSTS.
Bad Request: /admin.jsp
Invalid HTTP_HOST header: '89-104-68-164.cloudvps.regruhosting.ru'. You may need to add '89-104-68-164.cloudvps.regruhosting.ru' to ALLOWED_HOSTS.
Traceback (most recent call last):
  File "/home/toppr/pr/env/lib/python3.12/site-packages/django/core/handlers/exception.py", line 55, in inner
    response = get_response(request)
               ^^^^^^^^^^^^^^^^^^^^^
  File "/home/toppr/pr/env/lib/python3.12/site-packages/django/utils/deprecation.py", line 128, in __call__
    response = self.process_request(request)
               ^^^^^^^^^^^^^^^^^^^^^^^^^^^^^
  File "/home/toppr/pr/env/lib/python3.12/site-packages/django/middleware/common.py", line 48, in process_request
    host = request.get_host()
           ^^^^^^^^^^^^^^^^^^
  File "/home/toppr/pr/env/lib/python3.12/site-packages/django/http/request.py", line 151, in get_host
    raise DisallowedHost(msg)
django.core.exceptions.DisallowedHost: Invalid HTTP_HOST header: '89-104-68-164.cloudvps.regruhosting.ru'. You may need to add '89-104-68-164.cloudvps.regruhosting.ru' to ALLOWED_HOSTS.
Bad Request: /cluster/list.query
Invalid HTTP_HOST header: '89-104-68-164.cloudvps.regruhosting.ru'. You may need to add '89-104-68-164.cloudvps.regruhosting.ru' to ALLOWED_HOSTS.
Traceback (most recent call last):
  File "/home/toppr/pr/env/lib/python3.12/site-packages/django/core/handlers/exception.py", line 55, in inner
    response = get_response(request)
               ^^^^^^^^^^^^^^^^^^^^^
  File "/home/toppr/pr/env/lib/python3.12/site-packages/django/utils/deprecation.py", line 128, in __call__
    response = self.process_request(request)
               ^^^^^^^^^^^^^^^^^^^^^^^^^^^^^
  File "/home/toppr/pr/env/lib/python3.12/site-packages/django/middleware/common.py", line 48, in process_request
    host = request.get_host()
           ^^^^^^^^^^^^^^^^^^
  File "/home/toppr/pr/env/lib/python3.12/site-packages/django/http/request.py", line 151, in get_host
    raise DisallowedHost(msg)
django.core.exceptions.DisallowedHost: Invalid HTTP_HOST header: '89-104-68-164.cloudvps.regruhosting.ru'. You may need to add '89-104-68-164.cloudvps.regruhosting.ru' to ALLOWED_HOSTS.
Bad Request: /admin.cfm
Invalid HTTP_HOST header: '89-104-68-164.cloudvps.regruhosting.ru'. You may need to add '89-104-68-164.cloudvps.regruhosting.ru' to ALLOWED_HOSTS.
Traceback (most recent call last):
  File "/home/toppr/pr/env/lib/python3.12/site-packages/django/core/handlers/exception.py", line 55, in inner
    response = get_response(request)
               ^^^^^^^^^^^^^^^^^^^^^
  File "/home/toppr/pr/env/lib/python3.12/site-packages/django/utils/deprecation.py", line 128, in __call__
    response = self.process_request(request)
               ^^^^^^^^^^^^^^^^^^^^^^^^^^^^^
  File "/home/toppr/pr/env/lib/python3.12/site-packages/django/middleware/common.py", line 48, in process_request
    host = request.get_host()
           ^^^^^^^^^^^^^^^^^^
  File "/home/toppr/pr/env/lib/python3.12/site-packages/django/http/request.py", line 151, in get_host
    raise DisallowedHost(msg)
django.core.exceptions.DisallowedHost: Invalid HTTP_HOST header: '89-104-68-164.cloudvps.regruhosting.ru'. You may need to add '89-104-68-164.cloudvps.regruhosting.ru' to ALLOWED_HOSTS.
Bad Request: /apps/zxtm/login.cgi
Invalid HTTP_HOST header: '89-104-68-164.cloudvps.regruhosting.ru'. You may need to add '89-104-68-164.cloudvps.regruhosting.ru' to ALLOWED_HOSTS.
Traceback (most recent call last):
  File "/home/toppr/pr/env/lib/python3.12/site-packages/django/core/handlers/exception.py", line 55, in inner
    response = get_response(request)
               ^^^^^^^^^^^^^^^^^^^^^
  File "/home/toppr/pr/env/lib/python3.12/site-packages/django/utils/deprecation.py", line 128, in __call__
    response = self.process_request(request)
               ^^^^^^^^^^^^^^^^^^^^^^^^^^^^^
  File "/home/toppr/pr/env/lib/python3.12/site-packages/django/middleware/common.py", line 48, in process_request
    host = request.get_host()
           ^^^^^^^^^^^^^^^^^^
  File "/home/toppr/pr/env/lib/python3.12/site-packages/django/http/request.py", line 151, in get_host
    raise DisallowedHost(msg)
django.core.exceptions.DisallowedHost: Invalid HTTP_HOST header: '89-104-68-164.cloudvps.regruhosting.ru'. You may need to add '89-104-68-164.cloudvps.regruhosting.ru' to ALLOWED_HOSTS.
Bad Request: /main.asp
Invalid HTTP_HOST header: '89-104-68-164.cloudvps.regruhosting.ru'. You may need to add '89-104-68-164.cloudvps.regruhosting.ru' to ALLOWED_HOSTS.
Traceback (most recent call last):
  File "/home/toppr/pr/env/lib/python3.12/site-packages/django/core/handlers/exception.py", line 55, in inner
    response = get_response(request)
               ^^^^^^^^^^^^^^^^^^^^^
  File "/home/toppr/pr/env/lib/python3.12/site-packages/django/utils/deprecation.py", line 128, in __call__
    response = self.process_request(request)
               ^^^^^^^^^^^^^^^^^^^^^^^^^^^^^
  File "/home/toppr/pr/env/lib/python3.12/site-packages/django/middleware/common.py", line 48, in process_request
    host = request.get_host()
           ^^^^^^^^^^^^^^^^^^
  File "/home/toppr/pr/env/lib/python3.12/site-packages/django/http/request.py", line 151, in get_host
    raise DisallowedHost(msg)
django.core.exceptions.DisallowedHost: Invalid HTTP_HOST header: '89-104-68-164.cloudvps.regruhosting.ru'. You may need to add '89-104-68-164.cloudvps.regruhosting.ru' to ALLOWED_HOSTS.
Bad Request: /api/server/version
Invalid HTTP_HOST header: '89-104-68-164.cloudvps.regruhosting.ru'. You may need to add '89-104-68-164.cloudvps.regruhosting.ru' to ALLOWED_HOSTS.
Traceback (most recent call last):
  File "/home/toppr/pr/env/lib/python3.12/site-packages/django/core/handlers/exception.py", line 55, in inner
    response = get_response(request)
               ^^^^^^^^^^^^^^^^^^^^^
  File "/home/toppr/pr/env/lib/python3.12/site-packages/django/utils/deprecation.py", line 128, in __call__
    response = self.process_request(request)
               ^^^^^^^^^^^^^^^^^^^^^^^^^^^^^
  File "/home/toppr/pr/env/lib/python3.12/site-packages/django/middleware/common.py", line 48, in process_request
    host = request.get_host()
           ^^^^^^^^^^^^^^^^^^
  File "/home/toppr/pr/env/lib/python3.12/site-packages/django/http/request.py", line 151, in get_host
    raise DisallowedHost(msg)
django.core.exceptions.DisallowedHost: Invalid HTTP_HOST header: '89-104-68-164.cloudvps.regruhosting.ru'. You may need to add '89-104-68-164.cloudvps.regruhosting.ru' to ALLOWED_HOSTS.
Bad Request: /admin.jhtml
Invalid HTTP_HOST header: '89-104-68-164.cloudvps.regruhosting.ru'. You may need to add '89-104-68-164.cloudvps.regruhosting.ru' to ALLOWED_HOSTS.
Traceback (most recent call last):
  File "/home/toppr/pr/env/lib/python3.12/site-packages/django/core/handlers/exception.py", line 55, in inner
    response = get_response(request)
               ^^^^^^^^^^^^^^^^^^^^^
  File "/home/toppr/pr/env/lib/python3.12/site-packages/django/utils/deprecation.py", line 128, in __call__
    response = self.process_request(request)
               ^^^^^^^^^^^^^^^^^^^^^^^^^^^^^
  File "/home/toppr/pr/env/lib/python3.12/site-packages/django/middleware/common.py", line 48, in process_request
    host = request.get_host()
           ^^^^^^^^^^^^^^^^^^
  File "/home/toppr/pr/env/lib/python3.12/site-packages/django/http/request.py", line 151, in get_host
    raise DisallowedHost(msg)
django.core.exceptions.DisallowedHost: Invalid HTTP_HOST header: '89-104-68-164.cloudvps.regruhosting.ru'. You may need to add '89-104-68-164.cloudvps.regruhosting.ru' to ALLOWED_HOSTS.
Bad Request: /administrator/manifests/files/joomla.xml
Invalid HTTP_HOST header: '89-104-68-164.cloudvps.regruhosting.ru'. You may need to add '89-104-68-164.cloudvps.regruhosting.ru' to ALLOWED_HOSTS.
Traceback (most recent call last):
  File "/home/toppr/pr/env/lib/python3.12/site-packages/django/core/handlers/exception.py", line 55, in inner
    response = get_response(request)
               ^^^^^^^^^^^^^^^^^^^^^
  File "/home/toppr/pr/env/lib/python3.12/site-packages/django/utils/deprecation.py", line 128, in __call__
    response = self.process_request(request)
               ^^^^^^^^^^^^^^^^^^^^^^^^^^^^^
  File "/home/toppr/pr/env/lib/python3.12/site-packages/django/middleware/common.py", line 48, in process_request
    host = request.get_host()
           ^^^^^^^^^^^^^^^^^^
  File "/home/toppr/pr/env/lib/python3.12/site-packages/django/http/request.py", line 151, in get_host
    raise DisallowedHost(msg)
django.core.exceptions.DisallowedHost: Invalid HTTP_HOST header: '89-104-68-164.cloudvps.regruhosting.ru'. You may need to add '89-104-68-164.cloudvps.regruhosting.ru' to ALLOWED_HOSTS.
Bad Request: /language/en-GB/en-GB.xml
Invalid HTTP_HOST header: '89-104-68-164.cloudvps.regruhosting.ru'. You may need to add '89-104-68-164.cloudvps.regruhosting.ru' to ALLOWED_HOSTS.
Traceback (most recent call last):
  File "/home/toppr/pr/env/lib/python3.12/site-packages/django/core/handlers/exception.py", line 55, in inner
    response = get_response(request)
               ^^^^^^^^^^^^^^^^^^^^^
  File "/home/toppr/pr/env/lib/python3.12/site-packages/django/utils/deprecation.py", line 128, in __call__
    response = self.process_request(request)
               ^^^^^^^^^^^^^^^^^^^^^^^^^^^^^
  File "/home/toppr/pr/env/lib/python3.12/site-packages/django/middleware/common.py", line 48, in process_request
    host = request.get_host()
           ^^^^^^^^^^^^^^^^^^
  File "/home/toppr/pr/env/lib/python3.12/site-packages/django/http/request.py", line 151, in get_host
    raise DisallowedHost(msg)
django.core.exceptions.DisallowedHost: Invalid HTTP_HOST header: '89-104-68-164.cloudvps.regruhosting.ru'. You may need to add '89-104-68-164.cloudvps.regruhosting.ru' to ALLOWED_HOSTS.
Bad Request: /admin.html
Invalid HTTP_HOST header: '89-104-68-164.cloudvps.regruhosting.ru'. You may need to add '89-104-68-164.cloudvps.regruhosting.ru' to ALLOWED_HOSTS.
Traceback (most recent call last):
  File "/home/toppr/pr/env/lib/python3.12/site-packages/django/core/handlers/exception.py", line 55, in inner
    response = get_response(request)
               ^^^^^^^^^^^^^^^^^^^^^
  File "/home/toppr/pr/env/lib/python3.12/site-packages/django/utils/deprecation.py", line 128, in __call__
    response = self.process_request(request)
               ^^^^^^^^^^^^^^^^^^^^^^^^^^^^^
  File "/home/toppr/pr/env/lib/python3.12/site-packages/django/middleware/common.py", line 48, in process_request
    host = request.get_host()
           ^^^^^^^^^^^^^^^^^^
  File "/home/toppr/pr/env/lib/python3.12/site-packages/django/http/request.py", line 151, in get_host
    raise DisallowedHost(msg)
django.core.exceptions.DisallowedHost: Invalid HTTP_HOST header: '89-104-68-164.cloudvps.regruhosting.ru'. You may need to add '89-104-68-164.cloudvps.regruhosting.ru' to ALLOWED_HOSTS.
Bad Request: /admin.cgi
Invalid HTTP_HOST header: '89-104-68-164.cloudvps.regruhosting.ru'. You may need to add '89-104-68-164.cloudvps.regruhosting.ru' to ALLOWED_HOSTS.
Traceback (most recent call last):
  File "/home/toppr/pr/env/lib/python3.12/site-packages/django/core/handlers/exception.py", line 55, in inner
    response = get_response(request)
               ^^^^^^^^^^^^^^^^^^^^^
  File "/home/toppr/pr/env/lib/python3.12/site-packages/django/utils/deprecation.py", line 128, in __call__
    response = self.process_request(request)
               ^^^^^^^^^^^^^^^^^^^^^^^^^^^^^
  File "/home/toppr/pr/env/lib/python3.12/site-packages/django/middleware/common.py", line 48, in process_request
    host = request.get_host()
           ^^^^^^^^^^^^^^^^^^
  File "/home/toppr/pr/env/lib/python3.12/site-packages/django/http/request.py", line 151, in get_host
    raise DisallowedHost(msg)
django.core.exceptions.DisallowedHost: Invalid HTTP_HOST header: '89-104-68-164.cloudvps.regruhosting.ru'. You may need to add '89-104-68-164.cloudvps.regruhosting.ru' to ALLOWED_HOSTS.
Bad Request: /versa/login
Invalid HTTP_HOST header: '89-104-68-164.cloudvps.regruhosting.ru'. You may need to add '89-104-68-164.cloudvps.regruhosting.ru' to ALLOWED_HOSTS.
Traceback (most recent call last):
  File "/home/toppr/pr/env/lib/python3.12/site-packages/django/core/handlers/exception.py", line 55, in inner
    response = get_response(request)
               ^^^^^^^^^^^^^^^^^^^^^
  File "/home/toppr/pr/env/lib/python3.12/site-packages/django/utils/deprecation.py", line 128, in __call__
    response = self.process_request(request)
               ^^^^^^^^^^^^^^^^^^^^^^^^^^^^^
  File "/home/toppr/pr/env/lib/python3.12/site-packages/django/middleware/common.py", line 48, in process_request
    host = request.get_host()
           ^^^^^^^^^^^^^^^^^^
  File "/home/toppr/pr/env/lib/python3.12/site-packages/django/http/request.py", line 151, in get_host
    raise DisallowedHost(msg)
django.core.exceptions.DisallowedHost: Invalid HTTP_HOST header: '89-104-68-164.cloudvps.regruhosting.ru'. You may need to add '89-104-68-164.cloudvps.regruhosting.ru' to ALLOWED_HOSTS.
Bad Request: /login.html
Invalid HTTP_HOST header: '89-104-68-164.cloudvps.regruhosting.ru'. You may need to add '89-104-68-164.cloudvps.regruhosting.ru' to ALLOWED_HOSTS.
Traceback (most recent call last):
  File "/home/toppr/pr/env/lib/python3.12/site-packages/django/core/handlers/exception.py", line 55, in inner
    response = get_response(request)
               ^^^^^^^^^^^^^^^^^^^^^
  File "/home/toppr/pr/env/lib/python3.12/site-packages/django/utils/deprecation.py", line 128, in __call__
    response = self.process_request(request)
               ^^^^^^^^^^^^^^^^^^^^^^^^^^^^^
  File "/home/toppr/pr/env/lib/python3.12/site-packages/django/middleware/common.py", line 48, in process_request
    host = request.get_host()
           ^^^^^^^^^^^^^^^^^^
  File "/home/toppr/pr/env/lib/python3.12/site-packages/django/http/request.py", line 151, in get_host
    raise DisallowedHost(msg)
django.core.exceptions.DisallowedHost: Invalid HTTP_HOST header: '89-104-68-164.cloudvps.regruhosting.ru'. You may need to add '89-104-68-164.cloudvps.regruhosting.ru' to ALLOWED_HOSTS.
Bad Request: /admin.jsa
Invalid HTTP_HOST header: '89-104-68-164.cloudvps.regruhosting.ru'. You may need to add '89-104-68-164.cloudvps.regruhosting.ru' to ALLOWED_HOSTS.
Traceback (most recent call last):
  File "/home/toppr/pr/env/lib/python3.12/site-packages/django/core/handlers/exception.py", line 55, in inner
    response = get_response(request)
               ^^^^^^^^^^^^^^^^^^^^^
  File "/home/toppr/pr/env/lib/python3.12/site-packages/django/utils/deprecation.py", line 128, in __call__
    response = self.process_request(request)
               ^^^^^^^^^^^^^^^^^^^^^^^^^^^^^
  File "/home/toppr/pr/env/lib/python3.12/site-packages/django/middleware/common.py", line 48, in process_request
    host = request.get_host()
           ^^^^^^^^^^^^^^^^^^
  File "/home/toppr/pr/env/lib/python3.12/site-packages/django/http/request.py", line 151, in get_host
    raise DisallowedHost(msg)
django.core.exceptions.DisallowedHost: Invalid HTTP_HOST header: '89-104-68-164.cloudvps.regruhosting.ru'. You may need to add '89-104-68-164.cloudvps.regruhosting.ru' to ALLOWED_HOSTS.
Bad Request: /admin.aspx
Invalid HTTP_HOST header: '89-104-68-164.cloudvps.regruhosting.ru'. You may need to add '89-104-68-164.cloudvps.regruhosting.ru' to ALLOWED_HOSTS.
Traceback (most recent call last):
  File "/home/toppr/pr/env/lib/python3.12/site-packages/django/core/handlers/exception.py", line 55, in inner
    response = get_response(request)
               ^^^^^^^^^^^^^^^^^^^^^
  File "/home/toppr/pr/env/lib/python3.12/site-packages/django/utils/deprecation.py", line 128, in __call__
    response = self.process_request(request)
               ^^^^^^^^^^^^^^^^^^^^^^^^^^^^^
  File "/home/toppr/pr/env/lib/python3.12/site-packages/django/middleware/common.py", line 48, in process_request
    host = request.get_host()
           ^^^^^^^^^^^^^^^^^^
  File "/home/toppr/pr/env/lib/python3.12/site-packages/django/http/request.py", line 151, in get_host
    raise DisallowedHost(msg)
django.core.exceptions.DisallowedHost: Invalid HTTP_HOST header: '89-104-68-164.cloudvps.regruhosting.ru'. You may need to add '89-104-68-164.cloudvps.regruhosting.ru' to ALLOWED_HOSTS.
Bad Request: /p/login/
Invalid HTTP_HOST header: '89-104-68-164.cloudvps.regruhosting.ru'. You may need to add '89-104-68-164.cloudvps.regruhosting.ru' to ALLOWED_HOSTS.
Traceback (most recent call last):
  File "/home/toppr/pr/env/lib/python3.12/site-packages/django/core/handlers/exception.py", line 55, in inner
    response = get_response(request)
               ^^^^^^^^^^^^^^^^^^^^^
  File "/home/toppr/pr/env/lib/python3.12/site-packages/django/utils/deprecation.py", line 128, in __call__
    response = self.process_request(request)
               ^^^^^^^^^^^^^^^^^^^^^^^^^^^^^
  File "/home/toppr/pr/env/lib/python3.12/site-packages/django/middleware/common.py", line 48, in process_request
    host = request.get_host()
           ^^^^^^^^^^^^^^^^^^
  File "/home/toppr/pr/env/lib/python3.12/site-packages/django/http/request.py", line 151, in get_host
    raise DisallowedHost(msg)
django.core.exceptions.DisallowedHost: Invalid HTTP_HOST header: '89-104-68-164.cloudvps.regruhosting.ru'. You may need to add '89-104-68-164.cloudvps.regruhosting.ru' to ALLOWED_HOSTS.
Bad Request: /default.pl
Invalid HTTP_HOST header: '89-104-68-164.cloudvps.regruhosting.ru'. You may need to add '89-104-68-164.cloudvps.regruhosting.ru' to ALLOWED_HOSTS.
Traceback (most recent call last):
  File "/home/toppr/pr/env/lib/python3.12/site-packages/django/core/handlers/exception.py", line 55, in inner
    response = get_response(request)
               ^^^^^^^^^^^^^^^^^^^^^
  File "/home/toppr/pr/env/lib/python3.12/site-packages/django/utils/deprecation.py", line 128, in __call__
    response = self.process_request(request)
               ^^^^^^^^^^^^^^^^^^^^^^^^^^^^^
  File "/home/toppr/pr/env/lib/python3.12/site-packages/django/middleware/common.py", line 48, in process_request
    host = request.get_host()
           ^^^^^^^^^^^^^^^^^^
  File "/home/toppr/pr/env/lib/python3.12/site-packages/django/http/request.py", line 151, in get_host
    raise DisallowedHost(msg)
django.core.exceptions.DisallowedHost: Invalid HTTP_HOST header: '89-104-68-164.cloudvps.regruhosting.ru'. You may need to add '89-104-68-164.cloudvps.regruhosting.ru' to ALLOWED_HOSTS.
Bad Request: /api/version
Invalid HTTP_HOST header: '89-104-68-164.cloudvps.regruhosting.ru'. You may need to add '89-104-68-164.cloudvps.regruhosting.ru' to ALLOWED_HOSTS.
Traceback (most recent call last):
  File "/home/toppr/pr/env/lib/python3.12/site-packages/django/core/handlers/exception.py", line 55, in inner
    response = get_response(request)
               ^^^^^^^^^^^^^^^^^^^^^
  File "/home/toppr/pr/env/lib/python3.12/site-packages/django/utils/deprecation.py", line 128, in __call__
    response = self.process_request(request)
               ^^^^^^^^^^^^^^^^^^^^^^^^^^^^^
  File "/home/toppr/pr/env/lib/python3.12/site-packages/django/middleware/common.py", line 48, in process_request
    host = request.get_host()
           ^^^^^^^^^^^^^^^^^^
  File "/home/toppr/pr/env/lib/python3.12/site-packages/django/http/request.py", line 151, in get_host
    raise DisallowedHost(msg)
django.core.exceptions.DisallowedHost: Invalid HTTP_HOST header: '89-104-68-164.cloudvps.regruhosting.ru'. You may need to add '89-104-68-164.cloudvps.regruhosting.ru' to ALLOWED_HOSTS.
Bad Request: /portal/
Invalid HTTP_HOST header: '89-104-68-164.cloudvps.regruhosting.ru'. You may need to add '89-104-68-164.cloudvps.regruhosting.ru' to ALLOWED_HOSTS.
Traceback (most recent call last):
  File "/home/toppr/pr/env/lib/python3.12/site-packages/django/core/handlers/exception.py", line 55, in inner
    response = get_response(request)
               ^^^^^^^^^^^^^^^^^^^^^
  File "/home/toppr/pr/env/lib/python3.12/site-packages/django/utils/deprecation.py", line 128, in __call__
    response = self.process_request(request)
               ^^^^^^^^^^^^^^^^^^^^^^^^^^^^^
  File "/home/toppr/pr/env/lib/python3.12/site-packages/django/middleware/common.py", line 48, in process_request
    host = request.get_host()
           ^^^^^^^^^^^^^^^^^^
  File "/home/toppr/pr/env/lib/python3.12/site-packages/django/http/request.py", line 151, in get_host
    raise DisallowedHost(msg)
django.core.exceptions.DisallowedHost: Invalid HTTP_HOST header: '89-104-68-164.cloudvps.regruhosting.ru'. You may need to add '89-104-68-164.cloudvps.regruhosting.ru' to ALLOWED_HOSTS.
Bad Request: /index.shtml
Invalid HTTP_HOST header: '89-104-68-164.cloudvps.regruhosting.ru'. You may need to add '89-104-68-164.cloudvps.regruhosting.ru' to ALLOWED_HOSTS.
Traceback (most recent call last):
  File "/home/toppr/pr/env/lib/python3.12/site-packages/django/core/handlers/exception.py", line 55, in inner
    response = get_response(request)
               ^^^^^^^^^^^^^^^^^^^^^
  File "/home/toppr/pr/env/lib/python3.12/site-packages/django/utils/deprecation.py", line 128, in __call__
    response = self.process_request(request)
               ^^^^^^^^^^^^^^^^^^^^^^^^^^^^^
  File "/home/toppr/pr/env/lib/python3.12/site-packages/django/middleware/common.py", line 48, in process_request
    host = request.get_host()
           ^^^^^^^^^^^^^^^^^^
  File "/home/toppr/pr/env/lib/python3.12/site-packages/django/http/request.py", line 151, in get_host
    raise DisallowedHost(msg)
django.core.exceptions.DisallowedHost: Invalid HTTP_HOST header: '89-104-68-164.cloudvps.regruhosting.ru'. You may need to add '89-104-68-164.cloudvps.regruhosting.ru' to ALLOWED_HOSTS.
Bad Request: /
Bad Request: /order-pay/
Bad Request: /order-pay/
Invalid HTTP_HOST header: 'speed.cloudflare.com'. You may need to add 'speed.cloudflare.com' to ALLOWED_HOSTS.
Traceback (most recent call last):
  File "/home/toppr/pr/env/lib/python3.12/site-packages/django/core/handlers/exception.py", line 55, in inner
    response = get_response(request)
               ^^^^^^^^^^^^^^^^^^^^^
  File "/home/toppr/pr/env/lib/python3.12/site-packages/django/utils/deprecation.py", line 128, in __call__
    response = self.process_request(request)
               ^^^^^^^^^^^^^^^^^^^^^^^^^^^^^
  File "/home/toppr/pr/env/lib/python3.12/site-packages/django/middleware/common.py", line 48, in process_request
    host = request.get_host()
           ^^^^^^^^^^^^^^^^^^
  File "/home/toppr/pr/env/lib/python3.12/site-packages/django/http/request.py", line 151, in get_host
    raise DisallowedHost(msg)
django.core.exceptions.DisallowedHost: Invalid HTTP_HOST header: 'speed.cloudflare.com'. You may need to add 'speed.cloudflare.com' to ALLOWED_HOSTS.
Bad Request: /cdn-cgi/trace/cdn-cgi/trace
Invalid HTTP_HOST header: '89.104.68.164'. You may need to add '89.104.68.164' to ALLOWED_HOSTS.
Traceback (most recent call last):
  File "/home/toppr/pr/env/lib/python3.12/site-packages/django/core/handlers/exception.py", line 55, in inner
    response = get_response(request)
               ^^^^^^^^^^^^^^^^^^^^^
  File "/home/toppr/pr/env/lib/python3.12/site-packages/django/utils/deprecation.py", line 128, in __call__
    response = self.process_request(request)
               ^^^^^^^^^^^^^^^^^^^^^^^^^^^^^
  File "/home/toppr/pr/env/lib/python3.12/site-packages/django/middleware/common.py", line 48, in process_request
    host = request.get_host()
           ^^^^^^^^^^^^^^^^^^
  File "/home/toppr/pr/env/lib/python3.12/site-packages/django/http/request.py", line 151, in get_host
    raise DisallowedHost(msg)
django.core.exceptions.DisallowedHost: Invalid HTTP_HOST header: '89.104.68.164'. You may need to add '89.104.68.164' to ALLOWED_HOSTS.
Bad Request: /
Not Found: /favicon.ico
Invalid HTTP_HOST header: '89.104.68.164'. You may need to add '89.104.68.164' to ALLOWED_HOSTS.
Traceback (most recent call last):
  File "/home/toppr/pr/env/lib/python3.12/site-packages/django/core/handlers/exception.py", line 55, in inner
    response = get_response(request)
               ^^^^^^^^^^^^^^^^^^^^^
  File "/home/toppr/pr/env/lib/python3.12/site-packages/django/utils/deprecation.py", line 128, in __call__
    response = self.process_request(request)
               ^^^^^^^^^^^^^^^^^^^^^^^^^^^^^
  File "/home/toppr/pr/env/lib/python3.12/site-packages/django/middleware/common.py", line 48, in process_request
    host = request.get_host()
           ^^^^^^^^^^^^^^^^^^
  File "/home/toppr/pr/env/lib/python3.12/site-packages/django/http/request.py", line 151, in get_host
    raise DisallowedHost(msg)
django.core.exceptions.DisallowedHost: Invalid HTTP_HOST header: '89.104.68.164'. You may need to add '89.104.68.164' to ALLOWED_HOSTS.
Bad Request: /_profiler/phpinfo
Invalid HTTP_HOST header: '89.104.68.164'. You may need to add '89.104.68.164' to ALLOWED_HOSTS.
Traceback (most recent call last):
  File "/home/toppr/pr/env/lib/python3.12/site-packages/django/core/handlers/exception.py", line 55, in inner
    response = get_response(request)
               ^^^^^^^^^^^^^^^^^^^^^
  File "/home/toppr/pr/env/lib/python3.12/site-packages/django/utils/deprecation.py", line 128, in __call__
    response = self.process_request(request)
               ^^^^^^^^^^^^^^^^^^^^^^^^^^^^^
  File "/home/toppr/pr/env/lib/python3.12/site-packages/django/middleware/common.py", line 48, in process_request
    host = request.get_host()
           ^^^^^^^^^^^^^^^^^^
  File "/home/toppr/pr/env/lib/python3.12/site-packages/django/http/request.py", line 151, in get_host
    raise DisallowedHost(msg)
django.core.exceptions.DisallowedHost: Invalid HTTP_HOST header: '89.104.68.164'. You may need to add '89.104.68.164' to ALLOWED_HOSTS.
Bad Request: /ab2g
Invalid HTTP_HOST header: '89.104.68.164'. You may need to add '89.104.68.164' to ALLOWED_HOSTS.
Traceback (most recent call last):
  File "/home/toppr/pr/env/lib/python3.12/site-packages/django/core/handlers/exception.py", line 55, in inner
    response = get_response(request)
               ^^^^^^^^^^^^^^^^^^^^^
  File "/home/toppr/pr/env/lib/python3.12/site-packages/django/utils/deprecation.py", line 128, in __call__
    response = self.process_request(request)
               ^^^^^^^^^^^^^^^^^^^^^^^^^^^^^
  File "/home/toppr/pr/env/lib/python3.12/site-packages/django/middleware/common.py", line 48, in process_request
    host = request.get_host()
           ^^^^^^^^^^^^^^^^^^
  File "/home/toppr/pr/env/lib/python3.12/site-packages/django/http/request.py", line 151, in get_host
    raise DisallowedHost(msg)
django.core.exceptions.DisallowedHost: Invalid HTTP_HOST header: '89.104.68.164'. You may need to add '89.104.68.164' to ALLOWED_HOSTS.
Bad Request: /ab2h
Invalid HTTP_HOST header: '89.104.68.164'. You may need to add '89.104.68.164' to ALLOWED_HOSTS.
Traceback (most recent call last):
  File "/home/toppr/pr/env/lib/python3.12/site-packages/django/core/handlers/exception.py", line 55, in inner
    response = get_response(request)
               ^^^^^^^^^^^^^^^^^^^^^
  File "/home/toppr/pr/env/lib/python3.12/site-packages/django/utils/deprecation.py", line 128, in __call__
    response = self.process_request(request)
               ^^^^^^^^^^^^^^^^^^^^^^^^^^^^^
  File "/home/toppr/pr/env/lib/python3.12/site-packages/django/middleware/common.py", line 48, in process_request
    host = request.get_host()
           ^^^^^^^^^^^^^^^^^^
  File "/home/toppr/pr/env/lib/python3.12/site-packages/django/http/request.py", line 151, in get_host
    raise DisallowedHost(msg)
django.core.exceptions.DisallowedHost: Invalid HTTP_HOST header: '89.104.68.164'. You may need to add '89.104.68.164' to ALLOWED_HOSTS.
Bad Request: /alive.php
Invalid HTTP_HOST header: '89.104.68.164'. You may need to add '89.104.68.164' to ALLOWED_HOSTS.
Traceback (most recent call last):
  File "/home/toppr/pr/env/lib/python3.12/site-packages/django/core/handlers/exception.py", line 55, in inner
    response = get_response(request)
               ^^^^^^^^^^^^^^^^^^^^^
  File "/home/toppr/pr/env/lib/python3.12/site-packages/django/utils/deprecation.py", line 128, in __call__
    response = self.process_request(request)
               ^^^^^^^^^^^^^^^^^^^^^^^^^^^^^
  File "/home/toppr/pr/env/lib/python3.12/site-packages/django/middleware/common.py", line 48, in process_request
    host = request.get_host()
           ^^^^^^^^^^^^^^^^^^
  File "/home/toppr/pr/env/lib/python3.12/site-packages/django/http/request.py", line 151, in get_host
    raise DisallowedHost(msg)
django.core.exceptions.DisallowedHost: Invalid HTTP_HOST header: '89.104.68.164'. You may need to add '89.104.68.164' to ALLOWED_HOSTS.
Bad Request: /
Invalid HTTP_HOST header: '89.104.68.164'. You may need to add '89.104.68.164' to ALLOWED_HOSTS.
Traceback (most recent call last):
  File "/home/toppr/pr/env/lib/python3.12/site-packages/django/core/handlers/exception.py", line 55, in inner
    response = get_response(request)
               ^^^^^^^^^^^^^^^^^^^^^
  File "/home/toppr/pr/env/lib/python3.12/site-packages/django/utils/deprecation.py", line 128, in __call__
    response = self.process_request(request)
               ^^^^^^^^^^^^^^^^^^^^^^^^^^^^^
  File "/home/toppr/pr/env/lib/python3.12/site-packages/django/middleware/common.py", line 48, in process_request
    host = request.get_host()
           ^^^^^^^^^^^^^^^^^^
  File "/home/toppr/pr/env/lib/python3.12/site-packages/django/http/request.py", line 151, in get_host
    raise DisallowedHost(msg)
django.core.exceptions.DisallowedHost: Invalid HTTP_HOST header: '89.104.68.164'. You may need to add '89.104.68.164' to ALLOWED_HOSTS.
Bad Request: /t4
Invalid HTTP_HOST header: '89.104.68.164'. You may need to add '89.104.68.164' to ALLOWED_HOSTS.
Traceback (most recent call last):
  File "/home/toppr/pr/env/lib/python3.12/site-packages/django/core/handlers/exception.py", line 55, in inner
    response = get_response(request)
               ^^^^^^^^^^^^^^^^^^^^^
  File "/home/toppr/pr/env/lib/python3.12/site-packages/django/utils/deprecation.py", line 128, in __call__
    response = self.process_request(request)
               ^^^^^^^^^^^^^^^^^^^^^^^^^^^^^
  File "/home/toppr/pr/env/lib/python3.12/site-packages/django/middleware/common.py", line 48, in process_request
    host = request.get_host()
           ^^^^^^^^^^^^^^^^^^
  File "/home/toppr/pr/env/lib/python3.12/site-packages/django/http/request.py", line 151, in get_host
    raise DisallowedHost(msg)
django.core.exceptions.DisallowedHost: Invalid HTTP_HOST header: '89.104.68.164'. You may need to add '89.104.68.164' to ALLOWED_HOSTS.
Bad Request: /favicon.ico
Invalid HTTP_HOST header: '89.104.68.164'. You may need to add '89.104.68.164' to ALLOWED_HOSTS.
Traceback (most recent call last):
  File "/home/toppr/pr/env/lib/python3.12/site-packages/django/core/handlers/exception.py", line 55, in inner
    response = get_response(request)
               ^^^^^^^^^^^^^^^^^^^^^
  File "/home/toppr/pr/env/lib/python3.12/site-packages/django/utils/deprecation.py", line 128, in __call__
    response = self.process_request(request)
               ^^^^^^^^^^^^^^^^^^^^^^^^^^^^^
  File "/home/toppr/pr/env/lib/python3.12/site-packages/django/middleware/common.py", line 48, in process_request
    host = request.get_host()
           ^^^^^^^^^^^^^^^^^^
  File "/home/toppr/pr/env/lib/python3.12/site-packages/django/http/request.py", line 151, in get_host
    raise DisallowedHost(msg)
django.core.exceptions.DisallowedHost: Invalid HTTP_HOST header: '89.104.68.164'. You may need to add '89.104.68.164' to ALLOWED_HOSTS.
Bad Request: /
Invalid HTTP_HOST header: '89.104.68.164'. You may need to add '89.104.68.164' to ALLOWED_HOSTS.
Traceback (most recent call last):
  File "/home/toppr/pr/env/lib/python3.12/site-packages/django/core/handlers/exception.py", line 55, in inner
    response = get_response(request)
               ^^^^^^^^^^^^^^^^^^^^^
  File "/home/toppr/pr/env/lib/python3.12/site-packages/django/utils/deprecation.py", line 128, in __call__
    response = self.process_request(request)
               ^^^^^^^^^^^^^^^^^^^^^^^^^^^^^
  File "/home/toppr/pr/env/lib/python3.12/site-packages/django/middleware/common.py", line 48, in process_request
    host = request.get_host()
           ^^^^^^^^^^^^^^^^^^
  File "/home/toppr/pr/env/lib/python3.12/site-packages/django/http/request.py", line 151, in get_host
    raise DisallowedHost(msg)
django.core.exceptions.DisallowedHost: Invalid HTTP_HOST header: '89.104.68.164'. You may need to add '89.104.68.164' to ALLOWED_HOSTS.
Bad Request: /teorema505
Invalid HTTP_HOST header: '89.104.68.164'. You may need to add '89.104.68.164' to ALLOWED_HOSTS.
Traceback (most recent call last):
  File "/home/toppr/pr/env/lib/python3.12/site-packages/django/core/handlers/exception.py", line 55, in inner
    response = get_response(request)
               ^^^^^^^^^^^^^^^^^^^^^
  File "/home/toppr/pr/env/lib/python3.12/site-packages/django/utils/deprecation.py", line 128, in __call__
    response = self.process_request(request)
               ^^^^^^^^^^^^^^^^^^^^^^^^^^^^^
  File "/home/toppr/pr/env/lib/python3.12/site-packages/django/middleware/common.py", line 48, in process_request
    host = request.get_host()
           ^^^^^^^^^^^^^^^^^^
  File "/home/toppr/pr/env/lib/python3.12/site-packages/django/http/request.py", line 151, in get_host
    raise DisallowedHost(msg)
django.core.exceptions.DisallowedHost: Invalid HTTP_HOST header: '89.104.68.164'. You may need to add '89.104.68.164' to ALLOWED_HOSTS.
Bad Request: /remote/login
Invalid HTTP_HOST header: '89.104.68.164'. You may need to add '89.104.68.164' to ALLOWED_HOSTS.
Traceback (most recent call last):
  File "/home/toppr/pr/env/lib/python3.12/site-packages/django/core/handlers/exception.py", line 55, in inner
    response = get_response(request)
               ^^^^^^^^^^^^^^^^^^^^^
  File "/home/toppr/pr/env/lib/python3.12/site-packages/django/utils/deprecation.py", line 128, in __call__
    response = self.process_request(request)
               ^^^^^^^^^^^^^^^^^^^^^^^^^^^^^
  File "/home/toppr/pr/env/lib/python3.12/site-packages/django/middleware/common.py", line 48, in process_request
    host = request.get_host()
           ^^^^^^^^^^^^^^^^^^
  File "/home/toppr/pr/env/lib/python3.12/site-packages/django/http/request.py", line 151, in get_host
    raise DisallowedHost(msg)
django.core.exceptions.DisallowedHost: Invalid HTTP_HOST header: '89.104.68.164'. You may need to add '89.104.68.164' to ALLOWED_HOSTS.
Bad Request: /login
Invalid HTTP_HOST header: '89.104.68.164'. You may need to add '89.104.68.164' to ALLOWED_HOSTS.
Traceback (most recent call last):
  File "/home/toppr/pr/env/lib/python3.12/site-packages/django/core/handlers/exception.py", line 55, in inner
    response = get_response(request)
               ^^^^^^^^^^^^^^^^^^^^^
  File "/home/toppr/pr/env/lib/python3.12/site-packages/django/utils/deprecation.py", line 128, in __call__
    response = self.process_request(request)
               ^^^^^^^^^^^^^^^^^^^^^^^^^^^^^
  File "/home/toppr/pr/env/lib/python3.12/site-packages/django/middleware/common.py", line 48, in process_request
    host = request.get_host()
           ^^^^^^^^^^^^^^^^^^
  File "/home/toppr/pr/env/lib/python3.12/site-packages/django/http/request.py", line 151, in get_host
    raise DisallowedHost(msg)
django.core.exceptions.DisallowedHost: Invalid HTTP_HOST header: '89.104.68.164'. You may need to add '89.104.68.164' to ALLOWED_HOSTS.
Bad Request: /
Invalid HTTP_HOST header: '89.104.68.164'. You may need to add '89.104.68.164' to ALLOWED_HOSTS.
Traceback (most recent call last):
  File "/home/toppr/pr/env/lib/python3.12/site-packages/django/core/handlers/exception.py", line 55, in inner
    response = get_response(request)
               ^^^^^^^^^^^^^^^^^^^^^
  File "/home/toppr/pr/env/lib/python3.12/site-packages/django/utils/deprecation.py", line 128, in __call__
    response = self.process_request(request)
               ^^^^^^^^^^^^^^^^^^^^^^^^^^^^^
  File "/home/toppr/pr/env/lib/python3.12/site-packages/django/middleware/common.py", line 48, in process_request
    host = request.get_host()
           ^^^^^^^^^^^^^^^^^^
  File "/home/toppr/pr/env/lib/python3.12/site-packages/django/http/request.py", line 151, in get_host
    raise DisallowedHost(msg)
django.core.exceptions.DisallowedHost: Invalid HTTP_HOST header: '89.104.68.164'. You may need to add '89.104.68.164' to ALLOWED_HOSTS.
Bad Request: /
Invalid HTTP_HOST header: '89.104.68.164'. You may need to add '89.104.68.164' to ALLOWED_HOSTS.
Traceback (most recent call last):
  File "/home/toppr/pr/env/lib/python3.12/site-packages/django/core/handlers/exception.py", line 55, in inner
    response = get_response(request)
               ^^^^^^^^^^^^^^^^^^^^^
  File "/home/toppr/pr/env/lib/python3.12/site-packages/django/utils/deprecation.py", line 128, in __call__
    response = self.process_request(request)
               ^^^^^^^^^^^^^^^^^^^^^^^^^^^^^
  File "/home/toppr/pr/env/lib/python3.12/site-packages/django/middleware/common.py", line 48, in process_request
    host = request.get_host()
           ^^^^^^^^^^^^^^^^^^
  File "/home/toppr/pr/env/lib/python3.12/site-packages/django/http/request.py", line 151, in get_host
    raise DisallowedHost(msg)
django.core.exceptions.DisallowedHost: Invalid HTTP_HOST header: '89.104.68.164'. You may need to add '89.104.68.164' to ALLOWED_HOSTS.
Bad Request: /robots.txt
Invalid HTTP_HOST header: '89.104.68.164'. You may need to add '89.104.68.164' to ALLOWED_HOSTS.
Traceback (most recent call last):
  File "/home/toppr/pr/env/lib/python3.12/site-packages/django/core/handlers/exception.py", line 55, in inner
    response = get_response(request)
               ^^^^^^^^^^^^^^^^^^^^^
  File "/home/toppr/pr/env/lib/python3.12/site-packages/django/utils/deprecation.py", line 128, in __call__
    response = self.process_request(request)
               ^^^^^^^^^^^^^^^^^^^^^^^^^^^^^
  File "/home/toppr/pr/env/lib/python3.12/site-packages/django/middleware/common.py", line 48, in process_request
    host = request.get_host()
           ^^^^^^^^^^^^^^^^^^
  File "/home/toppr/pr/env/lib/python3.12/site-packages/django/http/request.py", line 151, in get_host
    raise DisallowedHost(msg)
django.core.exceptions.DisallowedHost: Invalid HTTP_HOST header: '89.104.68.164'. You may need to add '89.104.68.164' to ALLOWED_HOSTS.
Bad Request: /favicon.ico
Invalid HTTP_HOST header: '89.104.68.164'. You may need to add '89.104.68.164' to ALLOWED_HOSTS.
Traceback (most recent call last):
  File "/home/toppr/pr/env/lib/python3.12/site-packages/django/core/handlers/exception.py", line 55, in inner
    response = get_response(request)
               ^^^^^^^^^^^^^^^^^^^^^
  File "/home/toppr/pr/env/lib/python3.12/site-packages/django/utils/deprecation.py", line 128, in __call__
    response = self.process_request(request)
               ^^^^^^^^^^^^^^^^^^^^^^^^^^^^^
  File "/home/toppr/pr/env/lib/python3.12/site-packages/django/middleware/common.py", line 48, in process_request
    host = request.get_host()
           ^^^^^^^^^^^^^^^^^^
  File "/home/toppr/pr/env/lib/python3.12/site-packages/django/http/request.py", line 151, in get_host
    raise DisallowedHost(msg)
django.core.exceptions.DisallowedHost: Invalid HTTP_HOST header: '89.104.68.164'. You may need to add '89.104.68.164' to ALLOWED_HOSTS.
Bad Request: /.env
Invalid HTTP_HOST header: '89.104.68.164'. You may need to add '89.104.68.164' to ALLOWED_HOSTS.
Traceback (most recent call last):
  File "/home/toppr/pr/env/lib/python3.12/site-packages/django/core/handlers/exception.py", line 55, in inner
    response = get_response(request)
               ^^^^^^^^^^^^^^^^^^^^^
  File "/home/toppr/pr/env/lib/python3.12/site-packages/django/utils/deprecation.py", line 128, in __call__
    response = self.process_request(request)
               ^^^^^^^^^^^^^^^^^^^^^^^^^^^^^
  File "/home/toppr/pr/env/lib/python3.12/site-packages/django/middleware/common.py", line 48, in process_request
    host = request.get_host()
           ^^^^^^^^^^^^^^^^^^
  File "/home/toppr/pr/env/lib/python3.12/site-packages/django/http/request.py", line 151, in get_host
    raise DisallowedHost(msg)
django.core.exceptions.DisallowedHost: Invalid HTTP_HOST header: '89.104.68.164'. You may need to add '89.104.68.164' to ALLOWED_HOSTS.
Bad Request: /
Invalid HTTP_HOST header: '89.104.68.164'. You may need to add '89.104.68.164' to ALLOWED_HOSTS.
Traceback (most recent call last):
  File "/home/toppr/pr/env/lib/python3.12/site-packages/django/core/handlers/exception.py", line 55, in inner
    response = get_response(request)
               ^^^^^^^^^^^^^^^^^^^^^
  File "/home/toppr/pr/env/lib/python3.12/site-packages/django/utils/deprecation.py", line 128, in __call__
    response = self.process_request(request)
               ^^^^^^^^^^^^^^^^^^^^^^^^^^^^^
  File "/home/toppr/pr/env/lib/python3.12/site-packages/django/middleware/common.py", line 48, in process_request
    host = request.get_host()
           ^^^^^^^^^^^^^^^^^^
  File "/home/toppr/pr/env/lib/python3.12/site-packages/django/http/request.py", line 151, in get_host
    raise DisallowedHost(msg)
django.core.exceptions.DisallowedHost: Invalid HTTP_HOST header: '89.104.68.164'. You may need to add '89.104.68.164' to ALLOWED_HOSTS.
Bad Request: /restore.php
Invalid HTTP_HOST header: '89.104.68.164'. You may need to add '89.104.68.164' to ALLOWED_HOSTS.
Traceback (most recent call last):
  File "/home/toppr/pr/env/lib/python3.12/site-packages/django/core/handlers/exception.py", line 55, in inner
    response = get_response(request)
               ^^^^^^^^^^^^^^^^^^^^^
  File "/home/toppr/pr/env/lib/python3.12/site-packages/django/utils/deprecation.py", line 128, in __call__
    response = self.process_request(request)
               ^^^^^^^^^^^^^^^^^^^^^^^^^^^^^
  File "/home/toppr/pr/env/lib/python3.12/site-packages/django/middleware/common.py", line 48, in process_request
    host = request.get_host()
           ^^^^^^^^^^^^^^^^^^
  File "/home/toppr/pr/env/lib/python3.12/site-packages/django/http/request.py", line 151, in get_host
    raise DisallowedHost(msg)
django.core.exceptions.DisallowedHost: Invalid HTTP_HOST header: '89.104.68.164'. You may need to add '89.104.68.164' to ALLOWED_HOSTS.
Bad Request: /
Not Found: /wp-login.php
Invalid HTTP_HOST header: 'meme-rating.hive-dev.ru'. You may need to add 'meme-rating.hive-dev.ru' to ALLOWED_HOSTS.
Traceback (most recent call last):
  File "/home/toppr/pr/env/lib/python3.12/site-packages/django/core/handlers/exception.py", line 55, in inner
    response = get_response(request)
               ^^^^^^^^^^^^^^^^^^^^^
  File "/home/toppr/pr/env/lib/python3.12/site-packages/django/utils/deprecation.py", line 128, in __call__
    response = self.process_request(request)
               ^^^^^^^^^^^^^^^^^^^^^^^^^^^^^
  File "/home/toppr/pr/env/lib/python3.12/site-packages/django/middleware/common.py", line 48, in process_request
    host = request.get_host()
           ^^^^^^^^^^^^^^^^^^
  File "/home/toppr/pr/env/lib/python3.12/site-packages/django/http/request.py", line 151, in get_host
    raise DisallowedHost(msg)
django.core.exceptions.DisallowedHost: Invalid HTTP_HOST header: 'meme-rating.hive-dev.ru'. You may need to add 'meme-rating.hive-dev.ru' to ALLOWED_HOSTS.
Bad Request: /
Invalid HTTP_HOST header: '89.104.68.164'. You may need to add '89.104.68.164' to ALLOWED_HOSTS.
Traceback (most recent call last):
  File "/home/toppr/pr/env/lib/python3.12/site-packages/django/core/handlers/exception.py", line 55, in inner
    response = get_response(request)
               ^^^^^^^^^^^^^^^^^^^^^
  File "/home/toppr/pr/env/lib/python3.12/site-packages/django/utils/deprecation.py", line 128, in __call__
    response = self.process_request(request)
               ^^^^^^^^^^^^^^^^^^^^^^^^^^^^^
  File "/home/toppr/pr/env/lib/python3.12/site-packages/django/middleware/common.py", line 48, in process_request
    host = request.get_host()
           ^^^^^^^^^^^^^^^^^^
  File "/home/toppr/pr/env/lib/python3.12/site-packages/django/http/request.py", line 151, in get_host
    raise DisallowedHost(msg)
django.core.exceptions.DisallowedHost: Invalid HTTP_HOST header: '89.104.68.164'. You may need to add '89.104.68.164' to ALLOWED_HOSTS.
Bad Request: /script
Invalid HTTP_HOST header: '89.104.68.164'. You may need to add '89.104.68.164' to ALLOWED_HOSTS.
Traceback (most recent call last):
  File "/home/toppr/pr/env/lib/python3.12/site-packages/django/core/handlers/exception.py", line 55, in inner
    response = get_response(request)
               ^^^^^^^^^^^^^^^^^^^^^
  File "/home/toppr/pr/env/lib/python3.12/site-packages/django/utils/deprecation.py", line 128, in __call__
    response = self.process_request(request)
               ^^^^^^^^^^^^^^^^^^^^^^^^^^^^^
  File "/home/toppr/pr/env/lib/python3.12/site-packages/django/middleware/common.py", line 48, in process_request
    host = request.get_host()
           ^^^^^^^^^^^^^^^^^^
  File "/home/toppr/pr/env/lib/python3.12/site-packages/django/http/request.py", line 151, in get_host
    raise DisallowedHost(msg)
django.core.exceptions.DisallowedHost: Invalid HTTP_HOST header: '89.104.68.164'. You may need to add '89.104.68.164' to ALLOWED_HOSTS.
Bad Request: /login
Invalid HTTP_HOST header: '89.104.68.164'. You may need to add '89.104.68.164' to ALLOWED_HOSTS.
Traceback (most recent call last):
  File "/home/toppr/pr/env/lib/python3.12/site-packages/django/core/handlers/exception.py", line 55, in inner
    response = get_response(request)
               ^^^^^^^^^^^^^^^^^^^^^
  File "/home/toppr/pr/env/lib/python3.12/site-packages/django/utils/deprecation.py", line 128, in __call__
    response = self.process_request(request)
               ^^^^^^^^^^^^^^^^^^^^^^^^^^^^^
  File "/home/toppr/pr/env/lib/python3.12/site-packages/django/middleware/common.py", line 48, in process_request
    host = request.get_host()
           ^^^^^^^^^^^^^^^^^^
  File "/home/toppr/pr/env/lib/python3.12/site-packages/django/http/request.py", line 151, in get_host
    raise DisallowedHost(msg)
django.core.exceptions.DisallowedHost: Invalid HTTP_HOST header: '89.104.68.164'. You may need to add '89.104.68.164' to ALLOWED_HOSTS.
Bad Request: /manager/html
Invalid HTTP_HOST header: '89.104.68.164'. You may need to add '89.104.68.164' to ALLOWED_HOSTS.
Traceback (most recent call last):
  File "/home/toppr/pr/env/lib/python3.12/site-packages/django/core/handlers/exception.py", line 55, in inner
    response = get_response(request)
               ^^^^^^^^^^^^^^^^^^^^^
  File "/home/toppr/pr/env/lib/python3.12/site-packages/django/utils/deprecation.py", line 128, in __call__
    response = self.process_request(request)
               ^^^^^^^^^^^^^^^^^^^^^^^^^^^^^
  File "/home/toppr/pr/env/lib/python3.12/site-packages/django/middleware/common.py", line 48, in process_request
    host = request.get_host()
           ^^^^^^^^^^^^^^^^^^
  File "/home/toppr/pr/env/lib/python3.12/site-packages/django/http/request.py", line 151, in get_host
    raise DisallowedHost(msg)
django.core.exceptions.DisallowedHost: Invalid HTTP_HOST header: '89.104.68.164'. You may need to add '89.104.68.164' to ALLOWED_HOSTS.
Bad Request: /users/sign_in
Invalid HTTP_HOST header: '89.104.68.164'. You may need to add '89.104.68.164' to ALLOWED_HOSTS.
Traceback (most recent call last):
  File "/home/toppr/pr/env/lib/python3.12/site-packages/django/core/handlers/exception.py", line 55, in inner
    response = get_response(request)
               ^^^^^^^^^^^^^^^^^^^^^
  File "/home/toppr/pr/env/lib/python3.12/site-packages/django/utils/deprecation.py", line 128, in __call__
    response = self.process_request(request)
               ^^^^^^^^^^^^^^^^^^^^^^^^^^^^^
  File "/home/toppr/pr/env/lib/python3.12/site-packages/django/middleware/common.py", line 48, in process_request
    host = request.get_host()
           ^^^^^^^^^^^^^^^^^^
  File "/home/toppr/pr/env/lib/python3.12/site-packages/django/http/request.py", line 151, in get_host
    raise DisallowedHost(msg)
django.core.exceptions.DisallowedHost: Invalid HTTP_HOST header: '89.104.68.164'. You may need to add '89.104.68.164' to ALLOWED_HOSTS.
Bad Request: /restore.php
Invalid HTTP_HOST header: '89.104.68.164'. You may need to add '89.104.68.164' to ALLOWED_HOSTS.
Traceback (most recent call last):
  File "/home/toppr/pr/env/lib/python3.12/site-packages/django/core/handlers/exception.py", line 55, in inner
    response = get_response(request)
               ^^^^^^^^^^^^^^^^^^^^^
  File "/home/toppr/pr/env/lib/python3.12/site-packages/django/utils/deprecation.py", line 128, in __call__
    response = self.process_request(request)
               ^^^^^^^^^^^^^^^^^^^^^^^^^^^^^
  File "/home/toppr/pr/env/lib/python3.12/site-packages/django/middleware/common.py", line 48, in process_request
    host = request.get_host()
           ^^^^^^^^^^^^^^^^^^
  File "/home/toppr/pr/env/lib/python3.12/site-packages/django/http/request.py", line 151, in get_host
    raise DisallowedHost(msg)
django.core.exceptions.DisallowedHost: Invalid HTTP_HOST header: '89.104.68.164'. You may need to add '89.104.68.164' to ALLOWED_HOSTS.
Bad Request: /
Not Found: /.env
Forbidden (Referer checking failed - no Referer.): /
Not Found: /vendor/phpunit/phpunit/src/Util/PHP/eval-stdin.php
Invalid HTTP_HOST header: '89.104.68.164'. You may need to add '89.104.68.164' to ALLOWED_HOSTS.
Traceback (most recent call last):
  File "/home/toppr/pr/env/lib/python3.12/site-packages/django/core/handlers/exception.py", line 55, in inner
    response = get_response(request)
               ^^^^^^^^^^^^^^^^^^^^^
  File "/home/toppr/pr/env/lib/python3.12/site-packages/django/utils/deprecation.py", line 128, in __call__
    response = self.process_request(request)
               ^^^^^^^^^^^^^^^^^^^^^^^^^^^^^
  File "/home/toppr/pr/env/lib/python3.12/site-packages/django/middleware/common.py", line 48, in process_request
    host = request.get_host()
           ^^^^^^^^^^^^^^^^^^
  File "/home/toppr/pr/env/lib/python3.12/site-packages/django/http/request.py", line 151, in get_host
    raise DisallowedHost(msg)
django.core.exceptions.DisallowedHost: Invalid HTTP_HOST header: '89.104.68.164'. You may need to add '89.104.68.164' to ALLOWED_HOSTS.
Bad Request: /
Invalid HTTP_HOST header: '89.104.68.164'. You may need to add '89.104.68.164' to ALLOWED_HOSTS.
Traceback (most recent call last):
  File "/home/toppr/pr/env/lib/python3.12/site-packages/django/core/handlers/exception.py", line 55, in inner
    response = get_response(request)
               ^^^^^^^^^^^^^^^^^^^^^
  File "/home/toppr/pr/env/lib/python3.12/site-packages/django/utils/deprecation.py", line 128, in __call__
    response = self.process_request(request)
               ^^^^^^^^^^^^^^^^^^^^^^^^^^^^^
  File "/home/toppr/pr/env/lib/python3.12/site-packages/django/middleware/common.py", line 48, in process_request
    host = request.get_host()
           ^^^^^^^^^^^^^^^^^^
  File "/home/toppr/pr/env/lib/python3.12/site-packages/django/http/request.py", line 151, in get_host
    raise DisallowedHost(msg)
django.core.exceptions.DisallowedHost: Invalid HTTP_HOST header: '89.104.68.164'. You may need to add '89.104.68.164' to ALLOWED_HOSTS.
Bad Request: /
Invalid HTTP_HOST header: '89.104.68.164'. You may need to add '89.104.68.164' to ALLOWED_HOSTS.
Traceback (most recent call last):
  File "/home/toppr/pr/env/lib/python3.12/site-packages/django/core/handlers/exception.py", line 55, in inner
    response = get_response(request)
               ^^^^^^^^^^^^^^^^^^^^^
  File "/home/toppr/pr/env/lib/python3.12/site-packages/django/utils/deprecation.py", line 128, in __call__
    response = self.process_request(request)
               ^^^^^^^^^^^^^^^^^^^^^^^^^^^^^
  File "/home/toppr/pr/env/lib/python3.12/site-packages/django/middleware/common.py", line 48, in process_request
    host = request.get_host()
           ^^^^^^^^^^^^^^^^^^
  File "/home/toppr/pr/env/lib/python3.12/site-packages/django/http/request.py", line 151, in get_host
    raise DisallowedHost(msg)
django.core.exceptions.DisallowedHost: Invalid HTTP_HOST header: '89.104.68.164'. You may need to add '89.104.68.164' to ALLOWED_HOSTS.
Bad Request: /actuator/health
Invalid HTTP_HOST header: '89.104.68.164'. You may need to add '89.104.68.164' to ALLOWED_HOSTS.
Traceback (most recent call last):
  File "/home/toppr/pr/env/lib/python3.12/site-packages/django/core/handlers/exception.py", line 55, in inner
    response = get_response(request)
               ^^^^^^^^^^^^^^^^^^^^^
  File "/home/toppr/pr/env/lib/python3.12/site-packages/django/utils/deprecation.py", line 128, in __call__
    response = self.process_request(request)
               ^^^^^^^^^^^^^^^^^^^^^^^^^^^^^
  File "/home/toppr/pr/env/lib/python3.12/site-packages/django/middleware/common.py", line 48, in process_request
    host = request.get_host()
           ^^^^^^^^^^^^^^^^^^
  File "/home/toppr/pr/env/lib/python3.12/site-packages/django/http/request.py", line 151, in get_host
    raise DisallowedHost(msg)
django.core.exceptions.DisallowedHost: Invalid HTTP_HOST header: '89.104.68.164'. You may need to add '89.104.68.164' to ALLOWED_HOSTS.
Bad Request: /.env
Invalid HTTP_HOST header: '89.104.68.164'. You may need to add '89.104.68.164' to ALLOWED_HOSTS.
Traceback (most recent call last):
  File "/home/toppr/pr/env/lib/python3.12/site-packages/django/core/handlers/exception.py", line 55, in inner
    response = get_response(request)
               ^^^^^^^^^^^^^^^^^^^^^
  File "/home/toppr/pr/env/lib/python3.12/site-packages/django/utils/deprecation.py", line 128, in __call__
    response = self.process_request(request)
               ^^^^^^^^^^^^^^^^^^^^^^^^^^^^^
  File "/home/toppr/pr/env/lib/python3.12/site-packages/django/middleware/common.py", line 48, in process_request
    host = request.get_host()
           ^^^^^^^^^^^^^^^^^^
  File "/home/toppr/pr/env/lib/python3.12/site-packages/django/http/request.py", line 151, in get_host
    raise DisallowedHost(msg)
django.core.exceptions.DisallowedHost: Invalid HTTP_HOST header: '89.104.68.164'. You may need to add '89.104.68.164' to ALLOWED_HOSTS.
Bad Request: /
Invalid HTTP_HOST header: '89.104.68.164'. You may need to add '89.104.68.164' to ALLOWED_HOSTS.
Traceback (most recent call last):
  File "/home/toppr/pr/env/lib/python3.12/site-packages/django/core/handlers/exception.py", line 55, in inner
    response = get_response(request)
               ^^^^^^^^^^^^^^^^^^^^^
  File "/home/toppr/pr/env/lib/python3.12/site-packages/django/utils/deprecation.py", line 128, in __call__
    response = self.process_request(request)
               ^^^^^^^^^^^^^^^^^^^^^^^^^^^^^
  File "/home/toppr/pr/env/lib/python3.12/site-packages/django/middleware/common.py", line 48, in process_request
    host = request.get_host()
           ^^^^^^^^^^^^^^^^^^
  File "/home/toppr/pr/env/lib/python3.12/site-packages/django/http/request.py", line 151, in get_host
    raise DisallowedHost(msg)
django.core.exceptions.DisallowedHost: Invalid HTTP_HOST header: '89.104.68.164'. You may need to add '89.104.68.164' to ALLOWED_HOSTS.
Bad Request: /
Invalid HTTP_HOST header: '89.104.68.164'. You may need to add '89.104.68.164' to ALLOWED_HOSTS.
Traceback (most recent call last):
  File "/home/toppr/pr/env/lib/python3.12/site-packages/django/core/handlers/exception.py", line 55, in inner
    response = get_response(request)
               ^^^^^^^^^^^^^^^^^^^^^
  File "/home/toppr/pr/env/lib/python3.12/site-packages/django/utils/deprecation.py", line 128, in __call__
    response = self.process_request(request)
               ^^^^^^^^^^^^^^^^^^^^^^^^^^^^^
  File "/home/toppr/pr/env/lib/python3.12/site-packages/django/middleware/common.py", line 48, in process_request
    host = request.get_host()
           ^^^^^^^^^^^^^^^^^^
  File "/home/toppr/pr/env/lib/python3.12/site-packages/django/http/request.py", line 151, in get_host
    raise DisallowedHost(msg)
django.core.exceptions.DisallowedHost: Invalid HTTP_HOST header: '89.104.68.164'. You may need to add '89.104.68.164' to ALLOWED_HOSTS.
Bad Request: /
Invalid HTTP_HOST header: '89.104.68.164'. You may need to add '89.104.68.164' to ALLOWED_HOSTS.
Traceback (most recent call last):
  File "/home/toppr/pr/env/lib/python3.12/site-packages/django/core/handlers/exception.py", line 55, in inner
    response = get_response(request)
               ^^^^^^^^^^^^^^^^^^^^^
  File "/home/toppr/pr/env/lib/python3.12/site-packages/django/utils/deprecation.py", line 128, in __call__
    response = self.process_request(request)
               ^^^^^^^^^^^^^^^^^^^^^^^^^^^^^
  File "/home/toppr/pr/env/lib/python3.12/site-packages/django/middleware/common.py", line 48, in process_request
    host = request.get_host()
           ^^^^^^^^^^^^^^^^^^
  File "/home/toppr/pr/env/lib/python3.12/site-packages/django/http/request.py", line 151, in get_host
    raise DisallowedHost(msg)
django.core.exceptions.DisallowedHost: Invalid HTTP_HOST header: '89.104.68.164'. You may need to add '89.104.68.164' to ALLOWED_HOSTS.
Bad Request: /favicon.ico
Invalid HTTP_HOST header: '89.104.68.164'. You may need to add '89.104.68.164' to ALLOWED_HOSTS.
Traceback (most recent call last):
  File "/home/toppr/pr/env/lib/python3.12/site-packages/django/core/handlers/exception.py", line 55, in inner
    response = get_response(request)
               ^^^^^^^^^^^^^^^^^^^^^
  File "/home/toppr/pr/env/lib/python3.12/site-packages/django/utils/deprecation.py", line 128, in __call__
    response = self.process_request(request)
               ^^^^^^^^^^^^^^^^^^^^^^^^^^^^^
  File "/home/toppr/pr/env/lib/python3.12/site-packages/django/middleware/common.py", line 48, in process_request
    host = request.get_host()
           ^^^^^^^^^^^^^^^^^^
  File "/home/toppr/pr/env/lib/python3.12/site-packages/django/http/request.py", line 151, in get_host
    raise DisallowedHost(msg)
django.core.exceptions.DisallowedHost: Invalid HTTP_HOST header: '89.104.68.164'. You may need to add '89.104.68.164' to ALLOWED_HOSTS.
Bad Request: /sitemap.xml
Invalid HTTP_HOST header: '89.104.68.164'. You may need to add '89.104.68.164' to ALLOWED_HOSTS.
Traceback (most recent call last):
  File "/home/toppr/pr/env/lib/python3.12/site-packages/django/core/handlers/exception.py", line 55, in inner
    response = get_response(request)
               ^^^^^^^^^^^^^^^^^^^^^
  File "/home/toppr/pr/env/lib/python3.12/site-packages/django/utils/deprecation.py", line 128, in __call__
    response = self.process_request(request)
               ^^^^^^^^^^^^^^^^^^^^^^^^^^^^^
  File "/home/toppr/pr/env/lib/python3.12/site-packages/django/middleware/common.py", line 48, in process_request
    host = request.get_host()
           ^^^^^^^^^^^^^^^^^^
  File "/home/toppr/pr/env/lib/python3.12/site-packages/django/http/request.py", line 151, in get_host
    raise DisallowedHost(msg)
django.core.exceptions.DisallowedHost: Invalid HTTP_HOST header: '89.104.68.164'. You may need to add '89.104.68.164' to ALLOWED_HOSTS.
Bad Request: /robots.txt
Invalid HTTP_HOST header: '89.104.68.164'. You may need to add '89.104.68.164' to ALLOWED_HOSTS.
Traceback (most recent call last):
  File "/home/toppr/pr/env/lib/python3.12/site-packages/django/core/handlers/exception.py", line 55, in inner
    response = get_response(request)
               ^^^^^^^^^^^^^^^^^^^^^
  File "/home/toppr/pr/env/lib/python3.12/site-packages/django/utils/deprecation.py", line 128, in __call__
    response = self.process_request(request)
               ^^^^^^^^^^^^^^^^^^^^^^^^^^^^^
  File "/home/toppr/pr/env/lib/python3.12/site-packages/django/middleware/common.py", line 48, in process_request
    host = request.get_host()
           ^^^^^^^^^^^^^^^^^^
  File "/home/toppr/pr/env/lib/python3.12/site-packages/django/http/request.py", line 151, in get_host
    raise DisallowedHost(msg)
django.core.exceptions.DisallowedHost: Invalid HTTP_HOST header: '89.104.68.164'. You may need to add '89.104.68.164' to ALLOWED_HOSTS.
Bad Request: /remote/login
Invalid HTTP_HOST header: '89.104.68.164'. You may need to add '89.104.68.164' to ALLOWED_HOSTS.
Traceback (most recent call last):
  File "/home/toppr/pr/env/lib/python3.12/site-packages/django/core/handlers/exception.py", line 55, in inner
    response = get_response(request)
               ^^^^^^^^^^^^^^^^^^^^^
  File "/home/toppr/pr/env/lib/python3.12/site-packages/django/utils/deprecation.py", line 128, in __call__
    response = self.process_request(request)
               ^^^^^^^^^^^^^^^^^^^^^^^^^^^^^
  File "/home/toppr/pr/env/lib/python3.12/site-packages/django/middleware/common.py", line 48, in process_request
    host = request.get_host()
           ^^^^^^^^^^^^^^^^^^
  File "/home/toppr/pr/env/lib/python3.12/site-packages/django/http/request.py", line 151, in get_host
    raise DisallowedHost(msg)
django.core.exceptions.DisallowedHost: Invalid HTTP_HOST header: '89.104.68.164'. You may need to add '89.104.68.164' to ALLOWED_HOSTS.
Bad Request: /login
Invalid HTTP_HOST header: '89.104.68.164'. You may need to add '89.104.68.164' to ALLOWED_HOSTS.
Traceback (most recent call last):
  File "/home/toppr/pr/env/lib/python3.12/site-packages/django/core/handlers/exception.py", line 55, in inner
    response = get_response(request)
               ^^^^^^^^^^^^^^^^^^^^^
  File "/home/toppr/pr/env/lib/python3.12/site-packages/django/utils/deprecation.py", line 128, in __call__
    response = self.process_request(request)
               ^^^^^^^^^^^^^^^^^^^^^^^^^^^^^
  File "/home/toppr/pr/env/lib/python3.12/site-packages/django/middleware/common.py", line 48, in process_request
    host = request.get_host()
           ^^^^^^^^^^^^^^^^^^
  File "/home/toppr/pr/env/lib/python3.12/site-packages/django/http/request.py", line 151, in get_host
    raise DisallowedHost(msg)
django.core.exceptions.DisallowedHost: Invalid HTTP_HOST header: '89.104.68.164'. You may need to add '89.104.68.164' to ALLOWED_HOSTS.
Bad Request: /
Invalid HTTP_HOST header: '89.104.68.164'. You may need to add '89.104.68.164' to ALLOWED_HOSTS.
Traceback (most recent call last):
  File "/home/toppr/pr/env/lib/python3.12/site-packages/django/core/handlers/exception.py", line 55, in inner
    response = get_response(request)
               ^^^^^^^^^^^^^^^^^^^^^
  File "/home/toppr/pr/env/lib/python3.12/site-packages/django/utils/deprecation.py", line 128, in __call__
    response = self.process_request(request)
               ^^^^^^^^^^^^^^^^^^^^^^^^^^^^^
  File "/home/toppr/pr/env/lib/python3.12/site-packages/django/middleware/common.py", line 48, in process_request
    host = request.get_host()
           ^^^^^^^^^^^^^^^^^^
  File "/home/toppr/pr/env/lib/python3.12/site-packages/django/http/request.py", line 151, in get_host
    raise DisallowedHost(msg)
django.core.exceptions.DisallowedHost: Invalid HTTP_HOST header: '89.104.68.164'. You may need to add '89.104.68.164' to ALLOWED_HOSTS.
Bad Request: /restore.php
Invalid HTTP_HOST header: '89.104.68.164'. You may need to add '89.104.68.164' to ALLOWED_HOSTS.
Traceback (most recent call last):
  File "/home/toppr/pr/env/lib/python3.12/site-packages/django/core/handlers/exception.py", line 55, in inner
    response = get_response(request)
               ^^^^^^^^^^^^^^^^^^^^^
  File "/home/toppr/pr/env/lib/python3.12/site-packages/django/utils/deprecation.py", line 128, in __call__
    response = self.process_request(request)
               ^^^^^^^^^^^^^^^^^^^^^^^^^^^^^
  File "/home/toppr/pr/env/lib/python3.12/site-packages/django/middleware/common.py", line 48, in process_request
    host = request.get_host()
           ^^^^^^^^^^^^^^^^^^
  File "/home/toppr/pr/env/lib/python3.12/site-packages/django/http/request.py", line 151, in get_host
    raise DisallowedHost(msg)
django.core.exceptions.DisallowedHost: Invalid HTTP_HOST header: '89.104.68.164'. You may need to add '89.104.68.164' to ALLOWED_HOSTS.
Bad Request: /
Invalid HTTP_HOST header: '89.104.68.164'. You may need to add '89.104.68.164' to ALLOWED_HOSTS.
Traceback (most recent call last):
  File "/home/toppr/pr/env/lib/python3.12/site-packages/django/core/handlers/exception.py", line 55, in inner
    response = get_response(request)
               ^^^^^^^^^^^^^^^^^^^^^
  File "/home/toppr/pr/env/lib/python3.12/site-packages/django/utils/deprecation.py", line 128, in __call__
    response = self.process_request(request)
               ^^^^^^^^^^^^^^^^^^^^^^^^^^^^^
  File "/home/toppr/pr/env/lib/python3.12/site-packages/django/middleware/common.py", line 48, in process_request
    host = request.get_host()
           ^^^^^^^^^^^^^^^^^^
  File "/home/toppr/pr/env/lib/python3.12/site-packages/django/http/request.py", line 151, in get_host
    raise DisallowedHost(msg)
django.core.exceptions.DisallowedHost: Invalid HTTP_HOST header: '89.104.68.164'. You may need to add '89.104.68.164' to ALLOWED_HOSTS.
Bad Request: /
Invalid HTTP_HOST header: '89.104.68.164'. You may need to add '89.104.68.164' to ALLOWED_HOSTS.
Traceback (most recent call last):
  File "/home/toppr/pr/env/lib/python3.12/site-packages/django/core/handlers/exception.py", line 55, in inner
    response = get_response(request)
               ^^^^^^^^^^^^^^^^^^^^^
  File "/home/toppr/pr/env/lib/python3.12/site-packages/django/utils/deprecation.py", line 128, in __call__
    response = self.process_request(request)
               ^^^^^^^^^^^^^^^^^^^^^^^^^^^^^
  File "/home/toppr/pr/env/lib/python3.12/site-packages/django/middleware/common.py", line 48, in process_request
    host = request.get_host()
           ^^^^^^^^^^^^^^^^^^
  File "/home/toppr/pr/env/lib/python3.12/site-packages/django/http/request.py", line 151, in get_host
    raise DisallowedHost(msg)
django.core.exceptions.DisallowedHost: Invalid HTTP_HOST header: '89.104.68.164'. You may need to add '89.104.68.164' to ALLOWED_HOSTS.
Bad Request: /
Invalid HTTP_HOST header: '89.104.68.164'. You may need to add '89.104.68.164' to ALLOWED_HOSTS.
Traceback (most recent call last):
  File "/home/toppr/pr/env/lib/python3.12/site-packages/django/core/handlers/exception.py", line 55, in inner
    response = get_response(request)
               ^^^^^^^^^^^^^^^^^^^^^
  File "/home/toppr/pr/env/lib/python3.12/site-packages/django/utils/deprecation.py", line 128, in __call__
    response = self.process_request(request)
               ^^^^^^^^^^^^^^^^^^^^^^^^^^^^^
  File "/home/toppr/pr/env/lib/python3.12/site-packages/django/middleware/common.py", line 48, in process_request
    host = request.get_host()
           ^^^^^^^^^^^^^^^^^^
  File "/home/toppr/pr/env/lib/python3.12/site-packages/django/http/request.py", line 151, in get_host
    raise DisallowedHost(msg)
django.core.exceptions.DisallowedHost: Invalid HTTP_HOST header: '89.104.68.164'. You may need to add '89.104.68.164' to ALLOWED_HOSTS.
Bad Request: /version
Invalid HTTP_HOST header: '89.104.68.164'. You may need to add '89.104.68.164' to ALLOWED_HOSTS.
Traceback (most recent call last):
  File "/home/toppr/pr/env/lib/python3.12/site-packages/django/core/handlers/exception.py", line 55, in inner
    response = get_response(request)
               ^^^^^^^^^^^^^^^^^^^^^
  File "/home/toppr/pr/env/lib/python3.12/site-packages/django/utils/deprecation.py", line 128, in __call__
    response = self.process_request(request)
               ^^^^^^^^^^^^^^^^^^^^^^^^^^^^^
  File "/home/toppr/pr/env/lib/python3.12/site-packages/django/middleware/common.py", line 48, in process_request
    host = request.get_host()
           ^^^^^^^^^^^^^^^^^^
  File "/home/toppr/pr/env/lib/python3.12/site-packages/django/http/request.py", line 151, in get_host
    raise DisallowedHost(msg)
django.core.exceptions.DisallowedHost: Invalid HTTP_HOST header: '89.104.68.164'. You may need to add '89.104.68.164' to ALLOWED_HOSTS.
Bad Request: /api
Invalid HTTP_HOST header: '89.104.68.164'. You may need to add '89.104.68.164' to ALLOWED_HOSTS.
Traceback (most recent call last):
  File "/home/toppr/pr/env/lib/python3.12/site-packages/django/core/handlers/exception.py", line 55, in inner
    response = get_response(request)
               ^^^^^^^^^^^^^^^^^^^^^
  File "/home/toppr/pr/env/lib/python3.12/site-packages/django/utils/deprecation.py", line 128, in __call__
    response = self.process_request(request)
               ^^^^^^^^^^^^^^^^^^^^^^^^^^^^^
  File "/home/toppr/pr/env/lib/python3.12/site-packages/django/middleware/common.py", line 48, in process_request
    host = request.get_host()
           ^^^^^^^^^^^^^^^^^^
  File "/home/toppr/pr/env/lib/python3.12/site-packages/django/http/request.py", line 151, in get_host
    raise DisallowedHost(msg)
django.core.exceptions.DisallowedHost: Invalid HTTP_HOST header: '89.104.68.164'. You may need to add '89.104.68.164' to ALLOWED_HOSTS.
Bad Request: /stats
Invalid HTTP_HOST header: '89.104.68.164'. You may need to add '89.104.68.164' to ALLOWED_HOSTS.
Traceback (most recent call last):
  File "/home/toppr/pr/env/lib/python3.12/site-packages/django/core/handlers/exception.py", line 55, in inner
    response = get_response(request)
               ^^^^^^^^^^^^^^^^^^^^^
  File "/home/toppr/pr/env/lib/python3.12/site-packages/django/utils/deprecation.py", line 128, in __call__
    response = self.process_request(request)
               ^^^^^^^^^^^^^^^^^^^^^^^^^^^^^
  File "/home/toppr/pr/env/lib/python3.12/site-packages/django/middleware/common.py", line 48, in process_request
    host = request.get_host()
           ^^^^^^^^^^^^^^^^^^
  File "/home/toppr/pr/env/lib/python3.12/site-packages/django/http/request.py", line 151, in get_host
    raise DisallowedHost(msg)
django.core.exceptions.DisallowedHost: Invalid HTTP_HOST header: '89.104.68.164'. You may need to add '89.104.68.164' to ALLOWED_HOSTS.
Bad Request: /openapi/v2
Invalid HTTP_HOST header: '89.104.68.164'. You may need to add '89.104.68.164' to ALLOWED_HOSTS.
Traceback (most recent call last):
  File "/home/toppr/pr/env/lib/python3.12/site-packages/django/core/handlers/exception.py", line 55, in inner
    response = get_response(request)
               ^^^^^^^^^^^^^^^^^^^^^
  File "/home/toppr/pr/env/lib/python3.12/site-packages/django/utils/deprecation.py", line 128, in __call__
    response = self.process_request(request)
               ^^^^^^^^^^^^^^^^^^^^^^^^^^^^^
  File "/home/toppr/pr/env/lib/python3.12/site-packages/django/middleware/common.py", line 48, in process_request
    host = request.get_host()
           ^^^^^^^^^^^^^^^^^^
  File "/home/toppr/pr/env/lib/python3.12/site-packages/django/http/request.py", line 151, in get_host
    raise DisallowedHost(msg)
django.core.exceptions.DisallowedHost: Invalid HTTP_HOST header: '89.104.68.164'. You may need to add '89.104.68.164' to ALLOWED_HOSTS.
Bad Request: /containers/json
Invalid HTTP_HOST header: '89.104.68.164'. You may need to add '89.104.68.164' to ALLOWED_HOSTS.
Traceback (most recent call last):
  File "/home/toppr/pr/env/lib/python3.12/site-packages/django/core/handlers/exception.py", line 55, in inner
    response = get_response(request)
               ^^^^^^^^^^^^^^^^^^^^^
  File "/home/toppr/pr/env/lib/python3.12/site-packages/django/utils/deprecation.py", line 128, in __call__
    response = self.process_request(request)
               ^^^^^^^^^^^^^^^^^^^^^^^^^^^^^
  File "/home/toppr/pr/env/lib/python3.12/site-packages/django/middleware/common.py", line 48, in process_request
    host = request.get_host()
           ^^^^^^^^^^^^^^^^^^
  File "/home/toppr/pr/env/lib/python3.12/site-packages/django/http/request.py", line 151, in get_host
    raise DisallowedHost(msg)
django.core.exceptions.DisallowedHost: Invalid HTTP_HOST header: '89.104.68.164'. You may need to add '89.104.68.164' to ALLOWED_HOSTS.
Bad Request: /.env.bak
Invalid HTTP_HOST header: '89.104.68.164'. You may need to add '89.104.68.164' to ALLOWED_HOSTS.
Traceback (most recent call last):
  File "/home/toppr/pr/env/lib/python3.12/site-packages/django/core/handlers/exception.py", line 55, in inner
    response = get_response(request)
               ^^^^^^^^^^^^^^^^^^^^^
  File "/home/toppr/pr/env/lib/python3.12/site-packages/django/utils/deprecation.py", line 128, in __call__
    response = self.process_request(request)
               ^^^^^^^^^^^^^^^^^^^^^^^^^^^^^
  File "/home/toppr/pr/env/lib/python3.12/site-packages/django/middleware/common.py", line 48, in process_request
    host = request.get_host()
           ^^^^^^^^^^^^^^^^^^
  File "/home/toppr/pr/env/lib/python3.12/site-packages/django/http/request.py", line 151, in get_host
    raise DisallowedHost(msg)
django.core.exceptions.DisallowedHost: Invalid HTTP_HOST header: '89.104.68.164'. You may need to add '89.104.68.164' to ALLOWED_HOSTS.
Bad Request: /.env
Not Found: /wp-login.php
Not Found: /wp-login.php
Invalid HTTP_HOST header: '89.104.68.164'. You may need to add '89.104.68.164' to ALLOWED_HOSTS.
Traceback (most recent call last):
  File "/home/toppr/pr/env/lib/python3.12/site-packages/django/core/handlers/exception.py", line 55, in inner
    response = get_response(request)
               ^^^^^^^^^^^^^^^^^^^^^
  File "/home/toppr/pr/env/lib/python3.12/site-packages/django/utils/deprecation.py", line 128, in __call__
    response = self.process_request(request)
               ^^^^^^^^^^^^^^^^^^^^^^^^^^^^^
  File "/home/toppr/pr/env/lib/python3.12/site-packages/django/middleware/common.py", line 48, in process_request
    host = request.get_host()
           ^^^^^^^^^^^^^^^^^^
  File "/home/toppr/pr/env/lib/python3.12/site-packages/django/http/request.py", line 151, in get_host
    raise DisallowedHost(msg)
django.core.exceptions.DisallowedHost: Invalid HTTP_HOST header: '89.104.68.164'. You may need to add '89.104.68.164' to ALLOWED_HOSTS.
Bad Request: /
Invalid HTTP_HOST header: '89.104.68.164'. You may need to add '89.104.68.164' to ALLOWED_HOSTS.
Traceback (most recent call last):
  File "/home/toppr/pr/env/lib/python3.12/site-packages/django/core/handlers/exception.py", line 55, in inner
    response = get_response(request)
               ^^^^^^^^^^^^^^^^^^^^^
  File "/home/toppr/pr/env/lib/python3.12/site-packages/django/utils/deprecation.py", line 128, in __call__
    response = self.process_request(request)
               ^^^^^^^^^^^^^^^^^^^^^^^^^^^^^
  File "/home/toppr/pr/env/lib/python3.12/site-packages/django/middleware/common.py", line 48, in process_request
    host = request.get_host()
           ^^^^^^^^^^^^^^^^^^
  File "/home/toppr/pr/env/lib/python3.12/site-packages/django/http/request.py", line 151, in get_host
    raise DisallowedHost(msg)
django.core.exceptions.DisallowedHost: Invalid HTTP_HOST header: '89.104.68.164'. You may need to add '89.104.68.164' to ALLOWED_HOSTS.
Bad Request: /restore.php
Invalid HTTP_HOST header: '89.104.68.164'. You may need to add '89.104.68.164' to ALLOWED_HOSTS.
Traceback (most recent call last):
  File "/home/toppr/pr/env/lib/python3.12/site-packages/django/core/handlers/exception.py", line 55, in inner
    response = get_response(request)
               ^^^^^^^^^^^^^^^^^^^^^
  File "/home/toppr/pr/env/lib/python3.12/site-packages/django/utils/deprecation.py", line 128, in __call__
    response = self.process_request(request)
               ^^^^^^^^^^^^^^^^^^^^^^^^^^^^^
  File "/home/toppr/pr/env/lib/python3.12/site-packages/django/middleware/common.py", line 48, in process_request
    host = request.get_host()
           ^^^^^^^^^^^^^^^^^^
  File "/home/toppr/pr/env/lib/python3.12/site-packages/django/http/request.py", line 151, in get_host
    raise DisallowedHost(msg)
django.core.exceptions.DisallowedHost: Invalid HTTP_HOST header: '89.104.68.164'. You may need to add '89.104.68.164' to ALLOWED_HOSTS.
Bad Request: /.env
Invalid HTTP_HOST header: '89.104.68.164'. You may need to add '89.104.68.164' to ALLOWED_HOSTS.
Traceback (most recent call last):
  File "/home/toppr/pr/env/lib/python3.12/site-packages/django/core/handlers/exception.py", line 55, in inner
    response = get_response(request)
               ^^^^^^^^^^^^^^^^^^^^^
  File "/home/toppr/pr/env/lib/python3.12/site-packages/django/utils/deprecation.py", line 128, in __call__
    response = self.process_request(request)
               ^^^^^^^^^^^^^^^^^^^^^^^^^^^^^
  File "/home/toppr/pr/env/lib/python3.12/site-packages/django/middleware/common.py", line 48, in process_request
    host = request.get_host()
           ^^^^^^^^^^^^^^^^^^
  File "/home/toppr/pr/env/lib/python3.12/site-packages/django/http/request.py", line 151, in get_host
    raise DisallowedHost(msg)
django.core.exceptions.DisallowedHost: Invalid HTTP_HOST header: '89.104.68.164'. You may need to add '89.104.68.164' to ALLOWED_HOSTS.
Bad Request: /
Invalid HTTP_HOST header: '89.104.68.164'. You may need to add '89.104.68.164' to ALLOWED_HOSTS.
Traceback (most recent call last):
  File "/home/toppr/pr/env/lib/python3.12/site-packages/django/core/handlers/exception.py", line 55, in inner
    response = get_response(request)
               ^^^^^^^^^^^^^^^^^^^^^
  File "/home/toppr/pr/env/lib/python3.12/site-packages/django/utils/deprecation.py", line 128, in __call__
    response = self.process_request(request)
               ^^^^^^^^^^^^^^^^^^^^^^^^^^^^^
  File "/home/toppr/pr/env/lib/python3.12/site-packages/django/middleware/common.py", line 48, in process_request
    host = request.get_host()
           ^^^^^^^^^^^^^^^^^^
  File "/home/toppr/pr/env/lib/python3.12/site-packages/django/http/request.py", line 151, in get_host
    raise DisallowedHost(msg)
django.core.exceptions.DisallowedHost: Invalid HTTP_HOST header: '89.104.68.164'. You may need to add '89.104.68.164' to ALLOWED_HOSTS.
Bad Request: /
Invalid HTTP_HOST header: '89.104.68.164'. You may need to add '89.104.68.164' to ALLOWED_HOSTS.
Traceback (most recent call last):
  File "/home/toppr/pr/env/lib/python3.12/site-packages/django/core/handlers/exception.py", line 55, in inner
    response = get_response(request)
               ^^^^^^^^^^^^^^^^^^^^^
  File "/home/toppr/pr/env/lib/python3.12/site-packages/django/utils/deprecation.py", line 128, in __call__
    response = self.process_request(request)
               ^^^^^^^^^^^^^^^^^^^^^^^^^^^^^
  File "/home/toppr/pr/env/lib/python3.12/site-packages/django/middleware/common.py", line 48, in process_request
    host = request.get_host()
           ^^^^^^^^^^^^^^^^^^
  File "/home/toppr/pr/env/lib/python3.12/site-packages/django/http/request.py", line 151, in get_host
    raise DisallowedHost(msg)
django.core.exceptions.DisallowedHost: Invalid HTTP_HOST header: '89.104.68.164'. You may need to add '89.104.68.164' to ALLOWED_HOSTS.
Bad Request: /.env
Invalid HTTP_HOST header: '89.104.68.164'. You may need to add '89.104.68.164' to ALLOWED_HOSTS.
Traceback (most recent call last):
  File "/home/toppr/pr/env/lib/python3.12/site-packages/django/core/handlers/exception.py", line 55, in inner
    response = get_response(request)
               ^^^^^^^^^^^^^^^^^^^^^
  File "/home/toppr/pr/env/lib/python3.12/site-packages/django/utils/deprecation.py", line 128, in __call__
    response = self.process_request(request)
               ^^^^^^^^^^^^^^^^^^^^^^^^^^^^^
  File "/home/toppr/pr/env/lib/python3.12/site-packages/django/middleware/common.py", line 48, in process_request
    host = request.get_host()
           ^^^^^^^^^^^^^^^^^^
  File "/home/toppr/pr/env/lib/python3.12/site-packages/django/http/request.py", line 151, in get_host
    raise DisallowedHost(msg)
django.core.exceptions.DisallowedHost: Invalid HTTP_HOST header: '89.104.68.164'. You may need to add '89.104.68.164' to ALLOWED_HOSTS.
Bad Request: /
Invalid HTTP_HOST header: '89.104.68.164'. You may need to add '89.104.68.164' to ALLOWED_HOSTS.
Traceback (most recent call last):
  File "/home/toppr/pr/env/lib/python3.12/site-packages/django/core/handlers/exception.py", line 55, in inner
    response = get_response(request)
               ^^^^^^^^^^^^^^^^^^^^^
  File "/home/toppr/pr/env/lib/python3.12/site-packages/django/utils/deprecation.py", line 128, in __call__
    response = self.process_request(request)
               ^^^^^^^^^^^^^^^^^^^^^^^^^^^^^
  File "/home/toppr/pr/env/lib/python3.12/site-packages/django/middleware/common.py", line 48, in process_request
    host = request.get_host()
           ^^^^^^^^^^^^^^^^^^
  File "/home/toppr/pr/env/lib/python3.12/site-packages/django/http/request.py", line 151, in get_host
    raise DisallowedHost(msg)
django.core.exceptions.DisallowedHost: Invalid HTTP_HOST header: '89.104.68.164'. You may need to add '89.104.68.164' to ALLOWED_HOSTS.
Bad Request: /
Invalid HTTP_HOST header: '89.104.68.164'. You may need to add '89.104.68.164' to ALLOWED_HOSTS.
Traceback (most recent call last):
  File "/home/toppr/pr/env/lib/python3.12/site-packages/django/core/handlers/exception.py", line 55, in inner
    response = get_response(request)
               ^^^^^^^^^^^^^^^^^^^^^
  File "/home/toppr/pr/env/lib/python3.12/site-packages/django/utils/deprecation.py", line 128, in __call__
    response = self.process_request(request)
               ^^^^^^^^^^^^^^^^^^^^^^^^^^^^^
  File "/home/toppr/pr/env/lib/python3.12/site-packages/django/middleware/common.py", line 48, in process_request
    host = request.get_host()
           ^^^^^^^^^^^^^^^^^^
  File "/home/toppr/pr/env/lib/python3.12/site-packages/django/http/request.py", line 151, in get_host
    raise DisallowedHost(msg)
django.core.exceptions.DisallowedHost: Invalid HTTP_HOST header: '89.104.68.164'. You may need to add '89.104.68.164' to ALLOWED_HOSTS.
Bad Request: /restore.php
Invalid HTTP_HOST header: 'meme-rating.hive-dev.ru'. You may need to add 'meme-rating.hive-dev.ru' to ALLOWED_HOSTS.
Traceback (most recent call last):
  File "/home/toppr/pr/env/lib/python3.12/site-packages/django/core/handlers/exception.py", line 55, in inner
    response = get_response(request)
               ^^^^^^^^^^^^^^^^^^^^^
  File "/home/toppr/pr/env/lib/python3.12/site-packages/django/utils/deprecation.py", line 128, in __call__
    response = self.process_request(request)
               ^^^^^^^^^^^^^^^^^^^^^^^^^^^^^
  File "/home/toppr/pr/env/lib/python3.12/site-packages/django/middleware/common.py", line 48, in process_request
    host = request.get_host()
           ^^^^^^^^^^^^^^^^^^
  File "/home/toppr/pr/env/lib/python3.12/site-packages/django/http/request.py", line 151, in get_host
    raise DisallowedHost(msg)
django.core.exceptions.DisallowedHost: Invalid HTTP_HOST header: 'meme-rating.hive-dev.ru'. You may need to add 'meme-rating.hive-dev.ru' to ALLOWED_HOSTS.
Bad Request: /
Invalid HTTP_HOST header: '89.104.68.164'. You may need to add '89.104.68.164' to ALLOWED_HOSTS.
Traceback (most recent call last):
  File "/home/toppr/pr/env/lib/python3.12/site-packages/django/core/handlers/exception.py", line 55, in inner
    response = get_response(request)
               ^^^^^^^^^^^^^^^^^^^^^
  File "/home/toppr/pr/env/lib/python3.12/site-packages/django/utils/deprecation.py", line 128, in __call__
    response = self.process_request(request)
               ^^^^^^^^^^^^^^^^^^^^^^^^^^^^^
  File "/home/toppr/pr/env/lib/python3.12/site-packages/django/middleware/common.py", line 48, in process_request
    host = request.get_host()
           ^^^^^^^^^^^^^^^^^^
  File "/home/toppr/pr/env/lib/python3.12/site-packages/django/http/request.py", line 151, in get_host
    raise DisallowedHost(msg)
django.core.exceptions.DisallowedHost: Invalid HTTP_HOST header: '89.104.68.164'. You may need to add '89.104.68.164' to ALLOWED_HOSTS.
Bad Request: /.env
Invalid HTTP_HOST header: '89.104.68.164'. You may need to add '89.104.68.164' to ALLOWED_HOSTS.
Traceback (most recent call last):
  File "/home/toppr/pr/env/lib/python3.12/site-packages/django/core/handlers/exception.py", line 55, in inner
    response = get_response(request)
               ^^^^^^^^^^^^^^^^^^^^^
  File "/home/toppr/pr/env/lib/python3.12/site-packages/django/utils/deprecation.py", line 128, in __call__
    response = self.process_request(request)
               ^^^^^^^^^^^^^^^^^^^^^^^^^^^^^
  File "/home/toppr/pr/env/lib/python3.12/site-packages/django/middleware/common.py", line 48, in process_request
    host = request.get_host()
           ^^^^^^^^^^^^^^^^^^
  File "/home/toppr/pr/env/lib/python3.12/site-packages/django/http/request.py", line 151, in get_host
    raise DisallowedHost(msg)
django.core.exceptions.DisallowedHost: Invalid HTTP_HOST header: '89.104.68.164'. You may need to add '89.104.68.164' to ALLOWED_HOSTS.
Bad Request: /.env
Invalid HTTP_HOST header: '89.104.68.164'. You may need to add '89.104.68.164' to ALLOWED_HOSTS.
Traceback (most recent call last):
  File "/home/toppr/pr/env/lib/python3.12/site-packages/django/core/handlers/exception.py", line 55, in inner
    response = get_response(request)
               ^^^^^^^^^^^^^^^^^^^^^
  File "/home/toppr/pr/env/lib/python3.12/site-packages/django/utils/deprecation.py", line 128, in __call__
    response = self.process_request(request)
               ^^^^^^^^^^^^^^^^^^^^^^^^^^^^^
  File "/home/toppr/pr/env/lib/python3.12/site-packages/django/middleware/common.py", line 48, in process_request
    host = request.get_host()
           ^^^^^^^^^^^^^^^^^^
  File "/home/toppr/pr/env/lib/python3.12/site-packages/django/http/request.py", line 151, in get_host
    raise DisallowedHost(msg)
django.core.exceptions.DisallowedHost: Invalid HTTP_HOST header: '89.104.68.164'. You may need to add '89.104.68.164' to ALLOWED_HOSTS.
Bad Request: /
Invalid HTTP_HOST header: '89.104.68.164'. You may need to add '89.104.68.164' to ALLOWED_HOSTS.
Traceback (most recent call last):
  File "/home/toppr/pr/env/lib/python3.12/site-packages/django/core/handlers/exception.py", line 55, in inner
    response = get_response(request)
               ^^^^^^^^^^^^^^^^^^^^^
  File "/home/toppr/pr/env/lib/python3.12/site-packages/django/utils/deprecation.py", line 128, in __call__
    response = self.process_request(request)
               ^^^^^^^^^^^^^^^^^^^^^^^^^^^^^
  File "/home/toppr/pr/env/lib/python3.12/site-packages/django/middleware/common.py", line 48, in process_request
    host = request.get_host()
           ^^^^^^^^^^^^^^^^^^
  File "/home/toppr/pr/env/lib/python3.12/site-packages/django/http/request.py", line 151, in get_host
    raise DisallowedHost(msg)
django.core.exceptions.DisallowedHost: Invalid HTTP_HOST header: '89.104.68.164'. You may need to add '89.104.68.164' to ALLOWED_HOSTS.
Bad Request: /admin/modules/framework/amp_conf/htdocs/admin/config.php
Invalid HTTP_HOST header: '89.104.68.164'. You may need to add '89.104.68.164' to ALLOWED_HOSTS.
Traceback (most recent call last):
  File "/home/toppr/pr/env/lib/python3.12/site-packages/django/core/handlers/exception.py", line 55, in inner
    response = get_response(request)
               ^^^^^^^^^^^^^^^^^^^^^
  File "/home/toppr/pr/env/lib/python3.12/site-packages/django/utils/deprecation.py", line 128, in __call__
    response = self.process_request(request)
               ^^^^^^^^^^^^^^^^^^^^^^^^^^^^^
  File "/home/toppr/pr/env/lib/python3.12/site-packages/django/middleware/common.py", line 48, in process_request
    host = request.get_host()
           ^^^^^^^^^^^^^^^^^^
  File "/home/toppr/pr/env/lib/python3.12/site-packages/django/http/request.py", line 151, in get_host
    raise DisallowedHost(msg)
django.core.exceptions.DisallowedHost: Invalid HTTP_HOST header: '89.104.68.164'. You may need to add '89.104.68.164' to ALLOWED_HOSTS.
Bad Request: /restore.php
Invalid HTTP_HOST header: '89.104.68.164'. You may need to add '89.104.68.164' to ALLOWED_HOSTS.
Traceback (most recent call last):
  File "/home/toppr/pr/env/lib/python3.12/site-packages/django/core/handlers/exception.py", line 55, in inner
    response = get_response(request)
               ^^^^^^^^^^^^^^^^^^^^^
  File "/home/toppr/pr/env/lib/python3.12/site-packages/django/utils/deprecation.py", line 128, in __call__
    response = self.process_request(request)
               ^^^^^^^^^^^^^^^^^^^^^^^^^^^^^
  File "/home/toppr/pr/env/lib/python3.12/site-packages/django/middleware/common.py", line 48, in process_request
    host = request.get_host()
           ^^^^^^^^^^^^^^^^^^
  File "/home/toppr/pr/env/lib/python3.12/site-packages/django/http/request.py", line 151, in get_host
    raise DisallowedHost(msg)
django.core.exceptions.DisallowedHost: Invalid HTTP_HOST header: '89.104.68.164'. You may need to add '89.104.68.164' to ALLOWED_HOSTS.
Bad Request: /
Invalid HTTP_HOST header: '89.104.68.164'. You may need to add '89.104.68.164' to ALLOWED_HOSTS.
Traceback (most recent call last):
  File "/home/toppr/pr/env/lib/python3.12/site-packages/django/core/handlers/exception.py", line 55, in inner
    response = get_response(request)
               ^^^^^^^^^^^^^^^^^^^^^
  File "/home/toppr/pr/env/lib/python3.12/site-packages/django/utils/deprecation.py", line 128, in __call__
    response = self.process_request(request)
               ^^^^^^^^^^^^^^^^^^^^^^^^^^^^^
  File "/home/toppr/pr/env/lib/python3.12/site-packages/django/middleware/common.py", line 48, in process_request
    host = request.get_host()
           ^^^^^^^^^^^^^^^^^^
  File "/home/toppr/pr/env/lib/python3.12/site-packages/django/http/request.py", line 151, in get_host
    raise DisallowedHost(msg)
django.core.exceptions.DisallowedHost: Invalid HTTP_HOST header: '89.104.68.164'. You may need to add '89.104.68.164' to ALLOWED_HOSTS.
Bad Request: /
Invalid HTTP_HOST header: '89.104.68.164'. You may need to add '89.104.68.164' to ALLOWED_HOSTS.
Traceback (most recent call last):
  File "/home/toppr/pr/env/lib/python3.12/site-packages/django/core/handlers/exception.py", line 55, in inner
    response = get_response(request)
               ^^^^^^^^^^^^^^^^^^^^^
  File "/home/toppr/pr/env/lib/python3.12/site-packages/django/utils/deprecation.py", line 128, in __call__
    response = self.process_request(request)
               ^^^^^^^^^^^^^^^^^^^^^^^^^^^^^
  File "/home/toppr/pr/env/lib/python3.12/site-packages/django/middleware/common.py", line 48, in process_request
    host = request.get_host()
           ^^^^^^^^^^^^^^^^^^
  File "/home/toppr/pr/env/lib/python3.12/site-packages/django/http/request.py", line 151, in get_host
    raise DisallowedHost(msg)
django.core.exceptions.DisallowedHost: Invalid HTTP_HOST header: '89.104.68.164'. You may need to add '89.104.68.164' to ALLOWED_HOSTS.
Bad Request: /restore.php
Invalid HTTP_HOST header: '89.104.68.164'. You may need to add '89.104.68.164' to ALLOWED_HOSTS.
Traceback (most recent call last):
  File "/home/toppr/pr/env/lib/python3.12/site-packages/django/core/handlers/exception.py", line 55, in inner
    response = get_response(request)
               ^^^^^^^^^^^^^^^^^^^^^
  File "/home/toppr/pr/env/lib/python3.12/site-packages/django/utils/deprecation.py", line 128, in __call__
    response = self.process_request(request)
               ^^^^^^^^^^^^^^^^^^^^^^^^^^^^^
  File "/home/toppr/pr/env/lib/python3.12/site-packages/django/middleware/common.py", line 48, in process_request
    host = request.get_host()
           ^^^^^^^^^^^^^^^^^^
  File "/home/toppr/pr/env/lib/python3.12/site-packages/django/http/request.py", line 151, in get_host
    raise DisallowedHost(msg)
django.core.exceptions.DisallowedHost: Invalid HTTP_HOST header: '89.104.68.164'. You may need to add '89.104.68.164' to ALLOWED_HOSTS.
Bad Request: /dqgqoeCXckuwPtxov
Invalid HTTP_HOST header: '89.104.68.164'. You may need to add '89.104.68.164' to ALLOWED_HOSTS.
Traceback (most recent call last):
  File "/home/toppr/pr/env/lib/python3.12/site-packages/django/core/handlers/exception.py", line 55, in inner
    response = get_response(request)
               ^^^^^^^^^^^^^^^^^^^^^
  File "/home/toppr/pr/env/lib/python3.12/site-packages/django/utils/deprecation.py", line 128, in __call__
    response = self.process_request(request)
               ^^^^^^^^^^^^^^^^^^^^^^^^^^^^^
  File "/home/toppr/pr/env/lib/python3.12/site-packages/django/middleware/common.py", line 48, in process_request
    host = request.get_host()
           ^^^^^^^^^^^^^^^^^^
  File "/home/toppr/pr/env/lib/python3.12/site-packages/django/http/request.py", line 151, in get_host
    raise DisallowedHost(msg)
django.core.exceptions.DisallowedHost: Invalid HTTP_HOST header: '89.104.68.164'. You may need to add '89.104.68.164' to ALLOWED_HOSTS.
Bad Request: /dqgqoeCXckuwPtxov
Not Found: /wp-login.php
Invalid HTTP_HOST header: '89.104.68.164'. You may need to add '89.104.68.164' to ALLOWED_HOSTS.
Traceback (most recent call last):
  File "/home/toppr/pr/env/lib/python3.12/site-packages/django/core/handlers/exception.py", line 55, in inner
    response = get_response(request)
               ^^^^^^^^^^^^^^^^^^^^^
  File "/home/toppr/pr/env/lib/python3.12/site-packages/django/utils/deprecation.py", line 128, in __call__
    response = self.process_request(request)
               ^^^^^^^^^^^^^^^^^^^^^^^^^^^^^
  File "/home/toppr/pr/env/lib/python3.12/site-packages/django/middleware/common.py", line 48, in process_request
    host = request.get_host()
           ^^^^^^^^^^^^^^^^^^
  File "/home/toppr/pr/env/lib/python3.12/site-packages/django/http/request.py", line 151, in get_host
    raise DisallowedHost(msg)
django.core.exceptions.DisallowedHost: Invalid HTTP_HOST header: '89.104.68.164'. You may need to add '89.104.68.164' to ALLOWED_HOSTS.
Bad Request: /ab2g
Invalid HTTP_HOST header: '89.104.68.164'. You may need to add '89.104.68.164' to ALLOWED_HOSTS.
Traceback (most recent call last):
  File "/home/toppr/pr/env/lib/python3.12/site-packages/django/core/handlers/exception.py", line 55, in inner
    response = get_response(request)
               ^^^^^^^^^^^^^^^^^^^^^
  File "/home/toppr/pr/env/lib/python3.12/site-packages/django/utils/deprecation.py", line 128, in __call__
    response = self.process_request(request)
               ^^^^^^^^^^^^^^^^^^^^^^^^^^^^^
  File "/home/toppr/pr/env/lib/python3.12/site-packages/django/middleware/common.py", line 48, in process_request
    host = request.get_host()
           ^^^^^^^^^^^^^^^^^^
  File "/home/toppr/pr/env/lib/python3.12/site-packages/django/http/request.py", line 151, in get_host
    raise DisallowedHost(msg)
django.core.exceptions.DisallowedHost: Invalid HTTP_HOST header: '89.104.68.164'. You may need to add '89.104.68.164' to ALLOWED_HOSTS.
Bad Request: /ab2h
Invalid HTTP_HOST header: '89.104.68.164'. You may need to add '89.104.68.164' to ALLOWED_HOSTS.
Traceback (most recent call last):
  File "/home/toppr/pr/env/lib/python3.12/site-packages/django/core/handlers/exception.py", line 55, in inner
    response = get_response(request)
               ^^^^^^^^^^^^^^^^^^^^^
  File "/home/toppr/pr/env/lib/python3.12/site-packages/django/utils/deprecation.py", line 128, in __call__
    response = self.process_request(request)
               ^^^^^^^^^^^^^^^^^^^^^^^^^^^^^
  File "/home/toppr/pr/env/lib/python3.12/site-packages/django/middleware/common.py", line 48, in process_request
    host = request.get_host()
           ^^^^^^^^^^^^^^^^^^
  File "/home/toppr/pr/env/lib/python3.12/site-packages/django/http/request.py", line 151, in get_host
    raise DisallowedHost(msg)
django.core.exceptions.DisallowedHost: Invalid HTTP_HOST header: '89.104.68.164'. You may need to add '89.104.68.164' to ALLOWED_HOSTS.
Bad Request: /alive.php
Invalid HTTP_HOST header: '89.104.68.164'. You may need to add '89.104.68.164' to ALLOWED_HOSTS.
Traceback (most recent call last):
  File "/home/toppr/pr/env/lib/python3.12/site-packages/django/core/handlers/exception.py", line 55, in inner
    response = get_response(request)
               ^^^^^^^^^^^^^^^^^^^^^
  File "/home/toppr/pr/env/lib/python3.12/site-packages/django/utils/deprecation.py", line 128, in __call__
    response = self.process_request(request)
               ^^^^^^^^^^^^^^^^^^^^^^^^^^^^^
  File "/home/toppr/pr/env/lib/python3.12/site-packages/django/middleware/common.py", line 48, in process_request
    host = request.get_host()
           ^^^^^^^^^^^^^^^^^^
  File "/home/toppr/pr/env/lib/python3.12/site-packages/django/http/request.py", line 151, in get_host
    raise DisallowedHost(msg)
django.core.exceptions.DisallowedHost: Invalid HTTP_HOST header: '89.104.68.164'. You may need to add '89.104.68.164' to ALLOWED_HOSTS.
Bad Request: /
Invalid HTTP_HOST header: '89.104.68.164'. You may need to add '89.104.68.164' to ALLOWED_HOSTS.
Traceback (most recent call last):
  File "/home/toppr/pr/env/lib/python3.12/site-packages/django/core/handlers/exception.py", line 55, in inner
    response = get_response(request)
               ^^^^^^^^^^^^^^^^^^^^^
  File "/home/toppr/pr/env/lib/python3.12/site-packages/django/utils/deprecation.py", line 128, in __call__
    response = self.process_request(request)
               ^^^^^^^^^^^^^^^^^^^^^^^^^^^^^
  File "/home/toppr/pr/env/lib/python3.12/site-packages/django/middleware/common.py", line 48, in process_request
    host = request.get_host()
           ^^^^^^^^^^^^^^^^^^
  File "/home/toppr/pr/env/lib/python3.12/site-packages/django/http/request.py", line 151, in get_host
    raise DisallowedHost(msg)
django.core.exceptions.DisallowedHost: Invalid HTTP_HOST header: '89.104.68.164'. You may need to add '89.104.68.164' to ALLOWED_HOSTS.
Bad Request: /t4
Invalid HTTP_HOST header: '89.104.68.164'. You may need to add '89.104.68.164' to ALLOWED_HOSTS.
Traceback (most recent call last):
  File "/home/toppr/pr/env/lib/python3.12/site-packages/django/core/handlers/exception.py", line 55, in inner
    response = get_response(request)
               ^^^^^^^^^^^^^^^^^^^^^
  File "/home/toppr/pr/env/lib/python3.12/site-packages/django/utils/deprecation.py", line 128, in __call__
    response = self.process_request(request)
               ^^^^^^^^^^^^^^^^^^^^^^^^^^^^^
  File "/home/toppr/pr/env/lib/python3.12/site-packages/django/middleware/common.py", line 48, in process_request
    host = request.get_host()
           ^^^^^^^^^^^^^^^^^^
  File "/home/toppr/pr/env/lib/python3.12/site-packages/django/http/request.py", line 151, in get_host
    raise DisallowedHost(msg)
django.core.exceptions.DisallowedHost: Invalid HTTP_HOST header: '89.104.68.164'. You may need to add '89.104.68.164' to ALLOWED_HOSTS.
Bad Request: /favicon.ico
Invalid HTTP_HOST header: '89.104.68.164'. You may need to add '89.104.68.164' to ALLOWED_HOSTS.
Traceback (most recent call last):
  File "/home/toppr/pr/env/lib/python3.12/site-packages/django/core/handlers/exception.py", line 55, in inner
    response = get_response(request)
               ^^^^^^^^^^^^^^^^^^^^^
  File "/home/toppr/pr/env/lib/python3.12/site-packages/django/utils/deprecation.py", line 128, in __call__
    response = self.process_request(request)
               ^^^^^^^^^^^^^^^^^^^^^^^^^^^^^
  File "/home/toppr/pr/env/lib/python3.12/site-packages/django/middleware/common.py", line 48, in process_request
    host = request.get_host()
           ^^^^^^^^^^^^^^^^^^
  File "/home/toppr/pr/env/lib/python3.12/site-packages/django/http/request.py", line 151, in get_host
    raise DisallowedHost(msg)
django.core.exceptions.DisallowedHost: Invalid HTTP_HOST header: '89.104.68.164'. You may need to add '89.104.68.164' to ALLOWED_HOSTS.
Bad Request: /
Invalid HTTP_HOST header: '89.104.68.164'. You may need to add '89.104.68.164' to ALLOWED_HOSTS.
Traceback (most recent call last):
  File "/home/toppr/pr/env/lib/python3.12/site-packages/django/core/handlers/exception.py", line 55, in inner
    response = get_response(request)
               ^^^^^^^^^^^^^^^^^^^^^
  File "/home/toppr/pr/env/lib/python3.12/site-packages/django/utils/deprecation.py", line 128, in __call__
    response = self.process_request(request)
               ^^^^^^^^^^^^^^^^^^^^^^^^^^^^^
  File "/home/toppr/pr/env/lib/python3.12/site-packages/django/middleware/common.py", line 48, in process_request
    host = request.get_host()
           ^^^^^^^^^^^^^^^^^^
  File "/home/toppr/pr/env/lib/python3.12/site-packages/django/http/request.py", line 151, in get_host
    raise DisallowedHost(msg)
django.core.exceptions.DisallowedHost: Invalid HTTP_HOST header: '89.104.68.164'. You may need to add '89.104.68.164' to ALLOWED_HOSTS.
Bad Request: /teorema505
Invalid HTTP_HOST header: '89.104.68.164'. You may need to add '89.104.68.164' to ALLOWED_HOSTS.
Traceback (most recent call last):
  File "/home/toppr/pr/env/lib/python3.12/site-packages/django/core/handlers/exception.py", line 55, in inner
    response = get_response(request)
               ^^^^^^^^^^^^^^^^^^^^^
  File "/home/toppr/pr/env/lib/python3.12/site-packages/django/utils/deprecation.py", line 128, in __call__
    response = self.process_request(request)
               ^^^^^^^^^^^^^^^^^^^^^^^^^^^^^
  File "/home/toppr/pr/env/lib/python3.12/site-packages/django/middleware/common.py", line 48, in process_request
    host = request.get_host()
           ^^^^^^^^^^^^^^^^^^
  File "/home/toppr/pr/env/lib/python3.12/site-packages/django/http/request.py", line 151, in get_host
    raise DisallowedHost(msg)
django.core.exceptions.DisallowedHost: Invalid HTTP_HOST header: '89.104.68.164'. You may need to add '89.104.68.164' to ALLOWED_HOSTS.
Bad Request: /.env
Not Found: /.git/config
Invalid HTTP_HOST header: '89.104.68.164'. You may need to add '89.104.68.164' to ALLOWED_HOSTS.
Traceback (most recent call last):
  File "/home/toppr/pr/env/lib/python3.12/site-packages/django/core/handlers/exception.py", line 55, in inner
    response = get_response(request)
               ^^^^^^^^^^^^^^^^^^^^^
  File "/home/toppr/pr/env/lib/python3.12/site-packages/django/utils/deprecation.py", line 128, in __call__
    response = self.process_request(request)
               ^^^^^^^^^^^^^^^^^^^^^^^^^^^^^
  File "/home/toppr/pr/env/lib/python3.12/site-packages/django/middleware/common.py", line 48, in process_request
    host = request.get_host()
           ^^^^^^^^^^^^^^^^^^
  File "/home/toppr/pr/env/lib/python3.12/site-packages/django/http/request.py", line 151, in get_host
    raise DisallowedHost(msg)
django.core.exceptions.DisallowedHost: Invalid HTTP_HOST header: '89.104.68.164'. You may need to add '89.104.68.164' to ALLOWED_HOSTS.
Bad Request: /
Invalid HTTP_HOST header: '89.104.68.164'. You may need to add '89.104.68.164' to ALLOWED_HOSTS.
Traceback (most recent call last):
  File "/home/toppr/pr/env/lib/python3.12/site-packages/django/core/handlers/exception.py", line 55, in inner
    response = get_response(request)
               ^^^^^^^^^^^^^^^^^^^^^
  File "/home/toppr/pr/env/lib/python3.12/site-packages/django/utils/deprecation.py", line 128, in __call__
    response = self.process_request(request)
               ^^^^^^^^^^^^^^^^^^^^^^^^^^^^^
  File "/home/toppr/pr/env/lib/python3.12/site-packages/django/middleware/common.py", line 48, in process_request
    host = request.get_host()
           ^^^^^^^^^^^^^^^^^^
  File "/home/toppr/pr/env/lib/python3.12/site-packages/django/http/request.py", line 151, in get_host
    raise DisallowedHost(msg)
django.core.exceptions.DisallowedHost: Invalid HTTP_HOST header: '89.104.68.164'. You may need to add '89.104.68.164' to ALLOWED_HOSTS.
Bad Request: /restore.php
Invalid HTTP_HOST header: '89.104.68.164'. You may need to add '89.104.68.164' to ALLOWED_HOSTS.
Traceback (most recent call last):
  File "/home/toppr/pr/env/lib/python3.12/site-packages/django/core/handlers/exception.py", line 55, in inner
    response = get_response(request)
               ^^^^^^^^^^^^^^^^^^^^^
  File "/home/toppr/pr/env/lib/python3.12/site-packages/django/utils/deprecation.py", line 128, in __call__
    response = self.process_request(request)
               ^^^^^^^^^^^^^^^^^^^^^^^^^^^^^
  File "/home/toppr/pr/env/lib/python3.12/site-packages/django/middleware/common.py", line 48, in process_request
    host = request.get_host()
           ^^^^^^^^^^^^^^^^^^
  File "/home/toppr/pr/env/lib/python3.12/site-packages/django/http/request.py", line 151, in get_host
    raise DisallowedHost(msg)
django.core.exceptions.DisallowedHost: Invalid HTTP_HOST header: '89.104.68.164'. You may need to add '89.104.68.164' to ALLOWED_HOSTS.
Bad Request: /hello.world
Invalid HTTP_HOST header: '89.104.68.164'. You may need to add '89.104.68.164' to ALLOWED_HOSTS.
Traceback (most recent call last):
  File "/home/toppr/pr/env/lib/python3.12/site-packages/django/core/handlers/exception.py", line 55, in inner
    response = get_response(request)
               ^^^^^^^^^^^^^^^^^^^^^
  File "/home/toppr/pr/env/lib/python3.12/site-packages/django/utils/deprecation.py", line 128, in __call__
    response = self.process_request(request)
               ^^^^^^^^^^^^^^^^^^^^^^^^^^^^^
  File "/home/toppr/pr/env/lib/python3.12/site-packages/django/middleware/common.py", line 48, in process_request
    host = request.get_host()
           ^^^^^^^^^^^^^^^^^^
  File "/home/toppr/pr/env/lib/python3.12/site-packages/django/http/request.py", line 151, in get_host
    raise DisallowedHost(msg)
django.core.exceptions.DisallowedHost: Invalid HTTP_HOST header: '89.104.68.164'. You may need to add '89.104.68.164' to ALLOWED_HOSTS.
Bad Request: /
Invalid HTTP_HOST header: '89.104.68.164'. You may need to add '89.104.68.164' to ALLOWED_HOSTS.
Traceback (most recent call last):
  File "/home/toppr/pr/env/lib/python3.12/site-packages/django/core/handlers/exception.py", line 55, in inner
    response = get_response(request)
               ^^^^^^^^^^^^^^^^^^^^^
  File "/home/toppr/pr/env/lib/python3.12/site-packages/django/utils/deprecation.py", line 128, in __call__
    response = self.process_request(request)
               ^^^^^^^^^^^^^^^^^^^^^^^^^^^^^
  File "/home/toppr/pr/env/lib/python3.12/site-packages/django/middleware/common.py", line 48, in process_request
    host = request.get_host()
           ^^^^^^^^^^^^^^^^^^
  File "/home/toppr/pr/env/lib/python3.12/site-packages/django/http/request.py", line 151, in get_host
    raise DisallowedHost(msg)
django.core.exceptions.DisallowedHost: Invalid HTTP_HOST header: '89.104.68.164'. You may need to add '89.104.68.164' to ALLOWED_HOSTS.
Bad Request: /hello.world
Invalid HTTP_HOST header: '89.104.68.164'. You may need to add '89.104.68.164' to ALLOWED_HOSTS.
Traceback (most recent call last):
  File "/home/toppr/pr/env/lib/python3.12/site-packages/django/core/handlers/exception.py", line 55, in inner
    response = get_response(request)
               ^^^^^^^^^^^^^^^^^^^^^
  File "/home/toppr/pr/env/lib/python3.12/site-packages/django/utils/deprecation.py", line 128, in __call__
    response = self.process_request(request)
               ^^^^^^^^^^^^^^^^^^^^^^^^^^^^^
  File "/home/toppr/pr/env/lib/python3.12/site-packages/django/middleware/common.py", line 48, in process_request
    host = request.get_host()
           ^^^^^^^^^^^^^^^^^^
  File "/home/toppr/pr/env/lib/python3.12/site-packages/django/http/request.py", line 151, in get_host
    raise DisallowedHost(msg)
django.core.exceptions.DisallowedHost: Invalid HTTP_HOST header: '89.104.68.164'. You may need to add '89.104.68.164' to ALLOWED_HOSTS.
Bad Request: /
Invalid HTTP_HOST header: '89.104.68.164'. You may need to add '89.104.68.164' to ALLOWED_HOSTS.
Traceback (most recent call last):
  File "/home/toppr/pr/env/lib/python3.12/site-packages/django/core/handlers/exception.py", line 55, in inner
    response = get_response(request)
               ^^^^^^^^^^^^^^^^^^^^^
  File "/home/toppr/pr/env/lib/python3.12/site-packages/django/utils/deprecation.py", line 128, in __call__
    response = self.process_request(request)
               ^^^^^^^^^^^^^^^^^^^^^^^^^^^^^
  File "/home/toppr/pr/env/lib/python3.12/site-packages/django/middleware/common.py", line 48, in process_request
    host = request.get_host()
           ^^^^^^^^^^^^^^^^^^
  File "/home/toppr/pr/env/lib/python3.12/site-packages/django/http/request.py", line 151, in get_host
    raise DisallowedHost(msg)
django.core.exceptions.DisallowedHost: Invalid HTTP_HOST header: '89.104.68.164'. You may need to add '89.104.68.164' to ALLOWED_HOSTS.
Bad Request: /
Invalid HTTP_HOST header: '89.104.68.164'. You may need to add '89.104.68.164' to ALLOWED_HOSTS.
Traceback (most recent call last):
  File "/home/toppr/pr/env/lib/python3.12/site-packages/django/core/handlers/exception.py", line 55, in inner
    response = get_response(request)
               ^^^^^^^^^^^^^^^^^^^^^
  File "/home/toppr/pr/env/lib/python3.12/site-packages/django/utils/deprecation.py", line 128, in __call__
    response = self.process_request(request)
               ^^^^^^^^^^^^^^^^^^^^^^^^^^^^^
  File "/home/toppr/pr/env/lib/python3.12/site-packages/django/middleware/common.py", line 48, in process_request
    host = request.get_host()
           ^^^^^^^^^^^^^^^^^^
  File "/home/toppr/pr/env/lib/python3.12/site-packages/django/http/request.py", line 151, in get_host
    raise DisallowedHost(msg)
django.core.exceptions.DisallowedHost: Invalid HTTP_HOST header: '89.104.68.164'. You may need to add '89.104.68.164' to ALLOWED_HOSTS.
Bad Request: /.env
Invalid HTTP_HOST header: '89.104.68.164'. You may need to add '89.104.68.164' to ALLOWED_HOSTS.
Traceback (most recent call last):
  File "/home/toppr/pr/env/lib/python3.12/site-packages/django/core/handlers/exception.py", line 55, in inner
    response = get_response(request)
               ^^^^^^^^^^^^^^^^^^^^^
  File "/home/toppr/pr/env/lib/python3.12/site-packages/django/utils/deprecation.py", line 128, in __call__
    response = self.process_request(request)
               ^^^^^^^^^^^^^^^^^^^^^^^^^^^^^
  File "/home/toppr/pr/env/lib/python3.12/site-packages/django/middleware/common.py", line 48, in process_request
    host = request.get_host()
           ^^^^^^^^^^^^^^^^^^
  File "/home/toppr/pr/env/lib/python3.12/site-packages/django/http/request.py", line 151, in get_host
    raise DisallowedHost(msg)
django.core.exceptions.DisallowedHost: Invalid HTTP_HOST header: '89.104.68.164'. You may need to add '89.104.68.164' to ALLOWED_HOSTS.
Bad Request: /restore.php
Not Found: /favicon.ico
Not Found: /pinfo.php
Not Found: /phpversion.php
Not Found: /old_phpinfo.php
Not Found: /infos.php
Not Found: /php-info.php
Not Found: /dashboard/phpinfo.php
Not Found: /phpinfo.php3
Not Found: /phpinfo.php4
Not Found: /phpinfo.php5
Not Found: /_profiler/phpinfo.php
Not Found: /laravel/core/.env
Not Found: /beta/.env
Not Found: /kyc/.env
Not Found: /admin/.env
Not Found: /prod/.env
Not Found: /api/.env
Not Found: /.docker/.env
Not Found: /app/.env
Not Found: /crm/.env
Not Found: /backend/.env
Not Found: /local/.env
Not Found: /application/.env
Not Found: /laravel/.env
Not Found: /shared/.env
Not Found: /.env.project
Not Found: /apps/.env
Not Found: /development/.env
Invalid HTTP_HOST header: '89.104.68.164'. You may need to add '89.104.68.164' to ALLOWED_HOSTS.
Traceback (most recent call last):
  File "/home/toppr/pr/env/lib/python3.12/site-packages/django/core/handlers/exception.py", line 55, in inner
    response = get_response(request)
               ^^^^^^^^^^^^^^^^^^^^^
  File "/home/toppr/pr/env/lib/python3.12/site-packages/django/utils/deprecation.py", line 128, in __call__
    response = self.process_request(request)
               ^^^^^^^^^^^^^^^^^^^^^^^^^^^^^
  File "/home/toppr/pr/env/lib/python3.12/site-packages/django/middleware/common.py", line 48, in process_request
    host = request.get_host()
           ^^^^^^^^^^^^^^^^^^
  File "/home/toppr/pr/env/lib/python3.12/site-packages/django/http/request.py", line 151, in get_host
    raise DisallowedHost(msg)
django.core.exceptions.DisallowedHost: Invalid HTTP_HOST header: '89.104.68.164'. You may need to add '89.104.68.164' to ALLOWED_HOSTS.
Bad Request: /
Invalid HTTP_HOST header: '89.104.68.164'. You may need to add '89.104.68.164' to ALLOWED_HOSTS.
Traceback (most recent call last):
  File "/home/toppr/pr/env/lib/python3.12/site-packages/django/core/handlers/exception.py", line 55, in inner
    response = get_response(request)
               ^^^^^^^^^^^^^^^^^^^^^
  File "/home/toppr/pr/env/lib/python3.12/site-packages/django/utils/deprecation.py", line 128, in __call__
    response = self.process_request(request)
               ^^^^^^^^^^^^^^^^^^^^^^^^^^^^^
  File "/home/toppr/pr/env/lib/python3.12/site-packages/django/middleware/common.py", line 48, in process_request
    host = request.get_host()
           ^^^^^^^^^^^^^^^^^^
  File "/home/toppr/pr/env/lib/python3.12/site-packages/django/http/request.py", line 151, in get_host
    raise DisallowedHost(msg)
django.core.exceptions.DisallowedHost: Invalid HTTP_HOST header: '89.104.68.164'. You may need to add '89.104.68.164' to ALLOWED_HOSTS.
Bad Request: /
Invalid HTTP_HOST header: '89.104.68.164'. You may need to add '89.104.68.164' to ALLOWED_HOSTS.
Traceback (most recent call last):
  File "/home/toppr/pr/env/lib/python3.12/site-packages/django/core/handlers/exception.py", line 55, in inner
    response = get_response(request)
               ^^^^^^^^^^^^^^^^^^^^^
  File "/home/toppr/pr/env/lib/python3.12/site-packages/django/utils/deprecation.py", line 128, in __call__
    response = self.process_request(request)
               ^^^^^^^^^^^^^^^^^^^^^^^^^^^^^
  File "/home/toppr/pr/env/lib/python3.12/site-packages/django/middleware/common.py", line 48, in process_request
    host = request.get_host()
           ^^^^^^^^^^^^^^^^^^
  File "/home/toppr/pr/env/lib/python3.12/site-packages/django/http/request.py", line 151, in get_host
    raise DisallowedHost(msg)
django.core.exceptions.DisallowedHost: Invalid HTTP_HOST header: '89.104.68.164'. You may need to add '89.104.68.164' to ALLOWED_HOSTS.
Bad Request: /
Invalid HTTP_HOST header: '89.104.68.164'. You may need to add '89.104.68.164' to ALLOWED_HOSTS.
Traceback (most recent call last):
  File "/home/toppr/pr/env/lib/python3.12/site-packages/django/core/handlers/exception.py", line 55, in inner
    response = get_response(request)
               ^^^^^^^^^^^^^^^^^^^^^
  File "/home/toppr/pr/env/lib/python3.12/site-packages/django/utils/deprecation.py", line 128, in __call__
    response = self.process_request(request)
               ^^^^^^^^^^^^^^^^^^^^^^^^^^^^^
  File "/home/toppr/pr/env/lib/python3.12/site-packages/django/middleware/common.py", line 48, in process_request
    host = request.get_host()
           ^^^^^^^^^^^^^^^^^^
  File "/home/toppr/pr/env/lib/python3.12/site-packages/django/http/request.py", line 151, in get_host
    raise DisallowedHost(msg)
django.core.exceptions.DisallowedHost: Invalid HTTP_HOST header: '89.104.68.164'. You may need to add '89.104.68.164' to ALLOWED_HOSTS.
Bad Request: /ab2g
Invalid HTTP_HOST header: '89.104.68.164'. You may need to add '89.104.68.164' to ALLOWED_HOSTS.
Traceback (most recent call last):
  File "/home/toppr/pr/env/lib/python3.12/site-packages/django/core/handlers/exception.py", line 55, in inner
    response = get_response(request)
               ^^^^^^^^^^^^^^^^^^^^^
  File "/home/toppr/pr/env/lib/python3.12/site-packages/django/utils/deprecation.py", line 128, in __call__
    response = self.process_request(request)
               ^^^^^^^^^^^^^^^^^^^^^^^^^^^^^
  File "/home/toppr/pr/env/lib/python3.12/site-packages/django/middleware/common.py", line 48, in process_request
    host = request.get_host()
           ^^^^^^^^^^^^^^^^^^
  File "/home/toppr/pr/env/lib/python3.12/site-packages/django/http/request.py", line 151, in get_host
    raise DisallowedHost(msg)
django.core.exceptions.DisallowedHost: Invalid HTTP_HOST header: '89.104.68.164'. You may need to add '89.104.68.164' to ALLOWED_HOSTS.
Bad Request: /ab2h
Invalid HTTP_HOST header: '89.104.68.164'. You may need to add '89.104.68.164' to ALLOWED_HOSTS.
Traceback (most recent call last):
  File "/home/toppr/pr/env/lib/python3.12/site-packages/django/core/handlers/exception.py", line 55, in inner
    response = get_response(request)
               ^^^^^^^^^^^^^^^^^^^^^
  File "/home/toppr/pr/env/lib/python3.12/site-packages/django/utils/deprecation.py", line 128, in __call__
    response = self.process_request(request)
               ^^^^^^^^^^^^^^^^^^^^^^^^^^^^^
  File "/home/toppr/pr/env/lib/python3.12/site-packages/django/middleware/common.py", line 48, in process_request
    host = request.get_host()
           ^^^^^^^^^^^^^^^^^^
  File "/home/toppr/pr/env/lib/python3.12/site-packages/django/http/request.py", line 151, in get_host
    raise DisallowedHost(msg)
django.core.exceptions.DisallowedHost: Invalid HTTP_HOST header: '89.104.68.164'. You may need to add '89.104.68.164' to ALLOWED_HOSTS.
Bad Request: /alive.php
Invalid HTTP_HOST header: '89.104.68.164'. You may need to add '89.104.68.164' to ALLOWED_HOSTS.
Traceback (most recent call last):
  File "/home/toppr/pr/env/lib/python3.12/site-packages/django/core/handlers/exception.py", line 55, in inner
    response = get_response(request)
               ^^^^^^^^^^^^^^^^^^^^^
  File "/home/toppr/pr/env/lib/python3.12/site-packages/django/utils/deprecation.py", line 128, in __call__
    response = self.process_request(request)
               ^^^^^^^^^^^^^^^^^^^^^^^^^^^^^
  File "/home/toppr/pr/env/lib/python3.12/site-packages/django/middleware/common.py", line 48, in process_request
    host = request.get_host()
           ^^^^^^^^^^^^^^^^^^
  File "/home/toppr/pr/env/lib/python3.12/site-packages/django/http/request.py", line 151, in get_host
    raise DisallowedHost(msg)
django.core.exceptions.DisallowedHost: Invalid HTTP_HOST header: '89.104.68.164'. You may need to add '89.104.68.164' to ALLOWED_HOSTS.
Bad Request: /
Invalid HTTP_HOST header: '89.104.68.164'. You may need to add '89.104.68.164' to ALLOWED_HOSTS.
Traceback (most recent call last):
  File "/home/toppr/pr/env/lib/python3.12/site-packages/django/core/handlers/exception.py", line 55, in inner
    response = get_response(request)
               ^^^^^^^^^^^^^^^^^^^^^
  File "/home/toppr/pr/env/lib/python3.12/site-packages/django/utils/deprecation.py", line 128, in __call__
    response = self.process_request(request)
               ^^^^^^^^^^^^^^^^^^^^^^^^^^^^^
  File "/home/toppr/pr/env/lib/python3.12/site-packages/django/middleware/common.py", line 48, in process_request
    host = request.get_host()
           ^^^^^^^^^^^^^^^^^^
  File "/home/toppr/pr/env/lib/python3.12/site-packages/django/http/request.py", line 151, in get_host
    raise DisallowedHost(msg)
django.core.exceptions.DisallowedHost: Invalid HTTP_HOST header: '89.104.68.164'. You may need to add '89.104.68.164' to ALLOWED_HOSTS.
Bad Request: /t4
Invalid HTTP_HOST header: '89.104.68.164'. You may need to add '89.104.68.164' to ALLOWED_HOSTS.
Traceback (most recent call last):
  File "/home/toppr/pr/env/lib/python3.12/site-packages/django/core/handlers/exception.py", line 55, in inner
    response = get_response(request)
               ^^^^^^^^^^^^^^^^^^^^^
  File "/home/toppr/pr/env/lib/python3.12/site-packages/django/utils/deprecation.py", line 128, in __call__
    response = self.process_request(request)
               ^^^^^^^^^^^^^^^^^^^^^^^^^^^^^
  File "/home/toppr/pr/env/lib/python3.12/site-packages/django/middleware/common.py", line 48, in process_request
    host = request.get_host()
           ^^^^^^^^^^^^^^^^^^
  File "/home/toppr/pr/env/lib/python3.12/site-packages/django/http/request.py", line 151, in get_host
    raise DisallowedHost(msg)
django.core.exceptions.DisallowedHost: Invalid HTTP_HOST header: '89.104.68.164'. You may need to add '89.104.68.164' to ALLOWED_HOSTS.
Bad Request: /favicon.ico
Invalid HTTP_HOST header: '89.104.68.164'. You may need to add '89.104.68.164' to ALLOWED_HOSTS.
Traceback (most recent call last):
  File "/home/toppr/pr/env/lib/python3.12/site-packages/django/core/handlers/exception.py", line 55, in inner
    response = get_response(request)
               ^^^^^^^^^^^^^^^^^^^^^
  File "/home/toppr/pr/env/lib/python3.12/site-packages/django/utils/deprecation.py", line 128, in __call__
    response = self.process_request(request)
               ^^^^^^^^^^^^^^^^^^^^^^^^^^^^^
  File "/home/toppr/pr/env/lib/python3.12/site-packages/django/middleware/common.py", line 48, in process_request
    host = request.get_host()
           ^^^^^^^^^^^^^^^^^^
  File "/home/toppr/pr/env/lib/python3.12/site-packages/django/http/request.py", line 151, in get_host
    raise DisallowedHost(msg)
django.core.exceptions.DisallowedHost: Invalid HTTP_HOST header: '89.104.68.164'. You may need to add '89.104.68.164' to ALLOWED_HOSTS.
Bad Request: /
Invalid HTTP_HOST header: '89.104.68.164'. You may need to add '89.104.68.164' to ALLOWED_HOSTS.
Traceback (most recent call last):
  File "/home/toppr/pr/env/lib/python3.12/site-packages/django/core/handlers/exception.py", line 55, in inner
    response = get_response(request)
               ^^^^^^^^^^^^^^^^^^^^^
  File "/home/toppr/pr/env/lib/python3.12/site-packages/django/utils/deprecation.py", line 128, in __call__
    response = self.process_request(request)
               ^^^^^^^^^^^^^^^^^^^^^^^^^^^^^
  File "/home/toppr/pr/env/lib/python3.12/site-packages/django/middleware/common.py", line 48, in process_request
    host = request.get_host()
           ^^^^^^^^^^^^^^^^^^
  File "/home/toppr/pr/env/lib/python3.12/site-packages/django/http/request.py", line 151, in get_host
    raise DisallowedHost(msg)
django.core.exceptions.DisallowedHost: Invalid HTTP_HOST header: '89.104.68.164'. You may need to add '89.104.68.164' to ALLOWED_HOSTS.
Bad Request: /teorema505
Invalid HTTP_HOST header: '89.104.68.164'. You may need to add '89.104.68.164' to ALLOWED_HOSTS.
Traceback (most recent call last):
  File "/home/toppr/pr/env/lib/python3.12/site-packages/django/core/handlers/exception.py", line 55, in inner
    response = get_response(request)
               ^^^^^^^^^^^^^^^^^^^^^
  File "/home/toppr/pr/env/lib/python3.12/site-packages/django/utils/deprecation.py", line 128, in __call__
    response = self.process_request(request)
               ^^^^^^^^^^^^^^^^^^^^^^^^^^^^^
  File "/home/toppr/pr/env/lib/python3.12/site-packages/django/middleware/common.py", line 48, in process_request
    host = request.get_host()
           ^^^^^^^^^^^^^^^^^^
  File "/home/toppr/pr/env/lib/python3.12/site-packages/django/http/request.py", line 151, in get_host
    raise DisallowedHost(msg)
django.core.exceptions.DisallowedHost: Invalid HTTP_HOST header: '89.104.68.164'. You may need to add '89.104.68.164' to ALLOWED_HOSTS.
Bad Request: /restore.php
Not Found: /favicon.ico
Not Found: /favicon.ico
Not Found: /wp-login.php
Not Found: /wp-login.php
Invalid HTTP_HOST header: '89.104.68.164'. You may need to add '89.104.68.164' to ALLOWED_HOSTS.
Traceback (most recent call last):
  File "/home/toppr/pr/env/lib/python3.12/site-packages/django/core/handlers/exception.py", line 55, in inner
    response = get_response(request)
               ^^^^^^^^^^^^^^^^^^^^^
  File "/home/toppr/pr/env/lib/python3.12/site-packages/django/utils/deprecation.py", line 128, in __call__
    response = self.process_request(request)
               ^^^^^^^^^^^^^^^^^^^^^^^^^^^^^
  File "/home/toppr/pr/env/lib/python3.12/site-packages/django/middleware/common.py", line 48, in process_request
    host = request.get_host()
           ^^^^^^^^^^^^^^^^^^
  File "/home/toppr/pr/env/lib/python3.12/site-packages/django/http/request.py", line 151, in get_host
    raise DisallowedHost(msg)
django.core.exceptions.DisallowedHost: Invalid HTTP_HOST header: '89.104.68.164'. You may need to add '89.104.68.164' to ALLOWED_HOSTS.
Bad Request: /
Invalid HTTP_HOST header: '89.104.68.164'. You may need to add '89.104.68.164' to ALLOWED_HOSTS.
Traceback (most recent call last):
  File "/home/toppr/pr/env/lib/python3.12/site-packages/django/core/handlers/exception.py", line 55, in inner
    response = get_response(request)
               ^^^^^^^^^^^^^^^^^^^^^
  File "/home/toppr/pr/env/lib/python3.12/site-packages/django/utils/deprecation.py", line 128, in __call__
    response = self.process_request(request)
               ^^^^^^^^^^^^^^^^^^^^^^^^^^^^^
  File "/home/toppr/pr/env/lib/python3.12/site-packages/django/middleware/common.py", line 48, in process_request
    host = request.get_host()
           ^^^^^^^^^^^^^^^^^^
  File "/home/toppr/pr/env/lib/python3.12/site-packages/django/http/request.py", line 151, in get_host
    raise DisallowedHost(msg)
django.core.exceptions.DisallowedHost: Invalid HTTP_HOST header: '89.104.68.164'. You may need to add '89.104.68.164' to ALLOWED_HOSTS.
Bad Request: /favicon.ico
Invalid HTTP_HOST header: '89.104.68.164'. You may need to add '89.104.68.164' to ALLOWED_HOSTS.
Traceback (most recent call last):
  File "/home/toppr/pr/env/lib/python3.12/site-packages/django/core/handlers/exception.py", line 55, in inner
    response = get_response(request)
               ^^^^^^^^^^^^^^^^^^^^^
  File "/home/toppr/pr/env/lib/python3.12/site-packages/django/utils/deprecation.py", line 128, in __call__
    response = self.process_request(request)
               ^^^^^^^^^^^^^^^^^^^^^^^^^^^^^
  File "/home/toppr/pr/env/lib/python3.12/site-packages/django/middleware/common.py", line 48, in process_request
    host = request.get_host()
           ^^^^^^^^^^^^^^^^^^
  File "/home/toppr/pr/env/lib/python3.12/site-packages/django/http/request.py", line 151, in get_host
    raise DisallowedHost(msg)
django.core.exceptions.DisallowedHost: Invalid HTTP_HOST header: '89.104.68.164'. You may need to add '89.104.68.164' to ALLOWED_HOSTS.
Bad Request: /remote/login
Invalid HTTP_HOST header: '89.104.68.164'. You may need to add '89.104.68.164' to ALLOWED_HOSTS.
Traceback (most recent call last):
  File "/home/toppr/pr/env/lib/python3.12/site-packages/django/core/handlers/exception.py", line 55, in inner
    response = get_response(request)
               ^^^^^^^^^^^^^^^^^^^^^
  File "/home/toppr/pr/env/lib/python3.12/site-packages/django/utils/deprecation.py", line 128, in __call__
    response = self.process_request(request)
               ^^^^^^^^^^^^^^^^^^^^^^^^^^^^^
  File "/home/toppr/pr/env/lib/python3.12/site-packages/django/middleware/common.py", line 48, in process_request
    host = request.get_host()
           ^^^^^^^^^^^^^^^^^^
  File "/home/toppr/pr/env/lib/python3.12/site-packages/django/http/request.py", line 151, in get_host
    raise DisallowedHost(msg)
django.core.exceptions.DisallowedHost: Invalid HTTP_HOST header: '89.104.68.164'. You may need to add '89.104.68.164' to ALLOWED_HOSTS.
Bad Request: /
Invalid HTTP_HOST header: '89.104.68.164'. You may need to add '89.104.68.164' to ALLOWED_HOSTS.
Traceback (most recent call last):
  File "/home/toppr/pr/env/lib/python3.12/site-packages/django/core/handlers/exception.py", line 55, in inner
    response = get_response(request)
               ^^^^^^^^^^^^^^^^^^^^^
  File "/home/toppr/pr/env/lib/python3.12/site-packages/django/utils/deprecation.py", line 128, in __call__
    response = self.process_request(request)
               ^^^^^^^^^^^^^^^^^^^^^^^^^^^^^
  File "/home/toppr/pr/env/lib/python3.12/site-packages/django/middleware/common.py", line 48, in process_request
    host = request.get_host()
           ^^^^^^^^^^^^^^^^^^
  File "/home/toppr/pr/env/lib/python3.12/site-packages/django/http/request.py", line 151, in get_host
    raise DisallowedHost(msg)
django.core.exceptions.DisallowedHost: Invalid HTTP_HOST header: '89.104.68.164'. You may need to add '89.104.68.164' to ALLOWED_HOSTS.
Bad Request: /
Invalid HTTP_HOST header: '89.104.68.164'. You may need to add '89.104.68.164' to ALLOWED_HOSTS.
Traceback (most recent call last):
  File "/home/toppr/pr/env/lib/python3.12/site-packages/django/core/handlers/exception.py", line 55, in inner
    response = get_response(request)
               ^^^^^^^^^^^^^^^^^^^^^
  File "/home/toppr/pr/env/lib/python3.12/site-packages/django/utils/deprecation.py", line 128, in __call__
    response = self.process_request(request)
               ^^^^^^^^^^^^^^^^^^^^^^^^^^^^^
  File "/home/toppr/pr/env/lib/python3.12/site-packages/django/middleware/common.py", line 48, in process_request
    host = request.get_host()
           ^^^^^^^^^^^^^^^^^^
  File "/home/toppr/pr/env/lib/python3.12/site-packages/django/http/request.py", line 151, in get_host
    raise DisallowedHost(msg)
django.core.exceptions.DisallowedHost: Invalid HTTP_HOST header: '89.104.68.164'. You may need to add '89.104.68.164' to ALLOWED_HOSTS.
Bad Request: /
Invalid HTTP_HOST header: '89.104.68.164'. You may need to add '89.104.68.164' to ALLOWED_HOSTS.
Traceback (most recent call last):
  File "/home/toppr/pr/env/lib/python3.12/site-packages/django/core/handlers/exception.py", line 55, in inner
    response = get_response(request)
               ^^^^^^^^^^^^^^^^^^^^^
  File "/home/toppr/pr/env/lib/python3.12/site-packages/django/utils/deprecation.py", line 128, in __call__
    response = self.process_request(request)
               ^^^^^^^^^^^^^^^^^^^^^^^^^^^^^
  File "/home/toppr/pr/env/lib/python3.12/site-packages/django/middleware/common.py", line 48, in process_request
    host = request.get_host()
           ^^^^^^^^^^^^^^^^^^
  File "/home/toppr/pr/env/lib/python3.12/site-packages/django/http/request.py", line 151, in get_host
    raise DisallowedHost(msg)
django.core.exceptions.DisallowedHost: Invalid HTTP_HOST header: '89.104.68.164'. You may need to add '89.104.68.164' to ALLOWED_HOSTS.
Bad Request: /favicon.ico
Invalid HTTP_HOST header: '89.104.68.164'. You may need to add '89.104.68.164' to ALLOWED_HOSTS.
Traceback (most recent call last):
  File "/home/toppr/pr/env/lib/python3.12/site-packages/django/core/handlers/exception.py", line 55, in inner
    response = get_response(request)
               ^^^^^^^^^^^^^^^^^^^^^
  File "/home/toppr/pr/env/lib/python3.12/site-packages/django/utils/deprecation.py", line 128, in __call__
    response = self.process_request(request)
               ^^^^^^^^^^^^^^^^^^^^^^^^^^^^^
  File "/home/toppr/pr/env/lib/python3.12/site-packages/django/middleware/common.py", line 48, in process_request
    host = request.get_host()
           ^^^^^^^^^^^^^^^^^^
  File "/home/toppr/pr/env/lib/python3.12/site-packages/django/http/request.py", line 151, in get_host
    raise DisallowedHost(msg)
django.core.exceptions.DisallowedHost: Invalid HTTP_HOST header: '89.104.68.164'. You may need to add '89.104.68.164' to ALLOWED_HOSTS.
Bad Request: /favicon.ico
Not Found: /ads.txt
Invalid HTTP_HOST header: '89.104.68.164'. You may need to add '89.104.68.164' to ALLOWED_HOSTS.
Traceback (most recent call last):
  File "/home/toppr/pr/env/lib/python3.12/site-packages/django/core/handlers/exception.py", line 55, in inner
    response = get_response(request)
               ^^^^^^^^^^^^^^^^^^^^^
  File "/home/toppr/pr/env/lib/python3.12/site-packages/django/utils/deprecation.py", line 128, in __call__
    response = self.process_request(request)
               ^^^^^^^^^^^^^^^^^^^^^^^^^^^^^
  File "/home/toppr/pr/env/lib/python3.12/site-packages/django/middleware/common.py", line 48, in process_request
    host = request.get_host()
           ^^^^^^^^^^^^^^^^^^
  File "/home/toppr/pr/env/lib/python3.12/site-packages/django/http/request.py", line 151, in get_host
    raise DisallowedHost(msg)
django.core.exceptions.DisallowedHost: Invalid HTTP_HOST header: '89.104.68.164'. You may need to add '89.104.68.164' to ALLOWED_HOSTS.
Bad Request: /.env
Invalid HTTP_HOST header: '89.104.68.164'. You may need to add '89.104.68.164' to ALLOWED_HOSTS.
Traceback (most recent call last):
  File "/home/toppr/pr/env/lib/python3.12/site-packages/django/core/handlers/exception.py", line 55, in inner
    response = get_response(request)
               ^^^^^^^^^^^^^^^^^^^^^
  File "/home/toppr/pr/env/lib/python3.12/site-packages/django/utils/deprecation.py", line 128, in __call__
    response = self.process_request(request)
               ^^^^^^^^^^^^^^^^^^^^^^^^^^^^^
  File "/home/toppr/pr/env/lib/python3.12/site-packages/django/middleware/common.py", line 48, in process_request
    host = request.get_host()
           ^^^^^^^^^^^^^^^^^^
  File "/home/toppr/pr/env/lib/python3.12/site-packages/django/http/request.py", line 151, in get_host
    raise DisallowedHost(msg)
django.core.exceptions.DisallowedHost: Invalid HTTP_HOST header: '89.104.68.164'. You may need to add '89.104.68.164' to ALLOWED_HOSTS.
Bad Request: /restore.php
Invalid HTTP_HOST header: '89.104.68.164'. You may need to add '89.104.68.164' to ALLOWED_HOSTS.
Traceback (most recent call last):
  File "/home/toppr/pr/env/lib/python3.12/site-packages/django/core/handlers/exception.py", line 55, in inner
    response = get_response(request)
               ^^^^^^^^^^^^^^^^^^^^^
  File "/home/toppr/pr/env/lib/python3.12/site-packages/django/utils/deprecation.py", line 128, in __call__
    response = self.process_request(request)
               ^^^^^^^^^^^^^^^^^^^^^^^^^^^^^
  File "/home/toppr/pr/env/lib/python3.12/site-packages/django/middleware/common.py", line 48, in process_request
    host = request.get_host()
           ^^^^^^^^^^^^^^^^^^
  File "/home/toppr/pr/env/lib/python3.12/site-packages/django/http/request.py", line 151, in get_host
    raise DisallowedHost(msg)
django.core.exceptions.DisallowedHost: Invalid HTTP_HOST header: '89.104.68.164'. You may need to add '89.104.68.164' to ALLOWED_HOSTS.
Bad Request: /admin/modules/framework/amp_conf/htdocs/admin/config.php
Not Found: /favicon.ico
Invalid HTTP_HOST header: '89.104.68.164'. You may need to add '89.104.68.164' to ALLOWED_HOSTS.
Traceback (most recent call last):
  File "/home/toppr/pr/env/lib/python3.12/site-packages/django/core/handlers/exception.py", line 55, in inner
    response = get_response(request)
               ^^^^^^^^^^^^^^^^^^^^^
  File "/home/toppr/pr/env/lib/python3.12/site-packages/django/utils/deprecation.py", line 128, in __call__
    response = self.process_request(request)
               ^^^^^^^^^^^^^^^^^^^^^^^^^^^^^
  File "/home/toppr/pr/env/lib/python3.12/site-packages/django/middleware/common.py", line 48, in process_request
    host = request.get_host()
           ^^^^^^^^^^^^^^^^^^
  File "/home/toppr/pr/env/lib/python3.12/site-packages/django/http/request.py", line 151, in get_host
    raise DisallowedHost(msg)
django.core.exceptions.DisallowedHost: Invalid HTTP_HOST header: '89.104.68.164'. You may need to add '89.104.68.164' to ALLOWED_HOSTS.
Bad Request: /
Invalid HTTP_HOST header: '89.104.68.164'. You may need to add '89.104.68.164' to ALLOWED_HOSTS.
Traceback (most recent call last):
  File "/home/toppr/pr/env/lib/python3.12/site-packages/django/core/handlers/exception.py", line 55, in inner
    response = get_response(request)
               ^^^^^^^^^^^^^^^^^^^^^
  File "/home/toppr/pr/env/lib/python3.12/site-packages/django/utils/deprecation.py", line 128, in __call__
    response = self.process_request(request)
               ^^^^^^^^^^^^^^^^^^^^^^^^^^^^^
  File "/home/toppr/pr/env/lib/python3.12/site-packages/django/middleware/common.py", line 48, in process_request
    host = request.get_host()
           ^^^^^^^^^^^^^^^^^^
  File "/home/toppr/pr/env/lib/python3.12/site-packages/django/http/request.py", line 151, in get_host
    raise DisallowedHost(msg)
django.core.exceptions.DisallowedHost: Invalid HTTP_HOST header: '89.104.68.164'. You may need to add '89.104.68.164' to ALLOWED_HOSTS.
Bad Request: /
Invalid HTTP_HOST header: '89.104.68.164'. You may need to add '89.104.68.164' to ALLOWED_HOSTS.
Traceback (most recent call last):
  File "/home/toppr/pr/env/lib/python3.12/site-packages/django/core/handlers/exception.py", line 55, in inner
    response = get_response(request)
               ^^^^^^^^^^^^^^^^^^^^^
  File "/home/toppr/pr/env/lib/python3.12/site-packages/django/utils/deprecation.py", line 128, in __call__
    response = self.process_request(request)
               ^^^^^^^^^^^^^^^^^^^^^^^^^^^^^
  File "/home/toppr/pr/env/lib/python3.12/site-packages/django/middleware/common.py", line 48, in process_request
    host = request.get_host()
           ^^^^^^^^^^^^^^^^^^
  File "/home/toppr/pr/env/lib/python3.12/site-packages/django/http/request.py", line 151, in get_host
    raise DisallowedHost(msg)
django.core.exceptions.DisallowedHost: Invalid HTTP_HOST header: '89.104.68.164'. You may need to add '89.104.68.164' to ALLOWED_HOSTS.
Bad Request: /restore.php
Invalid HTTP_HOST header: '89.104.68.164'. You may need to add '89.104.68.164' to ALLOWED_HOSTS.
Traceback (most recent call last):
  File "/home/toppr/pr/env/lib/python3.12/site-packages/django/core/handlers/exception.py", line 55, in inner
    response = get_response(request)
               ^^^^^^^^^^^^^^^^^^^^^
  File "/home/toppr/pr/env/lib/python3.12/site-packages/django/utils/deprecation.py", line 128, in __call__
    response = self.process_request(request)
               ^^^^^^^^^^^^^^^^^^^^^^^^^^^^^
  File "/home/toppr/pr/env/lib/python3.12/site-packages/django/middleware/common.py", line 48, in process_request
    host = request.get_host()
           ^^^^^^^^^^^^^^^^^^
  File "/home/toppr/pr/env/lib/python3.12/site-packages/django/http/request.py", line 151, in get_host
    raise DisallowedHost(msg)
django.core.exceptions.DisallowedHost: Invalid HTTP_HOST header: '89.104.68.164'. You may need to add '89.104.68.164' to ALLOWED_HOSTS.
Bad Request: /.env
Invalid HTTP_HOST header: '89.104.68.164'. You may need to add '89.104.68.164' to ALLOWED_HOSTS.
Traceback (most recent call last):
  File "/home/toppr/pr/env/lib/python3.12/site-packages/django/core/handlers/exception.py", line 55, in inner
    response = get_response(request)
               ^^^^^^^^^^^^^^^^^^^^^
  File "/home/toppr/pr/env/lib/python3.12/site-packages/django/utils/deprecation.py", line 128, in __call__
    response = self.process_request(request)
               ^^^^^^^^^^^^^^^^^^^^^^^^^^^^^
  File "/home/toppr/pr/env/lib/python3.12/site-packages/django/middleware/common.py", line 48, in process_request
    host = request.get_host()
           ^^^^^^^^^^^^^^^^^^
  File "/home/toppr/pr/env/lib/python3.12/site-packages/django/http/request.py", line 151, in get_host
    raise DisallowedHost(msg)
django.core.exceptions.DisallowedHost: Invalid HTTP_HOST header: '89.104.68.164'. You may need to add '89.104.68.164' to ALLOWED_HOSTS.
Bad Request: /
Invalid HTTP_HOST header: '89.104.68.164'. You may need to add '89.104.68.164' to ALLOWED_HOSTS.
Traceback (most recent call last):
  File "/home/toppr/pr/env/lib/python3.12/site-packages/django/core/handlers/exception.py", line 55, in inner
    response = get_response(request)
               ^^^^^^^^^^^^^^^^^^^^^
  File "/home/toppr/pr/env/lib/python3.12/site-packages/django/utils/deprecation.py", line 128, in __call__
    response = self.process_request(request)
               ^^^^^^^^^^^^^^^^^^^^^^^^^^^^^
  File "/home/toppr/pr/env/lib/python3.12/site-packages/django/middleware/common.py", line 48, in process_request
    host = request.get_host()
           ^^^^^^^^^^^^^^^^^^
  File "/home/toppr/pr/env/lib/python3.12/site-packages/django/http/request.py", line 151, in get_host
    raise DisallowedHost(msg)
django.core.exceptions.DisallowedHost: Invalid HTTP_HOST header: '89.104.68.164'. You may need to add '89.104.68.164' to ALLOWED_HOSTS.
Bad Request: /
Invalid HTTP_HOST header: '89.104.68.164'. You may need to add '89.104.68.164' to ALLOWED_HOSTS.
Traceback (most recent call last):
  File "/home/toppr/pr/env/lib/python3.12/site-packages/django/core/handlers/exception.py", line 55, in inner
    response = get_response(request)
               ^^^^^^^^^^^^^^^^^^^^^
  File "/home/toppr/pr/env/lib/python3.12/site-packages/django/utils/deprecation.py", line 128, in __call__
    response = self.process_request(request)
               ^^^^^^^^^^^^^^^^^^^^^^^^^^^^^
  File "/home/toppr/pr/env/lib/python3.12/site-packages/django/middleware/common.py", line 48, in process_request
    host = request.get_host()
           ^^^^^^^^^^^^^^^^^^
  File "/home/toppr/pr/env/lib/python3.12/site-packages/django/http/request.py", line 151, in get_host
    raise DisallowedHost(msg)
django.core.exceptions.DisallowedHost: Invalid HTTP_HOST header: '89.104.68.164'. You may need to add '89.104.68.164' to ALLOWED_HOSTS.
Bad Request: /restore.php
Invalid HTTP_HOST header: 'ua-reporter.com'. You may need to add 'ua-reporter.com' to ALLOWED_HOSTS.
Traceback (most recent call last):
  File "/home/toppr/pr/env/lib/python3.12/site-packages/django/core/handlers/exception.py", line 55, in inner
    response = get_response(request)
               ^^^^^^^^^^^^^^^^^^^^^
  File "/home/toppr/pr/env/lib/python3.12/site-packages/django/utils/deprecation.py", line 128, in __call__
    response = self.process_request(request)
               ^^^^^^^^^^^^^^^^^^^^^^^^^^^^^
  File "/home/toppr/pr/env/lib/python3.12/site-packages/django/middleware/common.py", line 48, in process_request
    host = request.get_host()
           ^^^^^^^^^^^^^^^^^^
  File "/home/toppr/pr/env/lib/python3.12/site-packages/django/http/request.py", line 151, in get_host
    raise DisallowedHost(msg)
django.core.exceptions.DisallowedHost: Invalid HTTP_HOST header: 'ua-reporter.com'. You may need to add 'ua-reporter.com' to ALLOWED_HOSTS.
Bad Request: /
Invalid HTTP_HOST header: 'ua-reporter.com'. You may need to add 'ua-reporter.com' to ALLOWED_HOSTS.
Traceback (most recent call last):
  File "/home/toppr/pr/env/lib/python3.12/site-packages/django/core/handlers/exception.py", line 55, in inner
    response = get_response(request)
               ^^^^^^^^^^^^^^^^^^^^^
  File "/home/toppr/pr/env/lib/python3.12/site-packages/django/utils/deprecation.py", line 128, in __call__
    response = self.process_request(request)
               ^^^^^^^^^^^^^^^^^^^^^^^^^^^^^
  File "/home/toppr/pr/env/lib/python3.12/site-packages/django/middleware/common.py", line 48, in process_request
    host = request.get_host()
           ^^^^^^^^^^^^^^^^^^
  File "/home/toppr/pr/env/lib/python3.12/site-packages/django/http/request.py", line 151, in get_host
    raise DisallowedHost(msg)
django.core.exceptions.DisallowedHost: Invalid HTTP_HOST header: 'ua-reporter.com'. You may need to add 'ua-reporter.com' to ALLOWED_HOSTS.
Bad Request: /
Invalid HTTP_HOST header: '89.104.68.164'. You may need to add '89.104.68.164' to ALLOWED_HOSTS.
Traceback (most recent call last):
  File "/home/toppr/pr/env/lib/python3.12/site-packages/django/core/handlers/exception.py", line 55, in inner
    response = get_response(request)
               ^^^^^^^^^^^^^^^^^^^^^
  File "/home/toppr/pr/env/lib/python3.12/site-packages/django/utils/deprecation.py", line 128, in __call__
    response = self.process_request(request)
               ^^^^^^^^^^^^^^^^^^^^^^^^^^^^^
  File "/home/toppr/pr/env/lib/python3.12/site-packages/django/middleware/common.py", line 48, in process_request
    host = request.get_host()
           ^^^^^^^^^^^^^^^^^^
  File "/home/toppr/pr/env/lib/python3.12/site-packages/django/http/request.py", line 151, in get_host
    raise DisallowedHost(msg)
django.core.exceptions.DisallowedHost: Invalid HTTP_HOST header: '89.104.68.164'. You may need to add '89.104.68.164' to ALLOWED_HOSTS.
Bad Request: /
Invalid HTTP_HOST header: '89.104.68.164'. You may need to add '89.104.68.164' to ALLOWED_HOSTS.
Traceback (most recent call last):
  File "/home/toppr/pr/env/lib/python3.12/site-packages/django/core/handlers/exception.py", line 55, in inner
    response = get_response(request)
               ^^^^^^^^^^^^^^^^^^^^^
  File "/home/toppr/pr/env/lib/python3.12/site-packages/django/utils/deprecation.py", line 128, in __call__
    response = self.process_request(request)
               ^^^^^^^^^^^^^^^^^^^^^^^^^^^^^
  File "/home/toppr/pr/env/lib/python3.12/site-packages/django/middleware/common.py", line 48, in process_request
    host = request.get_host()
           ^^^^^^^^^^^^^^^^^^
  File "/home/toppr/pr/env/lib/python3.12/site-packages/django/http/request.py", line 151, in get_host
    raise DisallowedHost(msg)
django.core.exceptions.DisallowedHost: Invalid HTTP_HOST header: '89.104.68.164'. You may need to add '89.104.68.164' to ALLOWED_HOSTS.
Bad Request: /
Invalid HTTP_HOST header: '89.104.68.164'. You may need to add '89.104.68.164' to ALLOWED_HOSTS.
Traceback (most recent call last):
  File "/home/toppr/pr/env/lib/python3.12/site-packages/django/core/handlers/exception.py", line 55, in inner
    response = get_response(request)
               ^^^^^^^^^^^^^^^^^^^^^
  File "/home/toppr/pr/env/lib/python3.12/site-packages/django/utils/deprecation.py", line 128, in __call__
    response = self.process_request(request)
               ^^^^^^^^^^^^^^^^^^^^^^^^^^^^^
  File "/home/toppr/pr/env/lib/python3.12/site-packages/django/middleware/common.py", line 48, in process_request
    host = request.get_host()
           ^^^^^^^^^^^^^^^^^^
  File "/home/toppr/pr/env/lib/python3.12/site-packages/django/http/request.py", line 151, in get_host
    raise DisallowedHost(msg)
django.core.exceptions.DisallowedHost: Invalid HTTP_HOST header: '89.104.68.164'. You may need to add '89.104.68.164' to ALLOWED_HOSTS.
Bad Request: /version
Invalid HTTP_HOST header: '89.104.68.164'. You may need to add '89.104.68.164' to ALLOWED_HOSTS.
Traceback (most recent call last):
  File "/home/toppr/pr/env/lib/python3.12/site-packages/django/core/handlers/exception.py", line 55, in inner
    response = get_response(request)
               ^^^^^^^^^^^^^^^^^^^^^
  File "/home/toppr/pr/env/lib/python3.12/site-packages/django/utils/deprecation.py", line 128, in __call__
    response = self.process_request(request)
               ^^^^^^^^^^^^^^^^^^^^^^^^^^^^^
  File "/home/toppr/pr/env/lib/python3.12/site-packages/django/middleware/common.py", line 48, in process_request
    host = request.get_host()
           ^^^^^^^^^^^^^^^^^^
  File "/home/toppr/pr/env/lib/python3.12/site-packages/django/http/request.py", line 151, in get_host
    raise DisallowedHost(msg)
django.core.exceptions.DisallowedHost: Invalid HTTP_HOST header: '89.104.68.164'. You may need to add '89.104.68.164' to ALLOWED_HOSTS.
Bad Request: /
Invalid HTTP_HOST header: '89.104.68.164'. You may need to add '89.104.68.164' to ALLOWED_HOSTS.
Traceback (most recent call last):
  File "/home/toppr/pr/env/lib/python3.12/site-packages/django/core/handlers/exception.py", line 55, in inner
    response = get_response(request)
               ^^^^^^^^^^^^^^^^^^^^^
  File "/home/toppr/pr/env/lib/python3.12/site-packages/django/utils/deprecation.py", line 128, in __call__
    response = self.process_request(request)
               ^^^^^^^^^^^^^^^^^^^^^^^^^^^^^
  File "/home/toppr/pr/env/lib/python3.12/site-packages/django/middleware/common.py", line 48, in process_request
    host = request.get_host()
           ^^^^^^^^^^^^^^^^^^
  File "/home/toppr/pr/env/lib/python3.12/site-packages/django/http/request.py", line 151, in get_host
    raise DisallowedHost(msg)
django.core.exceptions.DisallowedHost: Invalid HTTP_HOST header: '89.104.68.164'. You may need to add '89.104.68.164' to ALLOWED_HOSTS.
Bad Request: /
Invalid HTTP_HOST header: '89.104.68.164'. You may need to add '89.104.68.164' to ALLOWED_HOSTS.
Traceback (most recent call last):
  File "/home/toppr/pr/env/lib/python3.12/site-packages/django/core/handlers/exception.py", line 55, in inner
    response = get_response(request)
               ^^^^^^^^^^^^^^^^^^^^^
  File "/home/toppr/pr/env/lib/python3.12/site-packages/django/utils/deprecation.py", line 128, in __call__
    response = self.process_request(request)
               ^^^^^^^^^^^^^^^^^^^^^^^^^^^^^
  File "/home/toppr/pr/env/lib/python3.12/site-packages/django/middleware/common.py", line 48, in process_request
    host = request.get_host()
           ^^^^^^^^^^^^^^^^^^
  File "/home/toppr/pr/env/lib/python3.12/site-packages/django/http/request.py", line 151, in get_host
    raise DisallowedHost(msg)
django.core.exceptions.DisallowedHost: Invalid HTTP_HOST header: '89.104.68.164'. You may need to add '89.104.68.164' to ALLOWED_HOSTS.
Bad Request: /
Invalid HTTP_HOST header: '89.104.68.164'. You may need to add '89.104.68.164' to ALLOWED_HOSTS.
Traceback (most recent call last):
  File "/home/toppr/pr/env/lib/python3.12/site-packages/django/core/handlers/exception.py", line 55, in inner
    response = get_response(request)
               ^^^^^^^^^^^^^^^^^^^^^
  File "/home/toppr/pr/env/lib/python3.12/site-packages/django/utils/deprecation.py", line 128, in __call__
    response = self.process_request(request)
               ^^^^^^^^^^^^^^^^^^^^^^^^^^^^^
  File "/home/toppr/pr/env/lib/python3.12/site-packages/django/middleware/common.py", line 48, in process_request
    host = request.get_host()
           ^^^^^^^^^^^^^^^^^^
  File "/home/toppr/pr/env/lib/python3.12/site-packages/django/http/request.py", line 151, in get_host
    raise DisallowedHost(msg)
django.core.exceptions.DisallowedHost: Invalid HTTP_HOST header: '89.104.68.164'. You may need to add '89.104.68.164' to ALLOWED_HOSTS.
Bad Request: /.env
Invalid HTTP_HOST header: '89.104.68.164'. You may need to add '89.104.68.164' to ALLOWED_HOSTS.
Traceback (most recent call last):
  File "/home/toppr/pr/env/lib/python3.12/site-packages/django/core/handlers/exception.py", line 55, in inner
    response = get_response(request)
               ^^^^^^^^^^^^^^^^^^^^^
  File "/home/toppr/pr/env/lib/python3.12/site-packages/django/utils/deprecation.py", line 128, in __call__
    response = self.process_request(request)
               ^^^^^^^^^^^^^^^^^^^^^^^^^^^^^
  File "/home/toppr/pr/env/lib/python3.12/site-packages/django/middleware/common.py", line 48, in process_request
    host = request.get_host()
           ^^^^^^^^^^^^^^^^^^
  File "/home/toppr/pr/env/lib/python3.12/site-packages/django/http/request.py", line 151, in get_host
    raise DisallowedHost(msg)
django.core.exceptions.DisallowedHost: Invalid HTTP_HOST header: '89.104.68.164'. You may need to add '89.104.68.164' to ALLOWED_HOSTS.
Bad Request: /restore.php
Not Found: /wp-admin/network/index.php
Not Found: /wp-admin/js/index.php
Not Found: /wp-admin/images/index.php
Not Found: /wp-admin/css/index.php
Not Found: /wp-includes/SimplePie/Content/Type/index.php
Not Found: /wp-includes/Requests/Auth/index.php
Not Found: /wp-admin/css/colors/index.php
Not Found: /wp-content/languages/index.php
Not Found: /wp-content/upgrade/index.php
Not Found: /wp-content/IXR/index.php
Invalid HTTP_HOST header: '89.104.68.164'. You may need to add '89.104.68.164' to ALLOWED_HOSTS.
Traceback (most recent call last):
  File "/home/toppr/pr/env/lib/python3.12/site-packages/django/core/handlers/exception.py", line 55, in inner
    response = get_response(request)
               ^^^^^^^^^^^^^^^^^^^^^
  File "/home/toppr/pr/env/lib/python3.12/site-packages/django/utils/deprecation.py", line 128, in __call__
    response = self.process_request(request)
               ^^^^^^^^^^^^^^^^^^^^^^^^^^^^^
  File "/home/toppr/pr/env/lib/python3.12/site-packages/django/middleware/common.py", line 48, in process_request
    host = request.get_host()
           ^^^^^^^^^^^^^^^^^^
  File "/home/toppr/pr/env/lib/python3.12/site-packages/django/http/request.py", line 151, in get_host
    raise DisallowedHost(msg)
django.core.exceptions.DisallowedHost: Invalid HTTP_HOST header: '89.104.68.164'. You may need to add '89.104.68.164' to ALLOWED_HOSTS.
Bad Request: /autodiscover/autodiscover.json
Invalid HTTP_HOST header: '89.104.68.164'. You may need to add '89.104.68.164' to ALLOWED_HOSTS.
Traceback (most recent call last):
  File "/home/toppr/pr/env/lib/python3.12/site-packages/django/core/handlers/exception.py", line 55, in inner
    response = get_response(request)
               ^^^^^^^^^^^^^^^^^^^^^
  File "/home/toppr/pr/env/lib/python3.12/site-packages/django/utils/deprecation.py", line 128, in __call__
    response = self.process_request(request)
               ^^^^^^^^^^^^^^^^^^^^^^^^^^^^^
  File "/home/toppr/pr/env/lib/python3.12/site-packages/django/middleware/common.py", line 48, in process_request
    host = request.get_host()
           ^^^^^^^^^^^^^^^^^^
  File "/home/toppr/pr/env/lib/python3.12/site-packages/django/http/request.py", line 151, in get_host
    raise DisallowedHost(msg)
django.core.exceptions.DisallowedHost: Invalid HTTP_HOST header: '89.104.68.164'. You may need to add '89.104.68.164' to ALLOWED_HOSTS.
Bad Request: /ecp/Current/exporttool/microsoft.exchange.ediscovery.exporttool.application
Invalid HTTP_HOST header: '89.104.68.164'. You may need to add '89.104.68.164' to ALLOWED_HOSTS.
Traceback (most recent call last):
  File "/home/toppr/pr/env/lib/python3.12/site-packages/django/core/handlers/exception.py", line 55, in inner
    response = get_response(request)
               ^^^^^^^^^^^^^^^^^^^^^
  File "/home/toppr/pr/env/lib/python3.12/site-packages/django/utils/deprecation.py", line 128, in __call__
    response = self.process_request(request)
               ^^^^^^^^^^^^^^^^^^^^^^^^^^^^^
  File "/home/toppr/pr/env/lib/python3.12/site-packages/django/middleware/common.py", line 48, in process_request
    host = request.get_host()
           ^^^^^^^^^^^^^^^^^^
  File "/home/toppr/pr/env/lib/python3.12/site-packages/django/http/request.py", line 151, in get_host
    raise DisallowedHost(msg)
django.core.exceptions.DisallowedHost: Invalid HTTP_HOST header: '89.104.68.164'. You may need to add '89.104.68.164' to ALLOWED_HOSTS.
Bad Request: /
Not Found: /.env
Invalid HTTP_HOST header: '89.104.68.164'. You may need to add '89.104.68.164' to ALLOWED_HOSTS.
Traceback (most recent call last):
  File "/home/toppr/pr/env/lib/python3.12/site-packages/django/core/handlers/exception.py", line 55, in inner
    response = get_response(request)
               ^^^^^^^^^^^^^^^^^^^^^
  File "/home/toppr/pr/env/lib/python3.12/site-packages/django/utils/deprecation.py", line 128, in __call__
    response = self.process_request(request)
               ^^^^^^^^^^^^^^^^^^^^^^^^^^^^^
  File "/home/toppr/pr/env/lib/python3.12/site-packages/django/middleware/common.py", line 48, in process_request
    host = request.get_host()
           ^^^^^^^^^^^^^^^^^^
  File "/home/toppr/pr/env/lib/python3.12/site-packages/django/http/request.py", line 151, in get_host
    raise DisallowedHost(msg)
django.core.exceptions.DisallowedHost: Invalid HTTP_HOST header: '89.104.68.164'. You may need to add '89.104.68.164' to ALLOWED_HOSTS.
Bad Request: /ab2g
Invalid HTTP_HOST header: '89.104.68.164'. You may need to add '89.104.68.164' to ALLOWED_HOSTS.
Traceback (most recent call last):
  File "/home/toppr/pr/env/lib/python3.12/site-packages/django/core/handlers/exception.py", line 55, in inner
    response = get_response(request)
               ^^^^^^^^^^^^^^^^^^^^^
  File "/home/toppr/pr/env/lib/python3.12/site-packages/django/utils/deprecation.py", line 128, in __call__
    response = self.process_request(request)
               ^^^^^^^^^^^^^^^^^^^^^^^^^^^^^
  File "/home/toppr/pr/env/lib/python3.12/site-packages/django/middleware/common.py", line 48, in process_request
    host = request.get_host()
           ^^^^^^^^^^^^^^^^^^
  File "/home/toppr/pr/env/lib/python3.12/site-packages/django/http/request.py", line 151, in get_host
    raise DisallowedHost(msg)
django.core.exceptions.DisallowedHost: Invalid HTTP_HOST header: '89.104.68.164'. You may need to add '89.104.68.164' to ALLOWED_HOSTS.
Bad Request: /ab2h
Invalid HTTP_HOST header: '89.104.68.164'. You may need to add '89.104.68.164' to ALLOWED_HOSTS.
Traceback (most recent call last):
  File "/home/toppr/pr/env/lib/python3.12/site-packages/django/core/handlers/exception.py", line 55, in inner
    response = get_response(request)
               ^^^^^^^^^^^^^^^^^^^^^
  File "/home/toppr/pr/env/lib/python3.12/site-packages/django/utils/deprecation.py", line 128, in __call__
    response = self.process_request(request)
               ^^^^^^^^^^^^^^^^^^^^^^^^^^^^^
  File "/home/toppr/pr/env/lib/python3.12/site-packages/django/middleware/common.py", line 48, in process_request
    host = request.get_host()
           ^^^^^^^^^^^^^^^^^^
  File "/home/toppr/pr/env/lib/python3.12/site-packages/django/http/request.py", line 151, in get_host
    raise DisallowedHost(msg)
django.core.exceptions.DisallowedHost: Invalid HTTP_HOST header: '89.104.68.164'. You may need to add '89.104.68.164' to ALLOWED_HOSTS.
Bad Request: /alive.php
Invalid HTTP_HOST header: '89.104.68.164'. You may need to add '89.104.68.164' to ALLOWED_HOSTS.
Traceback (most recent call last):
  File "/home/toppr/pr/env/lib/python3.12/site-packages/django/core/handlers/exception.py", line 55, in inner
    response = get_response(request)
               ^^^^^^^^^^^^^^^^^^^^^
  File "/home/toppr/pr/env/lib/python3.12/site-packages/django/utils/deprecation.py", line 128, in __call__
    response = self.process_request(request)
               ^^^^^^^^^^^^^^^^^^^^^^^^^^^^^
  File "/home/toppr/pr/env/lib/python3.12/site-packages/django/middleware/common.py", line 48, in process_request
    host = request.get_host()
           ^^^^^^^^^^^^^^^^^^
  File "/home/toppr/pr/env/lib/python3.12/site-packages/django/http/request.py", line 151, in get_host
    raise DisallowedHost(msg)
django.core.exceptions.DisallowedHost: Invalid HTTP_HOST header: '89.104.68.164'. You may need to add '89.104.68.164' to ALLOWED_HOSTS.
Bad Request: /
Invalid HTTP_HOST header: '89.104.68.164'. You may need to add '89.104.68.164' to ALLOWED_HOSTS.
Traceback (most recent call last):
  File "/home/toppr/pr/env/lib/python3.12/site-packages/django/core/handlers/exception.py", line 55, in inner
    response = get_response(request)
               ^^^^^^^^^^^^^^^^^^^^^
  File "/home/toppr/pr/env/lib/python3.12/site-packages/django/utils/deprecation.py", line 128, in __call__
    response = self.process_request(request)
               ^^^^^^^^^^^^^^^^^^^^^^^^^^^^^
  File "/home/toppr/pr/env/lib/python3.12/site-packages/django/middleware/common.py", line 48, in process_request
    host = request.get_host()
           ^^^^^^^^^^^^^^^^^^
  File "/home/toppr/pr/env/lib/python3.12/site-packages/django/http/request.py", line 151, in get_host
    raise DisallowedHost(msg)
django.core.exceptions.DisallowedHost: Invalid HTTP_HOST header: '89.104.68.164'. You may need to add '89.104.68.164' to ALLOWED_HOSTS.
Bad Request: /t4
Invalid HTTP_HOST header: '89.104.68.164'. You may need to add '89.104.68.164' to ALLOWED_HOSTS.
Traceback (most recent call last):
  File "/home/toppr/pr/env/lib/python3.12/site-packages/django/core/handlers/exception.py", line 55, in inner
    response = get_response(request)
               ^^^^^^^^^^^^^^^^^^^^^
  File "/home/toppr/pr/env/lib/python3.12/site-packages/django/utils/deprecation.py", line 128, in __call__
    response = self.process_request(request)
               ^^^^^^^^^^^^^^^^^^^^^^^^^^^^^
  File "/home/toppr/pr/env/lib/python3.12/site-packages/django/middleware/common.py", line 48, in process_request
    host = request.get_host()
           ^^^^^^^^^^^^^^^^^^
  File "/home/toppr/pr/env/lib/python3.12/site-packages/django/http/request.py", line 151, in get_host
    raise DisallowedHost(msg)
django.core.exceptions.DisallowedHost: Invalid HTTP_HOST header: '89.104.68.164'. You may need to add '89.104.68.164' to ALLOWED_HOSTS.
Bad Request: /favicon.ico
Invalid HTTP_HOST header: '89.104.68.164'. You may need to add '89.104.68.164' to ALLOWED_HOSTS.
Traceback (most recent call last):
  File "/home/toppr/pr/env/lib/python3.12/site-packages/django/core/handlers/exception.py", line 55, in inner
    response = get_response(request)
               ^^^^^^^^^^^^^^^^^^^^^
  File "/home/toppr/pr/env/lib/python3.12/site-packages/django/utils/deprecation.py", line 128, in __call__
    response = self.process_request(request)
               ^^^^^^^^^^^^^^^^^^^^^^^^^^^^^
  File "/home/toppr/pr/env/lib/python3.12/site-packages/django/middleware/common.py", line 48, in process_request
    host = request.get_host()
           ^^^^^^^^^^^^^^^^^^
  File "/home/toppr/pr/env/lib/python3.12/site-packages/django/http/request.py", line 151, in get_host
    raise DisallowedHost(msg)
django.core.exceptions.DisallowedHost: Invalid HTTP_HOST header: '89.104.68.164'. You may need to add '89.104.68.164' to ALLOWED_HOSTS.
Bad Request: /
Invalid HTTP_HOST header: '89.104.68.164'. You may need to add '89.104.68.164' to ALLOWED_HOSTS.
Traceback (most recent call last):
  File "/home/toppr/pr/env/lib/python3.12/site-packages/django/core/handlers/exception.py", line 55, in inner
    response = get_response(request)
               ^^^^^^^^^^^^^^^^^^^^^
  File "/home/toppr/pr/env/lib/python3.12/site-packages/django/utils/deprecation.py", line 128, in __call__
    response = self.process_request(request)
               ^^^^^^^^^^^^^^^^^^^^^^^^^^^^^
  File "/home/toppr/pr/env/lib/python3.12/site-packages/django/middleware/common.py", line 48, in process_request
    host = request.get_host()
           ^^^^^^^^^^^^^^^^^^
  File "/home/toppr/pr/env/lib/python3.12/site-packages/django/http/request.py", line 151, in get_host
    raise DisallowedHost(msg)
django.core.exceptions.DisallowedHost: Invalid HTTP_HOST header: '89.104.68.164'. You may need to add '89.104.68.164' to ALLOWED_HOSTS.
Bad Request: /teorema505
Invalid HTTP_HOST header: '89.104.68.164'. You may need to add '89.104.68.164' to ALLOWED_HOSTS.
Traceback (most recent call last):
  File "/home/toppr/pr/env/lib/python3.12/site-packages/django/core/handlers/exception.py", line 55, in inner
    response = get_response(request)
               ^^^^^^^^^^^^^^^^^^^^^
  File "/home/toppr/pr/env/lib/python3.12/site-packages/django/utils/deprecation.py", line 128, in __call__
    response = self.process_request(request)
               ^^^^^^^^^^^^^^^^^^^^^^^^^^^^^
  File "/home/toppr/pr/env/lib/python3.12/site-packages/django/middleware/common.py", line 48, in process_request
    host = request.get_host()
           ^^^^^^^^^^^^^^^^^^
  File "/home/toppr/pr/env/lib/python3.12/site-packages/django/http/request.py", line 151, in get_host
    raise DisallowedHost(msg)
django.core.exceptions.DisallowedHost: Invalid HTTP_HOST header: '89.104.68.164'. You may need to add '89.104.68.164' to ALLOWED_HOSTS.
Bad Request: /api/_profiler/empty/search/results
Invalid HTTP_HOST header: '89.104.68.164'. You may need to add '89.104.68.164' to ALLOWED_HOSTS.
Traceback (most recent call last):
  File "/home/toppr/pr/env/lib/python3.12/site-packages/django/core/handlers/exception.py", line 55, in inner
    response = get_response(request)
               ^^^^^^^^^^^^^^^^^^^^^
  File "/home/toppr/pr/env/lib/python3.12/site-packages/django/utils/deprecation.py", line 128, in __call__
    response = self.process_request(request)
               ^^^^^^^^^^^^^^^^^^^^^^^^^^^^^
  File "/home/toppr/pr/env/lib/python3.12/site-packages/django/middleware/common.py", line 48, in process_request
    host = request.get_host()
           ^^^^^^^^^^^^^^^^^^
  File "/home/toppr/pr/env/lib/python3.12/site-packages/django/http/request.py", line 151, in get_host
    raise DisallowedHost(msg)
django.core.exceptions.DisallowedHost: Invalid HTTP_HOST header: '89.104.68.164'. You may need to add '89.104.68.164' to ALLOWED_HOSTS.
Bad Request: /api/app_dev.php/_profiler/empty/search/results
Invalid HTTP_HOST header: '89.104.68.164'. You may need to add '89.104.68.164' to ALLOWED_HOSTS.
Traceback (most recent call last):
  File "/home/toppr/pr/env/lib/python3.12/site-packages/django/core/handlers/exception.py", line 55, in inner
    response = get_response(request)
               ^^^^^^^^^^^^^^^^^^^^^
  File "/home/toppr/pr/env/lib/python3.12/site-packages/django/utils/deprecation.py", line 128, in __call__
    response = self.process_request(request)
               ^^^^^^^^^^^^^^^^^^^^^^^^^^^^^
  File "/home/toppr/pr/env/lib/python3.12/site-packages/django/middleware/common.py", line 48, in process_request
    host = request.get_host()
           ^^^^^^^^^^^^^^^^^^
  File "/home/toppr/pr/env/lib/python3.12/site-packages/django/http/request.py", line 151, in get_host
    raise DisallowedHost(msg)
django.core.exceptions.DisallowedHost: Invalid HTTP_HOST header: '89.104.68.164'. You may need to add '89.104.68.164' to ALLOWED_HOSTS.
Bad Request: /api/index.php/_profiler/empty/search/results
Invalid HTTP_HOST header: '89.104.68.164'. You may need to add '89.104.68.164' to ALLOWED_HOSTS.
Traceback (most recent call last):
  File "/home/toppr/pr/env/lib/python3.12/site-packages/django/core/handlers/exception.py", line 55, in inner
    response = get_response(request)
               ^^^^^^^^^^^^^^^^^^^^^
  File "/home/toppr/pr/env/lib/python3.12/site-packages/django/utils/deprecation.py", line 128, in __call__
    response = self.process_request(request)
               ^^^^^^^^^^^^^^^^^^^^^^^^^^^^^
  File "/home/toppr/pr/env/lib/python3.12/site-packages/django/middleware/common.py", line 48, in process_request
    host = request.get_host()
           ^^^^^^^^^^^^^^^^^^
  File "/home/toppr/pr/env/lib/python3.12/site-packages/django/http/request.py", line 151, in get_host
    raise DisallowedHost(msg)
django.core.exceptions.DisallowedHost: Invalid HTTP_HOST header: '89.104.68.164'. You may need to add '89.104.68.164' to ALLOWED_HOSTS.
Bad Request: /api/index_dev.php/_profiler/empty/search/results
Invalid HTTP_HOST header: '89.104.68.164'. You may need to add '89.104.68.164' to ALLOWED_HOSTS.
Traceback (most recent call last):
  File "/home/toppr/pr/env/lib/python3.12/site-packages/django/core/handlers/exception.py", line 55, in inner
    response = get_response(request)
               ^^^^^^^^^^^^^^^^^^^^^
  File "/home/toppr/pr/env/lib/python3.12/site-packages/django/utils/deprecation.py", line 128, in __call__
    response = self.process_request(request)
               ^^^^^^^^^^^^^^^^^^^^^^^^^^^^^
  File "/home/toppr/pr/env/lib/python3.12/site-packages/django/middleware/common.py", line 48, in process_request
    host = request.get_host()
           ^^^^^^^^^^^^^^^^^^
  File "/home/toppr/pr/env/lib/python3.12/site-packages/django/http/request.py", line 151, in get_host
    raise DisallowedHost(msg)
django.core.exceptions.DisallowedHost: Invalid HTTP_HOST header: '89.104.68.164'. You may need to add '89.104.68.164' to ALLOWED_HOSTS.
Bad Request: /api/dev.php/_profiler/empty/search/results
Invalid HTTP_HOST header: '89.104.68.164'. You may need to add '89.104.68.164' to ALLOWED_HOSTS.
Traceback (most recent call last):
  File "/home/toppr/pr/env/lib/python3.12/site-packages/django/core/handlers/exception.py", line 55, in inner
    response = get_response(request)
               ^^^^^^^^^^^^^^^^^^^^^
  File "/home/toppr/pr/env/lib/python3.12/site-packages/django/utils/deprecation.py", line 128, in __call__
    response = self.process_request(request)
               ^^^^^^^^^^^^^^^^^^^^^^^^^^^^^
  File "/home/toppr/pr/env/lib/python3.12/site-packages/django/middleware/common.py", line 48, in process_request
    host = request.get_host()
           ^^^^^^^^^^^^^^^^^^
  File "/home/toppr/pr/env/lib/python3.12/site-packages/django/http/request.py", line 151, in get_host
    raise DisallowedHost(msg)
django.core.exceptions.DisallowedHost: Invalid HTTP_HOST header: '89.104.68.164'. You may need to add '89.104.68.164' to ALLOWED_HOSTS.
Bad Request: /api/debug.php/_profiler/empty/search/results
Invalid HTTP_HOST header: '89.104.68.164'. You may need to add '89.104.68.164' to ALLOWED_HOSTS.
Traceback (most recent call last):
  File "/home/toppr/pr/env/lib/python3.12/site-packages/django/core/handlers/exception.py", line 55, in inner
    response = get_response(request)
               ^^^^^^^^^^^^^^^^^^^^^
  File "/home/toppr/pr/env/lib/python3.12/site-packages/django/utils/deprecation.py", line 128, in __call__
    response = self.process_request(request)
               ^^^^^^^^^^^^^^^^^^^^^^^^^^^^^
  File "/home/toppr/pr/env/lib/python3.12/site-packages/django/middleware/common.py", line 48, in process_request
    host = request.get_host()
           ^^^^^^^^^^^^^^^^^^
  File "/home/toppr/pr/env/lib/python3.12/site-packages/django/http/request.py", line 151, in get_host
    raise DisallowedHost(msg)
django.core.exceptions.DisallowedHost: Invalid HTTP_HOST header: '89.104.68.164'. You may need to add '89.104.68.164' to ALLOWED_HOSTS.
Bad Request: /api/_debug/_profiler/empty/search/results
Invalid HTTP_HOST header: '89.104.68.164'. You may need to add '89.104.68.164' to ALLOWED_HOSTS.
Traceback (most recent call last):
  File "/home/toppr/pr/env/lib/python3.12/site-packages/django/core/handlers/exception.py", line 55, in inner
    response = get_response(request)
               ^^^^^^^^^^^^^^^^^^^^^
  File "/home/toppr/pr/env/lib/python3.12/site-packages/django/utils/deprecation.py", line 128, in __call__
    response = self.process_request(request)
               ^^^^^^^^^^^^^^^^^^^^^^^^^^^^^
  File "/home/toppr/pr/env/lib/python3.12/site-packages/django/middleware/common.py", line 48, in process_request
    host = request.get_host()
           ^^^^^^^^^^^^^^^^^^
  File "/home/toppr/pr/env/lib/python3.12/site-packages/django/http/request.py", line 151, in get_host
    raise DisallowedHost(msg)
django.core.exceptions.DisallowedHost: Invalid HTTP_HOST header: '89.104.68.164'. You may need to add '89.104.68.164' to ALLOWED_HOSTS.
Bad Request: /api/web/_profiler/empty/search/results
Invalid HTTP_HOST header: '89.104.68.164'. You may need to add '89.104.68.164' to ALLOWED_HOSTS.
Traceback (most recent call last):
  File "/home/toppr/pr/env/lib/python3.12/site-packages/django/core/handlers/exception.py", line 55, in inner
    response = get_response(request)
               ^^^^^^^^^^^^^^^^^^^^^
  File "/home/toppr/pr/env/lib/python3.12/site-packages/django/utils/deprecation.py", line 128, in __call__
    response = self.process_request(request)
               ^^^^^^^^^^^^^^^^^^^^^^^^^^^^^
  File "/home/toppr/pr/env/lib/python3.12/site-packages/django/middleware/common.py", line 48, in process_request
    host = request.get_host()
           ^^^^^^^^^^^^^^^^^^
  File "/home/toppr/pr/env/lib/python3.12/site-packages/django/http/request.py", line 151, in get_host
    raise DisallowedHost(msg)
django.core.exceptions.DisallowedHost: Invalid HTTP_HOST header: '89.104.68.164'. You may need to add '89.104.68.164' to ALLOWED_HOSTS.
Bad Request: /api/public/_profiler/empty/search/results
Invalid HTTP_HOST header: '89.104.68.164'. You may need to add '89.104.68.164' to ALLOWED_HOSTS.
Traceback (most recent call last):
  File "/home/toppr/pr/env/lib/python3.12/site-packages/django/core/handlers/exception.py", line 55, in inner
    response = get_response(request)
               ^^^^^^^^^^^^^^^^^^^^^
  File "/home/toppr/pr/env/lib/python3.12/site-packages/django/utils/deprecation.py", line 128, in __call__
    response = self.process_request(request)
               ^^^^^^^^^^^^^^^^^^^^^^^^^^^^^
  File "/home/toppr/pr/env/lib/python3.12/site-packages/django/middleware/common.py", line 48, in process_request
    host = request.get_host()
           ^^^^^^^^^^^^^^^^^^
  File "/home/toppr/pr/env/lib/python3.12/site-packages/django/http/request.py", line 151, in get_host
    raise DisallowedHost(msg)
django.core.exceptions.DisallowedHost: Invalid HTTP_HOST header: '89.104.68.164'. You may need to add '89.104.68.164' to ALLOWED_HOSTS.
Bad Request: /api/frontend_dev.php/_profiler/empty/search/results
Invalid HTTP_HOST header: '89.104.68.164'. You may need to add '89.104.68.164' to ALLOWED_HOSTS.
Traceback (most recent call last):
  File "/home/toppr/pr/env/lib/python3.12/site-packages/django/core/handlers/exception.py", line 55, in inner
    response = get_response(request)
               ^^^^^^^^^^^^^^^^^^^^^
  File "/home/toppr/pr/env/lib/python3.12/site-packages/django/utils/deprecation.py", line 128, in __call__
    response = self.process_request(request)
               ^^^^^^^^^^^^^^^^^^^^^^^^^^^^^
  File "/home/toppr/pr/env/lib/python3.12/site-packages/django/middleware/common.py", line 48, in process_request
    host = request.get_host()
           ^^^^^^^^^^^^^^^^^^
  File "/home/toppr/pr/env/lib/python3.12/site-packages/django/http/request.py", line 151, in get_host
    raise DisallowedHost(msg)
django.core.exceptions.DisallowedHost: Invalid HTTP_HOST header: '89.104.68.164'. You may need to add '89.104.68.164' to ALLOWED_HOSTS.
Bad Request: /api/backend_dev.php/_profiler/empty/search/results
Invalid HTTP_HOST header: '89.104.68.164'. You may need to add '89.104.68.164' to ALLOWED_HOSTS.
Traceback (most recent call last):
  File "/home/toppr/pr/env/lib/python3.12/site-packages/django/core/handlers/exception.py", line 55, in inner
    response = get_response(request)
               ^^^^^^^^^^^^^^^^^^^^^
  File "/home/toppr/pr/env/lib/python3.12/site-packages/django/utils/deprecation.py", line 128, in __call__
    response = self.process_request(request)
               ^^^^^^^^^^^^^^^^^^^^^^^^^^^^^
  File "/home/toppr/pr/env/lib/python3.12/site-packages/django/middleware/common.py", line 48, in process_request
    host = request.get_host()
           ^^^^^^^^^^^^^^^^^^
  File "/home/toppr/pr/env/lib/python3.12/site-packages/django/http/request.py", line 151, in get_host
    raise DisallowedHost(msg)
django.core.exceptions.DisallowedHost: Invalid HTTP_HOST header: '89.104.68.164'. You may need to add '89.104.68.164' to ALLOWED_HOSTS.
Bad Request: /api/api_dev.php/_profiler/empty/search/results
Invalid HTTP_HOST header: '89.104.68.164'. You may need to add '89.104.68.164' to ALLOWED_HOSTS.
Traceback (most recent call last):
  File "/home/toppr/pr/env/lib/python3.12/site-packages/django/core/handlers/exception.py", line 55, in inner
    response = get_response(request)
               ^^^^^^^^^^^^^^^^^^^^^
  File "/home/toppr/pr/env/lib/python3.12/site-packages/django/utils/deprecation.py", line 128, in __call__
    response = self.process_request(request)
               ^^^^^^^^^^^^^^^^^^^^^^^^^^^^^
  File "/home/toppr/pr/env/lib/python3.12/site-packages/django/middleware/common.py", line 48, in process_request
    host = request.get_host()
           ^^^^^^^^^^^^^^^^^^
  File "/home/toppr/pr/env/lib/python3.12/site-packages/django/http/request.py", line 151, in get_host
    raise DisallowedHost(msg)
django.core.exceptions.DisallowedHost: Invalid HTTP_HOST header: '89.104.68.164'. You may need to add '89.104.68.164' to ALLOWED_HOSTS.
Bad Request: /api/app.php/_profiler/empty/search/results
Invalid HTTP_HOST header: '89.104.68.164'. You may need to add '89.104.68.164' to ALLOWED_HOSTS.
Traceback (most recent call last):
  File "/home/toppr/pr/env/lib/python3.12/site-packages/django/core/handlers/exception.py", line 55, in inner
    response = get_response(request)
               ^^^^^^^^^^^^^^^^^^^^^
  File "/home/toppr/pr/env/lib/python3.12/site-packages/django/utils/deprecation.py", line 128, in __call__
    response = self.process_request(request)
               ^^^^^^^^^^^^^^^^^^^^^^^^^^^^^
  File "/home/toppr/pr/env/lib/python3.12/site-packages/django/middleware/common.py", line 48, in process_request
    host = request.get_host()
           ^^^^^^^^^^^^^^^^^^
  File "/home/toppr/pr/env/lib/python3.12/site-packages/django/http/request.py", line 151, in get_host
    raise DisallowedHost(msg)
django.core.exceptions.DisallowedHost: Invalid HTTP_HOST header: '89.104.68.164'. You may need to add '89.104.68.164' to ALLOWED_HOSTS.
Bad Request: /api/app_test.php/_profiler/empty/search/results
Invalid HTTP_HOST header: '89.104.68.164'. You may need to add '89.104.68.164' to ALLOWED_HOSTS.
Traceback (most recent call last):
  File "/home/toppr/pr/env/lib/python3.12/site-packages/django/core/handlers/exception.py", line 55, in inner
    response = get_response(request)
               ^^^^^^^^^^^^^^^^^^^^^
  File "/home/toppr/pr/env/lib/python3.12/site-packages/django/utils/deprecation.py", line 128, in __call__
    response = self.process_request(request)
               ^^^^^^^^^^^^^^^^^^^^^^^^^^^^^
  File "/home/toppr/pr/env/lib/python3.12/site-packages/django/middleware/common.py", line 48, in process_request
    host = request.get_host()
           ^^^^^^^^^^^^^^^^^^
  File "/home/toppr/pr/env/lib/python3.12/site-packages/django/http/request.py", line 151, in get_host
    raise DisallowedHost(msg)
django.core.exceptions.DisallowedHost: Invalid HTTP_HOST header: '89.104.68.164'. You may need to add '89.104.68.164' to ALLOWED_HOSTS.
Bad Request: /api/test.php/_profiler/empty/search/results
Invalid HTTP_HOST header: '89.104.68.164'. You may need to add '89.104.68.164' to ALLOWED_HOSTS.
Traceback (most recent call last):
  File "/home/toppr/pr/env/lib/python3.12/site-packages/django/core/handlers/exception.py", line 55, in inner
    response = get_response(request)
               ^^^^^^^^^^^^^^^^^^^^^
  File "/home/toppr/pr/env/lib/python3.12/site-packages/django/utils/deprecation.py", line 128, in __call__
    response = self.process_request(request)
               ^^^^^^^^^^^^^^^^^^^^^^^^^^^^^
  File "/home/toppr/pr/env/lib/python3.12/site-packages/django/middleware/common.py", line 48, in process_request
    host = request.get_host()
           ^^^^^^^^^^^^^^^^^^
  File "/home/toppr/pr/env/lib/python3.12/site-packages/django/http/request.py", line 151, in get_host
    raise DisallowedHost(msg)
django.core.exceptions.DisallowedHost: Invalid HTTP_HOST header: '89.104.68.164'. You may need to add '89.104.68.164' to ALLOWED_HOSTS.
Bad Request: /api/symfony/_profiler/empty/search/results
Invalid HTTP_HOST header: '89.104.68.164'. You may need to add '89.104.68.164' to ALLOWED_HOSTS.
Traceback (most recent call last):
  File "/home/toppr/pr/env/lib/python3.12/site-packages/django/core/handlers/exception.py", line 55, in inner
    response = get_response(request)
               ^^^^^^^^^^^^^^^^^^^^^
  File "/home/toppr/pr/env/lib/python3.12/site-packages/django/utils/deprecation.py", line 128, in __call__
    response = self.process_request(request)
               ^^^^^^^^^^^^^^^^^^^^^^^^^^^^^
  File "/home/toppr/pr/env/lib/python3.12/site-packages/django/middleware/common.py", line 48, in process_request
    host = request.get_host()
           ^^^^^^^^^^^^^^^^^^
  File "/home/toppr/pr/env/lib/python3.12/site-packages/django/http/request.py", line 151, in get_host
    raise DisallowedHost(msg)
django.core.exceptions.DisallowedHost: Invalid HTTP_HOST header: '89.104.68.164'. You may need to add '89.104.68.164' to ALLOWED_HOSTS.
Bad Request: /api/debug/_profiler/empty/search/results
Invalid HTTP_HOST header: '89.104.68.164'. You may need to add '89.104.68.164' to ALLOWED_HOSTS.
Traceback (most recent call last):
  File "/home/toppr/pr/env/lib/python3.12/site-packages/django/core/handlers/exception.py", line 55, in inner
    response = get_response(request)
               ^^^^^^^^^^^^^^^^^^^^^
  File "/home/toppr/pr/env/lib/python3.12/site-packages/django/utils/deprecation.py", line 128, in __call__
    response = self.process_request(request)
               ^^^^^^^^^^^^^^^^^^^^^^^^^^^^^
  File "/home/toppr/pr/env/lib/python3.12/site-packages/django/middleware/common.py", line 48, in process_request
    host = request.get_host()
           ^^^^^^^^^^^^^^^^^^
  File "/home/toppr/pr/env/lib/python3.12/site-packages/django/http/request.py", line 151, in get_host
    raise DisallowedHost(msg)
django.core.exceptions.DisallowedHost: Invalid HTTP_HOST header: '89.104.68.164'. You may need to add '89.104.68.164' to ALLOWED_HOSTS.
Bad Request: /api/dev/_profiler/empty/search/results
Invalid HTTP_HOST header: '89.104.68.164'. You may need to add '89.104.68.164' to ALLOWED_HOSTS.
Traceback (most recent call last):
  File "/home/toppr/pr/env/lib/python3.12/site-packages/django/core/handlers/exception.py", line 55, in inner
    response = get_response(request)
               ^^^^^^^^^^^^^^^^^^^^^
  File "/home/toppr/pr/env/lib/python3.12/site-packages/django/utils/deprecation.py", line 128, in __call__
    response = self.process_request(request)
               ^^^^^^^^^^^^^^^^^^^^^^^^^^^^^
  File "/home/toppr/pr/env/lib/python3.12/site-packages/django/middleware/common.py", line 48, in process_request
    host = request.get_host()
           ^^^^^^^^^^^^^^^^^^
  File "/home/toppr/pr/env/lib/python3.12/site-packages/django/http/request.py", line 151, in get_host
    raise DisallowedHost(msg)
django.core.exceptions.DisallowedHost: Invalid HTTP_HOST header: '89.104.68.164'. You may need to add '89.104.68.164' to ALLOWED_HOSTS.
Bad Request: /api/profiler/empty/search/results
Not Found: /favicon.ico
Invalid HTTP_HOST header: '89.104.68.164'. You may need to add '89.104.68.164' to ALLOWED_HOSTS.
Traceback (most recent call last):
  File "/home/toppr/pr/env/lib/python3.12/site-packages/django/core/handlers/exception.py", line 55, in inner
    response = get_response(request)
               ^^^^^^^^^^^^^^^^^^^^^
  File "/home/toppr/pr/env/lib/python3.12/site-packages/django/utils/deprecation.py", line 128, in __call__
    response = self.process_request(request)
               ^^^^^^^^^^^^^^^^^^^^^^^^^^^^^
  File "/home/toppr/pr/env/lib/python3.12/site-packages/django/middleware/common.py", line 48, in process_request
    host = request.get_host()
           ^^^^^^^^^^^^^^^^^^
  File "/home/toppr/pr/env/lib/python3.12/site-packages/django/http/request.py", line 151, in get_host
    raise DisallowedHost(msg)
django.core.exceptions.DisallowedHost: Invalid HTTP_HOST header: '89.104.68.164'. You may need to add '89.104.68.164' to ALLOWED_HOSTS.
Bad Request: /restore.php
Invalid HTTP_HOST header: '89.104.68.164'. You may need to add '89.104.68.164' to ALLOWED_HOSTS.
Traceback (most recent call last):
  File "/home/toppr/pr/env/lib/python3.12/site-packages/django/core/handlers/exception.py", line 55, in inner
    response = get_response(request)
               ^^^^^^^^^^^^^^^^^^^^^
  File "/home/toppr/pr/env/lib/python3.12/site-packages/django/utils/deprecation.py", line 128, in __call__
    response = self.process_request(request)
               ^^^^^^^^^^^^^^^^^^^^^^^^^^^^^
  File "/home/toppr/pr/env/lib/python3.12/site-packages/django/middleware/common.py", line 48, in process_request
    host = request.get_host()
           ^^^^^^^^^^^^^^^^^^
  File "/home/toppr/pr/env/lib/python3.12/site-packages/django/http/request.py", line 151, in get_host
    raise DisallowedHost(msg)
django.core.exceptions.DisallowedHost: Invalid HTTP_HOST header: '89.104.68.164'. You may need to add '89.104.68.164' to ALLOWED_HOSTS.
Bad Request: /.env
Forbidden (Referer checking failed - no Referer.): /
Not Found: /.env
Not Found: /.env.bak
Not Found: /core/.env
Not Found: /public/.env
Invalid HTTP_HOST header: '89.104.68.164'. You may need to add '89.104.68.164' to ALLOWED_HOSTS.
Traceback (most recent call last):
  File "/home/toppr/pr/env/lib/python3.12/site-packages/django/core/handlers/exception.py", line 55, in inner
    response = get_response(request)
               ^^^^^^^^^^^^^^^^^^^^^
  File "/home/toppr/pr/env/lib/python3.12/site-packages/django/utils/deprecation.py", line 128, in __call__
    response = self.process_request(request)
               ^^^^^^^^^^^^^^^^^^^^^^^^^^^^^
  File "/home/toppr/pr/env/lib/python3.12/site-packages/django/middleware/common.py", line 48, in process_request
    host = request.get_host()
           ^^^^^^^^^^^^^^^^^^
  File "/home/toppr/pr/env/lib/python3.12/site-packages/django/http/request.py", line 151, in get_host
    raise DisallowedHost(msg)
django.core.exceptions.DisallowedHost: Invalid HTTP_HOST header: '89.104.68.164'. You may need to add '89.104.68.164' to ALLOWED_HOSTS.
Bad Request: /.env
Invalid HTTP_HOST header: '89.104.68.164'. You may need to add '89.104.68.164' to ALLOWED_HOSTS.
Traceback (most recent call last):
  File "/home/toppr/pr/env/lib/python3.12/site-packages/django/core/handlers/exception.py", line 55, in inner
    response = get_response(request)
               ^^^^^^^^^^^^^^^^^^^^^
  File "/home/toppr/pr/env/lib/python3.12/site-packages/django/utils/deprecation.py", line 128, in __call__
    response = self.process_request(request)
               ^^^^^^^^^^^^^^^^^^^^^^^^^^^^^
  File "/home/toppr/pr/env/lib/python3.12/site-packages/django/middleware/common.py", line 48, in process_request
    host = request.get_host()
           ^^^^^^^^^^^^^^^^^^
  File "/home/toppr/pr/env/lib/python3.12/site-packages/django/http/request.py", line 151, in get_host
    raise DisallowedHost(msg)
django.core.exceptions.DisallowedHost: Invalid HTTP_HOST header: '89.104.68.164'. You may need to add '89.104.68.164' to ALLOWED_HOSTS.
Bad Request: /whturk/.env
Invalid HTTP_HOST header: '89.104.68.164'. You may need to add '89.104.68.164' to ALLOWED_HOSTS.
Traceback (most recent call last):
  File "/home/toppr/pr/env/lib/python3.12/site-packages/django/core/handlers/exception.py", line 55, in inner
    response = get_response(request)
               ^^^^^^^^^^^^^^^^^^^^^
  File "/home/toppr/pr/env/lib/python3.12/site-packages/django/utils/deprecation.py", line 128, in __call__
    response = self.process_request(request)
               ^^^^^^^^^^^^^^^^^^^^^^^^^^^^^
  File "/home/toppr/pr/env/lib/python3.12/site-packages/django/middleware/common.py", line 48, in process_request
    host = request.get_host()
           ^^^^^^^^^^^^^^^^^^
  File "/home/toppr/pr/env/lib/python3.12/site-packages/django/http/request.py", line 151, in get_host
    raise DisallowedHost(msg)
django.core.exceptions.DisallowedHost: Invalid HTTP_HOST header: '89.104.68.164'. You may need to add '89.104.68.164' to ALLOWED_HOSTS.
Bad Request: /staging.env
Invalid HTTP_HOST header: '89.104.68.164'. You may need to add '89.104.68.164' to ALLOWED_HOSTS.
Traceback (most recent call last):
  File "/home/toppr/pr/env/lib/python3.12/site-packages/django/core/handlers/exception.py", line 55, in inner
    response = get_response(request)
               ^^^^^^^^^^^^^^^^^^^^^
  File "/home/toppr/pr/env/lib/python3.12/site-packages/django/utils/deprecation.py", line 128, in __call__
    response = self.process_request(request)
               ^^^^^^^^^^^^^^^^^^^^^^^^^^^^^
  File "/home/toppr/pr/env/lib/python3.12/site-packages/django/middleware/common.py", line 48, in process_request
    host = request.get_host()
           ^^^^^^^^^^^^^^^^^^
  File "/home/toppr/pr/env/lib/python3.12/site-packages/django/http/request.py", line 151, in get_host
    raise DisallowedHost(msg)
django.core.exceptions.DisallowedHost: Invalid HTTP_HOST header: '89.104.68.164'. You may need to add '89.104.68.164' to ALLOWED_HOSTS.
Bad Request: /ubuntu/.env
Invalid HTTP_HOST header: '89.104.68.164'. You may need to add '89.104.68.164' to ALLOWED_HOSTS.
Traceback (most recent call last):
  File "/home/toppr/pr/env/lib/python3.12/site-packages/django/core/handlers/exception.py", line 55, in inner
    response = get_response(request)
               ^^^^^^^^^^^^^^^^^^^^^
  File "/home/toppr/pr/env/lib/python3.12/site-packages/django/utils/deprecation.py", line 128, in __call__
    response = self.process_request(request)
               ^^^^^^^^^^^^^^^^^^^^^^^^^^^^^
  File "/home/toppr/pr/env/lib/python3.12/site-packages/django/middleware/common.py", line 48, in process_request
    host = request.get_host()
           ^^^^^^^^^^^^^^^^^^
  File "/home/toppr/pr/env/lib/python3.12/site-packages/django/http/request.py", line 151, in get_host
    raise DisallowedHost(msg)
django.core.exceptions.DisallowedHost: Invalid HTTP_HOST header: '89.104.68.164'. You may need to add '89.104.68.164' to ALLOWED_HOSTS.
Bad Request: /prisma/.env
Invalid HTTP_HOST header: '89.104.68.164'. You may need to add '89.104.68.164' to ALLOWED_HOSTS.
Traceback (most recent call last):
  File "/home/toppr/pr/env/lib/python3.12/site-packages/django/core/handlers/exception.py", line 55, in inner
    response = get_response(request)
               ^^^^^^^^^^^^^^^^^^^^^
  File "/home/toppr/pr/env/lib/python3.12/site-packages/django/utils/deprecation.py", line 128, in __call__
    response = self.process_request(request)
               ^^^^^^^^^^^^^^^^^^^^^^^^^^^^^
  File "/home/toppr/pr/env/lib/python3.12/site-packages/django/middleware/common.py", line 48, in process_request
    host = request.get_host()
           ^^^^^^^^^^^^^^^^^^
  File "/home/toppr/pr/env/lib/python3.12/site-packages/django/http/request.py", line 151, in get_host
    raise DisallowedHost(msg)
django.core.exceptions.DisallowedHost: Invalid HTTP_HOST header: '89.104.68.164'. You may need to add '89.104.68.164' to ALLOWED_HOSTS.
Bad Request: /travis/.env
Invalid HTTP_HOST header: '89.104.68.164'. You may need to add '89.104.68.164' to ALLOWED_HOSTS.
Traceback (most recent call last):
  File "/home/toppr/pr/env/lib/python3.12/site-packages/django/core/handlers/exception.py", line 55, in inner
    response = get_response(request)
               ^^^^^^^^^^^^^^^^^^^^^
  File "/home/toppr/pr/env/lib/python3.12/site-packages/django/utils/deprecation.py", line 128, in __call__
    response = self.process_request(request)
               ^^^^^^^^^^^^^^^^^^^^^^^^^^^^^
  File "/home/toppr/pr/env/lib/python3.12/site-packages/django/middleware/common.py", line 48, in process_request
    host = request.get_host()
           ^^^^^^^^^^^^^^^^^^
  File "/home/toppr/pr/env/lib/python3.12/site-packages/django/http/request.py", line 151, in get_host
    raise DisallowedHost(msg)
django.core.exceptions.DisallowedHost: Invalid HTTP_HOST header: '89.104.68.164'. You may need to add '89.104.68.164' to ALLOWED_HOSTS.
Bad Request: /secret/.env
Invalid HTTP_HOST header: '89.104.68.164'. You may need to add '89.104.68.164' to ALLOWED_HOSTS.
Traceback (most recent call last):
  File "/home/toppr/pr/env/lib/python3.12/site-packages/django/core/handlers/exception.py", line 55, in inner
    response = get_response(request)
               ^^^^^^^^^^^^^^^^^^^^^
  File "/home/toppr/pr/env/lib/python3.12/site-packages/django/utils/deprecation.py", line 128, in __call__
    response = self.process_request(request)
               ^^^^^^^^^^^^^^^^^^^^^^^^^^^^^
  File "/home/toppr/pr/env/lib/python3.12/site-packages/django/middleware/common.py", line 48, in process_request
    host = request.get_host()
           ^^^^^^^^^^^^^^^^^^
  File "/home/toppr/pr/env/lib/python3.12/site-packages/django/http/request.py", line 151, in get_host
    raise DisallowedHost(msg)
django.core.exceptions.DisallowedHost: Invalid HTTP_HOST header: '89.104.68.164'. You may need to add '89.104.68.164' to ALLOWED_HOSTS.
Bad Request: /parity/.env
Invalid HTTP_HOST header: '89.104.68.164'. You may need to add '89.104.68.164' to ALLOWED_HOSTS.
Traceback (most recent call last):
  File "/home/toppr/pr/env/lib/python3.12/site-packages/django/core/handlers/exception.py", line 55, in inner
    response = get_response(request)
               ^^^^^^^^^^^^^^^^^^^^^
  File "/home/toppr/pr/env/lib/python3.12/site-packages/django/utils/deprecation.py", line 128, in __call__
    response = self.process_request(request)
               ^^^^^^^^^^^^^^^^^^^^^^^^^^^^^
  File "/home/toppr/pr/env/lib/python3.12/site-packages/django/middleware/common.py", line 48, in process_request
    host = request.get_host()
           ^^^^^^^^^^^^^^^^^^
  File "/home/toppr/pr/env/lib/python3.12/site-packages/django/http/request.py", line 151, in get_host
    raise DisallowedHost(msg)
django.core.exceptions.DisallowedHost: Invalid HTTP_HOST header: '89.104.68.164'. You may need to add '89.104.68.164' to ALLOWED_HOSTS.
Bad Request: /addons/.env
Invalid HTTP_HOST header: '89.104.68.164'. You may need to add '89.104.68.164' to ALLOWED_HOSTS.
Traceback (most recent call last):
  File "/home/toppr/pr/env/lib/python3.12/site-packages/django/core/handlers/exception.py", line 55, in inner
    response = get_response(request)
               ^^^^^^^^^^^^^^^^^^^^^
  File "/home/toppr/pr/env/lib/python3.12/site-packages/django/utils/deprecation.py", line 128, in __call__
    response = self.process_request(request)
               ^^^^^^^^^^^^^^^^^^^^^^^^^^^^^
  File "/home/toppr/pr/env/lib/python3.12/site-packages/django/middleware/common.py", line 48, in process_request
    host = request.get_host()
           ^^^^^^^^^^^^^^^^^^
  File "/home/toppr/pr/env/lib/python3.12/site-packages/django/http/request.py", line 151, in get_host
    raise DisallowedHost(msg)
django.core.exceptions.DisallowedHost: Invalid HTTP_HOST header: '89.104.68.164'. You may need to add '89.104.68.164' to ALLOWED_HOSTS.
Bad Request: /secure/.env
Invalid HTTP_HOST header: '89.104.68.164'. You may need to add '89.104.68.164' to ALLOWED_HOSTS.
Traceback (most recent call last):
  File "/home/toppr/pr/env/lib/python3.12/site-packages/django/core/handlers/exception.py", line 55, in inner
    response = get_response(request)
               ^^^^^^^^^^^^^^^^^^^^^
  File "/home/toppr/pr/env/lib/python3.12/site-packages/django/utils/deprecation.py", line 128, in __call__
    response = self.process_request(request)
               ^^^^^^^^^^^^^^^^^^^^^^^^^^^^^
  File "/home/toppr/pr/env/lib/python3.12/site-packages/django/middleware/common.py", line 48, in process_request
    host = request.get_host()
           ^^^^^^^^^^^^^^^^^^
  File "/home/toppr/pr/env/lib/python3.12/site-packages/django/http/request.py", line 151, in get_host
    raise DisallowedHost(msg)
django.core.exceptions.DisallowedHost: Invalid HTTP_HOST header: '89.104.68.164'. You may need to add '89.104.68.164' to ALLOWED_HOSTS.
Bad Request: /module/.env
Invalid HTTP_HOST header: '89.104.68.164'. You may need to add '89.104.68.164' to ALLOWED_HOSTS.
Traceback (most recent call last):
  File "/home/toppr/pr/env/lib/python3.12/site-packages/django/core/handlers/exception.py", line 55, in inner
    response = get_response(request)
               ^^^^^^^^^^^^^^^^^^^^^
  File "/home/toppr/pr/env/lib/python3.12/site-packages/django/utils/deprecation.py", line 128, in __call__
    response = self.process_request(request)
               ^^^^^^^^^^^^^^^^^^^^^^^^^^^^^
  File "/home/toppr/pr/env/lib/python3.12/site-packages/django/middleware/common.py", line 48, in process_request
    host = request.get_host()
           ^^^^^^^^^^^^^^^^^^
  File "/home/toppr/pr/env/lib/python3.12/site-packages/django/http/request.py", line 151, in get_host
    raise DisallowedHost(msg)
django.core.exceptions.DisallowedHost: Invalid HTTP_HOST header: '89.104.68.164'. You may need to add '89.104.68.164' to ALLOWED_HOSTS.
Bad Request: /widget/.env
Invalid HTTP_HOST header: '89.104.68.164'. You may need to add '89.104.68.164' to ALLOWED_HOSTS.
Traceback (most recent call last):
  File "/home/toppr/pr/env/lib/python3.12/site-packages/django/core/handlers/exception.py", line 55, in inner
    response = get_response(request)
               ^^^^^^^^^^^^^^^^^^^^^
  File "/home/toppr/pr/env/lib/python3.12/site-packages/django/utils/deprecation.py", line 128, in __call__
    response = self.process_request(request)
               ^^^^^^^^^^^^^^^^^^^^^^^^^^^^^
  File "/home/toppr/pr/env/lib/python3.12/site-packages/django/middleware/common.py", line 48, in process_request
    host = request.get_host()
           ^^^^^^^^^^^^^^^^^^
  File "/home/toppr/pr/env/lib/python3.12/site-packages/django/http/request.py", line 151, in get_host
    raise DisallowedHost(msg)
django.core.exceptions.DisallowedHost: Invalid HTTP_HOST header: '89.104.68.164'. You may need to add '89.104.68.164' to ALLOWED_HOSTS.
Bad Request: /drupal/.env
Invalid HTTP_HOST header: '89.104.68.164'. You may need to add '89.104.68.164' to ALLOWED_HOSTS.
Traceback (most recent call last):
  File "/home/toppr/pr/env/lib/python3.12/site-packages/django/core/handlers/exception.py", line 55, in inner
    response = get_response(request)
               ^^^^^^^^^^^^^^^^^^^^^
  File "/home/toppr/pr/env/lib/python3.12/site-packages/django/utils/deprecation.py", line 128, in __call__
    response = self.process_request(request)
               ^^^^^^^^^^^^^^^^^^^^^^^^^^^^^
  File "/home/toppr/pr/env/lib/python3.12/site-packages/django/middleware/common.py", line 48, in process_request
    host = request.get_host()
           ^^^^^^^^^^^^^^^^^^
  File "/home/toppr/pr/env/lib/python3.12/site-packages/django/http/request.py", line 151, in get_host
    raise DisallowedHost(msg)
django.core.exceptions.DisallowedHost: Invalid HTTP_HOST header: '89.104.68.164'. You may need to add '89.104.68.164' to ALLOWED_HOSTS.
Bad Request: /kibana/.env
Invalid HTTP_HOST header: '89.104.68.164'. You may need to add '89.104.68.164' to ALLOWED_HOSTS.
Traceback (most recent call last):
  File "/home/toppr/pr/env/lib/python3.12/site-packages/django/core/handlers/exception.py", line 55, in inner
    response = get_response(request)
               ^^^^^^^^^^^^^^^^^^^^^
  File "/home/toppr/pr/env/lib/python3.12/site-packages/django/utils/deprecation.py", line 128, in __call__
    response = self.process_request(request)
               ^^^^^^^^^^^^^^^^^^^^^^^^^^^^^
  File "/home/toppr/pr/env/lib/python3.12/site-packages/django/middleware/common.py", line 48, in process_request
    host = request.get_host()
           ^^^^^^^^^^^^^^^^^^
  File "/home/toppr/pr/env/lib/python3.12/site-packages/django/http/request.py", line 151, in get_host
    raise DisallowedHost(msg)
django.core.exceptions.DisallowedHost: Invalid HTTP_HOST header: '89.104.68.164'. You may need to add '89.104.68.164' to ALLOWED_HOSTS.
Bad Request: /jsrelay/.env
Invalid HTTP_HOST header: '89.104.68.164'. You may need to add '89.104.68.164' to ALLOWED_HOSTS.
Traceback (most recent call last):
  File "/home/toppr/pr/env/lib/python3.12/site-packages/django/core/handlers/exception.py", line 55, in inner
    response = get_response(request)
               ^^^^^^^^^^^^^^^^^^^^^
  File "/home/toppr/pr/env/lib/python3.12/site-packages/django/utils/deprecation.py", line 128, in __call__
    response = self.process_request(request)
               ^^^^^^^^^^^^^^^^^^^^^^^^^^^^^
  File "/home/toppr/pr/env/lib/python3.12/site-packages/django/middleware/common.py", line 48, in process_request
    host = request.get_host()
           ^^^^^^^^^^^^^^^^^^
  File "/home/toppr/pr/env/lib/python3.12/site-packages/django/http/request.py", line 151, in get_host
    raise DisallowedHost(msg)
django.core.exceptions.DisallowedHost: Invalid HTTP_HOST header: '89.104.68.164'. You may need to add '89.104.68.164' to ALLOWED_HOSTS.
Bad Request: /layouts/.env
Invalid HTTP_HOST header: '89.104.68.164'. You may need to add '89.104.68.164' to ALLOWED_HOSTS.
Traceback (most recent call last):
  File "/home/toppr/pr/env/lib/python3.12/site-packages/django/core/handlers/exception.py", line 55, in inner
    response = get_response(request)
               ^^^^^^^^^^^^^^^^^^^^^
  File "/home/toppr/pr/env/lib/python3.12/site-packages/django/utils/deprecation.py", line 128, in __call__
    response = self.process_request(request)
               ^^^^^^^^^^^^^^^^^^^^^^^^^^^^^
  File "/home/toppr/pr/env/lib/python3.12/site-packages/django/middleware/common.py", line 48, in process_request
    host = request.get_host()
           ^^^^^^^^^^^^^^^^^^
  File "/home/toppr/pr/env/lib/python3.12/site-packages/django/http/request.py", line 151, in get_host
    raise DisallowedHost(msg)
django.core.exceptions.DisallowedHost: Invalid HTTP_HOST header: '89.104.68.164'. You may need to add '89.104.68.164' to ALLOWED_HOSTS.
Bad Request: /website/.env
Invalid HTTP_HOST header: '89.104.68.164'. You may need to add '89.104.68.164' to ALLOWED_HOSTS.
Traceback (most recent call last):
  File "/home/toppr/pr/env/lib/python3.12/site-packages/django/core/handlers/exception.py", line 55, in inner
    response = get_response(request)
               ^^^^^^^^^^^^^^^^^^^^^
  File "/home/toppr/pr/env/lib/python3.12/site-packages/django/utils/deprecation.py", line 128, in __call__
    response = self.process_request(request)
               ^^^^^^^^^^^^^^^^^^^^^^^^^^^^^
  File "/home/toppr/pr/env/lib/python3.12/site-packages/django/middleware/common.py", line 48, in process_request
    host = request.get_host()
           ^^^^^^^^^^^^^^^^^^
  File "/home/toppr/pr/env/lib/python3.12/site-packages/django/http/request.py", line 151, in get_host
    raise DisallowedHost(msg)
django.core.exceptions.DisallowedHost: Invalid HTTP_HOST header: '89.104.68.164'. You may need to add '89.104.68.164' to ALLOWED_HOSTS.
Bad Request: /plugins/.env
Invalid HTTP_HOST header: '89.104.68.164'. You may need to add '89.104.68.164' to ALLOWED_HOSTS.
Traceback (most recent call last):
  File "/home/toppr/pr/env/lib/python3.12/site-packages/django/core/handlers/exception.py", line 55, in inner
    response = get_response(request)
               ^^^^^^^^^^^^^^^^^^^^^
  File "/home/toppr/pr/env/lib/python3.12/site-packages/django/utils/deprecation.py", line 128, in __call__
    response = self.process_request(request)
               ^^^^^^^^^^^^^^^^^^^^^^^^^^^^^
  File "/home/toppr/pr/env/lib/python3.12/site-packages/django/middleware/common.py", line 48, in process_request
    host = request.get_host()
           ^^^^^^^^^^^^^^^^^^
  File "/home/toppr/pr/env/lib/python3.12/site-packages/django/http/request.py", line 151, in get_host
    raise DisallowedHost(msg)
django.core.exceptions.DisallowedHost: Invalid HTTP_HOST header: '89.104.68.164'. You may need to add '89.104.68.164' to ALLOWED_HOSTS.
Bad Request: /profile/.env
Invalid HTTP_HOST header: '89.104.68.164'. You may need to add '89.104.68.164' to ALLOWED_HOSTS.
Traceback (most recent call last):
  File "/home/toppr/pr/env/lib/python3.12/site-packages/django/core/handlers/exception.py", line 55, in inner
    response = get_response(request)
               ^^^^^^^^^^^^^^^^^^^^^
  File "/home/toppr/pr/env/lib/python3.12/site-packages/django/utils/deprecation.py", line 128, in __call__
    response = self.process_request(request)
               ^^^^^^^^^^^^^^^^^^^^^^^^^^^^^
  File "/home/toppr/pr/env/lib/python3.12/site-packages/django/middleware/common.py", line 48, in process_request
    host = request.get_host()
           ^^^^^^^^^^^^^^^^^^
  File "/home/toppr/pr/env/lib/python3.12/site-packages/django/http/request.py", line 151, in get_host
    raise DisallowedHost(msg)
django.core.exceptions.DisallowedHost: Invalid HTTP_HOST header: '89.104.68.164'. You may need to add '89.104.68.164' to ALLOWED_HOSTS.
Bad Request: /oldsite/.env
Invalid HTTP_HOST header: '89.104.68.164'. You may need to add '89.104.68.164' to ALLOWED_HOSTS.
Traceback (most recent call last):
  File "/home/toppr/pr/env/lib/python3.12/site-packages/django/core/handlers/exception.py", line 55, in inner
    response = get_response(request)
               ^^^^^^^^^^^^^^^^^^^^^
  File "/home/toppr/pr/env/lib/python3.12/site-packages/django/utils/deprecation.py", line 128, in __call__
    response = self.process_request(request)
               ^^^^^^^^^^^^^^^^^^^^^^^^^^^^^
  File "/home/toppr/pr/env/lib/python3.12/site-packages/django/middleware/common.py", line 48, in process_request
    host = request.get_host()
           ^^^^^^^^^^^^^^^^^^
  File "/home/toppr/pr/env/lib/python3.12/site-packages/django/http/request.py", line 151, in get_host
    raise DisallowedHost(msg)
django.core.exceptions.DisallowedHost: Invalid HTTP_HOST header: '89.104.68.164'. You may need to add '89.104.68.164' to ALLOWED_HOSTS.
Bad Request: /webroot/.env
Invalid HTTP_HOST header: '89.104.68.164'. You may need to add '89.104.68.164' to ALLOWED_HOSTS.
Traceback (most recent call last):
  File "/home/toppr/pr/env/lib/python3.12/site-packages/django/core/handlers/exception.py", line 55, in inner
    response = get_response(request)
               ^^^^^^^^^^^^^^^^^^^^^
  File "/home/toppr/pr/env/lib/python3.12/site-packages/django/utils/deprecation.py", line 128, in __call__
    response = self.process_request(request)
               ^^^^^^^^^^^^^^^^^^^^^^^^^^^^^
  File "/home/toppr/pr/env/lib/python3.12/site-packages/django/middleware/common.py", line 48, in process_request
    host = request.get_host()
           ^^^^^^^^^^^^^^^^^^
  File "/home/toppr/pr/env/lib/python3.12/site-packages/django/http/request.py", line 151, in get_host
    raise DisallowedHost(msg)
django.core.exceptions.DisallowedHost: Invalid HTTP_HOST header: '89.104.68.164'. You may need to add '89.104.68.164' to ALLOWED_HOSTS.
Bad Request: /sistema/.env
Invalid HTTP_HOST header: '89.104.68.164'. You may need to add '89.104.68.164' to ALLOWED_HOSTS.
Traceback (most recent call last):
  File "/home/toppr/pr/env/lib/python3.12/site-packages/django/core/handlers/exception.py", line 55, in inner
    response = get_response(request)
               ^^^^^^^^^^^^^^^^^^^^^
  File "/home/toppr/pr/env/lib/python3.12/site-packages/django/utils/deprecation.py", line 128, in __call__
    response = self.process_request(request)
               ^^^^^^^^^^^^^^^^^^^^^^^^^^^^^
  File "/home/toppr/pr/env/lib/python3.12/site-packages/django/middleware/common.py", line 48, in process_request
    host = request.get_host()
           ^^^^^^^^^^^^^^^^^^
  File "/home/toppr/pr/env/lib/python3.12/site-packages/django/http/request.py", line 151, in get_host
    raise DisallowedHost(msg)
django.core.exceptions.DisallowedHost: Invalid HTTP_HOST header: '89.104.68.164'. You may need to add '89.104.68.164' to ALLOWED_HOSTS.
Bad Request: /ikiwiki/.env
Invalid HTTP_HOST header: '89.104.68.164'. You may need to add '89.104.68.164' to ALLOWED_HOSTS.
Traceback (most recent call last):
  File "/home/toppr/pr/env/lib/python3.12/site-packages/django/core/handlers/exception.py", line 55, in inner
    response = get_response(request)
               ^^^^^^^^^^^^^^^^^^^^^
  File "/home/toppr/pr/env/lib/python3.12/site-packages/django/utils/deprecation.py", line 128, in __call__
    response = self.process_request(request)
               ^^^^^^^^^^^^^^^^^^^^^^^^^^^^^
  File "/home/toppr/pr/env/lib/python3.12/site-packages/django/middleware/common.py", line 48, in process_request
    host = request.get_host()
           ^^^^^^^^^^^^^^^^^^
  File "/home/toppr/pr/env/lib/python3.12/site-packages/django/http/request.py", line 151, in get_host
    raise DisallowedHost(msg)
django.core.exceptions.DisallowedHost: Invalid HTTP_HOST header: '89.104.68.164'. You may need to add '89.104.68.164' to ALLOWED_HOSTS.
Bad Request: /
Not Found: /favicon.ico
Not Found: /favicon.ico
Invalid HTTP_HOST header: '89.104.68.164'. You may need to add '89.104.68.164' to ALLOWED_HOSTS.
Traceback (most recent call last):
  File "/home/toppr/pr/env/lib/python3.12/site-packages/django/core/handlers/exception.py", line 55, in inner
    response = get_response(request)
               ^^^^^^^^^^^^^^^^^^^^^
  File "/home/toppr/pr/env/lib/python3.12/site-packages/django/utils/deprecation.py", line 128, in __call__
    response = self.process_request(request)
               ^^^^^^^^^^^^^^^^^^^^^^^^^^^^^
  File "/home/toppr/pr/env/lib/python3.12/site-packages/django/middleware/common.py", line 48, in process_request
    host = request.get_host()
           ^^^^^^^^^^^^^^^^^^
  File "/home/toppr/pr/env/lib/python3.12/site-packages/django/http/request.py", line 151, in get_host
    raise DisallowedHost(msg)
django.core.exceptions.DisallowedHost: Invalid HTTP_HOST header: '89.104.68.164'. You may need to add '89.104.68.164' to ALLOWED_HOSTS.
Bad Request: /
Invalid HTTP_HOST header: '89.104.68.164'. You may need to add '89.104.68.164' to ALLOWED_HOSTS.
Traceback (most recent call last):
  File "/home/toppr/pr/env/lib/python3.12/site-packages/django/core/handlers/exception.py", line 55, in inner
    response = get_response(request)
               ^^^^^^^^^^^^^^^^^^^^^
  File "/home/toppr/pr/env/lib/python3.12/site-packages/django/utils/deprecation.py", line 128, in __call__
    response = self.process_request(request)
               ^^^^^^^^^^^^^^^^^^^^^^^^^^^^^
  File "/home/toppr/pr/env/lib/python3.12/site-packages/django/middleware/common.py", line 48, in process_request
    host = request.get_host()
           ^^^^^^^^^^^^^^^^^^
  File "/home/toppr/pr/env/lib/python3.12/site-packages/django/http/request.py", line 151, in get_host
    raise DisallowedHost(msg)
django.core.exceptions.DisallowedHost: Invalid HTTP_HOST header: '89.104.68.164'. You may need to add '89.104.68.164' to ALLOWED_HOSTS.
Bad Request: /actuator/gateway/routes
Not Found: //wp-includes/ID3/license.txt
Not Found: //feed/
Not Found: //xmlrpc.php
Not Found: //blog/wp-includes/wlwmanifest.xml
Not Found: //web/wp-includes/wlwmanifest.xml
Not Found: //wordpress/wp-includes/wlwmanifest.xml
Not Found: //wp/wp-includes/wlwmanifest.xml
Not Found: //2020/wp-includes/wlwmanifest.xml
Not Found: //2019/wp-includes/wlwmanifest.xml
Not Found: //2021/wp-includes/wlwmanifest.xml
Not Found: //shop/wp-includes/wlwmanifest.xml
Not Found: //wp1/wp-includes/wlwmanifest.xml
Not Found: //test/wp-includes/wlwmanifest.xml
Not Found: //site/wp-includes/wlwmanifest.xml
Not Found: //cms/wp-includes/wlwmanifest.xml
Invalid HTTP_HOST header: '89.104.68.164'. You may need to add '89.104.68.164' to ALLOWED_HOSTS.
Traceback (most recent call last):
  File "/home/toppr/pr/env/lib/python3.12/site-packages/django/core/handlers/exception.py", line 55, in inner
    response = get_response(request)
               ^^^^^^^^^^^^^^^^^^^^^
  File "/home/toppr/pr/env/lib/python3.12/site-packages/django/utils/deprecation.py", line 128, in __call__
    response = self.process_request(request)
               ^^^^^^^^^^^^^^^^^^^^^^^^^^^^^
  File "/home/toppr/pr/env/lib/python3.12/site-packages/django/middleware/common.py", line 48, in process_request
    host = request.get_host()
           ^^^^^^^^^^^^^^^^^^
  File "/home/toppr/pr/env/lib/python3.12/site-packages/django/http/request.py", line 151, in get_host
    raise DisallowedHost(msg)
django.core.exceptions.DisallowedHost: Invalid HTTP_HOST header: '89.104.68.164'. You may need to add '89.104.68.164' to ALLOWED_HOSTS.
Bad Request: /
Invalid HTTP_HOST header: '89.104.68.164'. You may need to add '89.104.68.164' to ALLOWED_HOSTS.
Traceback (most recent call last):
  File "/home/toppr/pr/env/lib/python3.12/site-packages/django/core/handlers/exception.py", line 55, in inner
    response = get_response(request)
               ^^^^^^^^^^^^^^^^^^^^^
  File "/home/toppr/pr/env/lib/python3.12/site-packages/django/utils/deprecation.py", line 128, in __call__
    response = self.process_request(request)
               ^^^^^^^^^^^^^^^^^^^^^^^^^^^^^
  File "/home/toppr/pr/env/lib/python3.12/site-packages/django/middleware/common.py", line 48, in process_request
    host = request.get_host()
           ^^^^^^^^^^^^^^^^^^
  File "/home/toppr/pr/env/lib/python3.12/site-packages/django/http/request.py", line 151, in get_host
    raise DisallowedHost(msg)
django.core.exceptions.DisallowedHost: Invalid HTTP_HOST header: '89.104.68.164'. You may need to add '89.104.68.164' to ALLOWED_HOSTS.
Bad Request: /webui/
Invalid HTTP_HOST header: '89.104.68.164'. You may need to add '89.104.68.164' to ALLOWED_HOSTS.
Traceback (most recent call last):
  File "/home/toppr/pr/env/lib/python3.12/site-packages/django/core/handlers/exception.py", line 55, in inner
    response = get_response(request)
               ^^^^^^^^^^^^^^^^^^^^^
  File "/home/toppr/pr/env/lib/python3.12/site-packages/django/utils/deprecation.py", line 128, in __call__
    response = self.process_request(request)
               ^^^^^^^^^^^^^^^^^^^^^^^^^^^^^
  File "/home/toppr/pr/env/lib/python3.12/site-packages/django/middleware/common.py", line 48, in process_request
    host = request.get_host()
           ^^^^^^^^^^^^^^^^^^
  File "/home/toppr/pr/env/lib/python3.12/site-packages/django/http/request.py", line 151, in get_host
    raise DisallowedHost(msg)
django.core.exceptions.DisallowedHost: Invalid HTTP_HOST header: '89.104.68.164'. You may need to add '89.104.68.164' to ALLOWED_HOSTS.
Bad Request: /
Invalid HTTP_HOST header: '89.104.68.164'. You may need to add '89.104.68.164' to ALLOWED_HOSTS.
Traceback (most recent call last):
  File "/home/toppr/pr/env/lib/python3.12/site-packages/django/core/handlers/exception.py", line 55, in inner
    response = get_response(request)
               ^^^^^^^^^^^^^^^^^^^^^
  File "/home/toppr/pr/env/lib/python3.12/site-packages/django/utils/deprecation.py", line 128, in __call__
    response = self.process_request(request)
               ^^^^^^^^^^^^^^^^^^^^^^^^^^^^^
  File "/home/toppr/pr/env/lib/python3.12/site-packages/django/middleware/common.py", line 48, in process_request
    host = request.get_host()
           ^^^^^^^^^^^^^^^^^^
  File "/home/toppr/pr/env/lib/python3.12/site-packages/django/http/request.py", line 151, in get_host
    raise DisallowedHost(msg)
django.core.exceptions.DisallowedHost: Invalid HTTP_HOST header: '89.104.68.164'. You may need to add '89.104.68.164' to ALLOWED_HOSTS.
Bad Request: /restore.php
Invalid HTTP_HOST header: '89.104.68.164'. You may need to add '89.104.68.164' to ALLOWED_HOSTS.
Traceback (most recent call last):
  File "/home/toppr/pr/env/lib/python3.12/site-packages/django/core/handlers/exception.py", line 55, in inner
    response = get_response(request)
               ^^^^^^^^^^^^^^^^^^^^^
  File "/home/toppr/pr/env/lib/python3.12/site-packages/django/utils/deprecation.py", line 128, in __call__
    response = self.process_request(request)
               ^^^^^^^^^^^^^^^^^^^^^^^^^^^^^
  File "/home/toppr/pr/env/lib/python3.12/site-packages/django/middleware/common.py", line 48, in process_request
    host = request.get_host()
           ^^^^^^^^^^^^^^^^^^
  File "/home/toppr/pr/env/lib/python3.12/site-packages/django/http/request.py", line 151, in get_host
    raise DisallowedHost(msg)
django.core.exceptions.DisallowedHost: Invalid HTTP_HOST header: '89.104.68.164'. You may need to add '89.104.68.164' to ALLOWED_HOSTS.
Bad Request: /geoserver/web/
Invalid HTTP_HOST header: '89.104.68.164'. You may need to add '89.104.68.164' to ALLOWED_HOSTS.
Traceback (most recent call last):
  File "/home/toppr/pr/env/lib/python3.12/site-packages/django/core/handlers/exception.py", line 55, in inner
    response = get_response(request)
               ^^^^^^^^^^^^^^^^^^^^^
  File "/home/toppr/pr/env/lib/python3.12/site-packages/django/utils/deprecation.py", line 128, in __call__
    response = self.process_request(request)
               ^^^^^^^^^^^^^^^^^^^^^^^^^^^^^
  File "/home/toppr/pr/env/lib/python3.12/site-packages/django/middleware/common.py", line 48, in process_request
    host = request.get_host()
           ^^^^^^^^^^^^^^^^^^
  File "/home/toppr/pr/env/lib/python3.12/site-packages/django/http/request.py", line 151, in get_host
    raise DisallowedHost(msg)
django.core.exceptions.DisallowedHost: Invalid HTTP_HOST header: '89.104.68.164'. You may need to add '89.104.68.164' to ALLOWED_HOSTS.
Bad Request: /.git/config
Invalid HTTP_HOST header: '89.104.68.164'. You may need to add '89.104.68.164' to ALLOWED_HOSTS.
Traceback (most recent call last):
  File "/home/toppr/pr/env/lib/python3.12/site-packages/django/core/handlers/exception.py", line 55, in inner
    response = get_response(request)
               ^^^^^^^^^^^^^^^^^^^^^
  File "/home/toppr/pr/env/lib/python3.12/site-packages/django/utils/deprecation.py", line 128, in __call__
    response = self.process_request(request)
               ^^^^^^^^^^^^^^^^^^^^^^^^^^^^^
  File "/home/toppr/pr/env/lib/python3.12/site-packages/django/middleware/common.py", line 48, in process_request
    host = request.get_host()
           ^^^^^^^^^^^^^^^^^^
  File "/home/toppr/pr/env/lib/python3.12/site-packages/django/http/request.py", line 151, in get_host
    raise DisallowedHost(msg)
django.core.exceptions.DisallowedHost: Invalid HTTP_HOST header: '89.104.68.164'. You may need to add '89.104.68.164' to ALLOWED_HOSTS.
Bad Request: /
Invalid HTTP_HOST header: '89.104.68.164'. You may need to add '89.104.68.164' to ALLOWED_HOSTS.
Traceback (most recent call last):
  File "/home/toppr/pr/env/lib/python3.12/site-packages/django/core/handlers/exception.py", line 55, in inner
    response = get_response(request)
               ^^^^^^^^^^^^^^^^^^^^^
  File "/home/toppr/pr/env/lib/python3.12/site-packages/django/utils/deprecation.py", line 128, in __call__
    response = self.process_request(request)
               ^^^^^^^^^^^^^^^^^^^^^^^^^^^^^
  File "/home/toppr/pr/env/lib/python3.12/site-packages/django/middleware/common.py", line 48, in process_request
    host = request.get_host()
           ^^^^^^^^^^^^^^^^^^
  File "/home/toppr/pr/env/lib/python3.12/site-packages/django/http/request.py", line 151, in get_host
    raise DisallowedHost(msg)
django.core.exceptions.DisallowedHost: Invalid HTTP_HOST header: '89.104.68.164'. You may need to add '89.104.68.164' to ALLOWED_HOSTS.
Bad Request: /
Invalid HTTP_HOST header: '89.104.68.164'. You may need to add '89.104.68.164' to ALLOWED_HOSTS.
Traceback (most recent call last):
  File "/home/toppr/pr/env/lib/python3.12/site-packages/django/core/handlers/exception.py", line 55, in inner
    response = get_response(request)
               ^^^^^^^^^^^^^^^^^^^^^
  File "/home/toppr/pr/env/lib/python3.12/site-packages/django/utils/deprecation.py", line 128, in __call__
    response = self.process_request(request)
               ^^^^^^^^^^^^^^^^^^^^^^^^^^^^^
  File "/home/toppr/pr/env/lib/python3.12/site-packages/django/middleware/common.py", line 48, in process_request
    host = request.get_host()
           ^^^^^^^^^^^^^^^^^^
  File "/home/toppr/pr/env/lib/python3.12/site-packages/django/http/request.py", line 151, in get_host
    raise DisallowedHost(msg)
django.core.exceptions.DisallowedHost: Invalid HTTP_HOST header: '89.104.68.164'. You may need to add '89.104.68.164' to ALLOWED_HOSTS.
Bad Request: /api/v1/env
Invalid HTTP_HOST header: '89.104.68.164'. You may need to add '89.104.68.164' to ALLOWED_HOSTS.
Traceback (most recent call last):
  File "/home/toppr/pr/env/lib/python3.12/site-packages/django/core/handlers/exception.py", line 55, in inner
    response = get_response(request)
               ^^^^^^^^^^^^^^^^^^^^^
  File "/home/toppr/pr/env/lib/python3.12/site-packages/django/utils/deprecation.py", line 128, in __call__
    response = self.process_request(request)
               ^^^^^^^^^^^^^^^^^^^^^^^^^^^^^
  File "/home/toppr/pr/env/lib/python3.12/site-packages/django/middleware/common.py", line 48, in process_request
    host = request.get_host()
           ^^^^^^^^^^^^^^^^^^
  File "/home/toppr/pr/env/lib/python3.12/site-packages/django/http/request.py", line 151, in get_host
    raise DisallowedHost(msg)
django.core.exceptions.DisallowedHost: Invalid HTTP_HOST header: '89.104.68.164'. You may need to add '89.104.68.164' to ALLOWED_HOSTS.
Bad Request: /api/v1/actuator/env
Invalid HTTP_HOST header: '89.104.68.164'. You may need to add '89.104.68.164' to ALLOWED_HOSTS.
Traceback (most recent call last):
  File "/home/toppr/pr/env/lib/python3.12/site-packages/django/core/handlers/exception.py", line 55, in inner
    response = get_response(request)
               ^^^^^^^^^^^^^^^^^^^^^
  File "/home/toppr/pr/env/lib/python3.12/site-packages/django/utils/deprecation.py", line 128, in __call__
    response = self.process_request(request)
               ^^^^^^^^^^^^^^^^^^^^^^^^^^^^^
  File "/home/toppr/pr/env/lib/python3.12/site-packages/django/middleware/common.py", line 48, in process_request
    host = request.get_host()
           ^^^^^^^^^^^^^^^^^^
  File "/home/toppr/pr/env/lib/python3.12/site-packages/django/http/request.py", line 151, in get_host
    raise DisallowedHost(msg)
django.core.exceptions.DisallowedHost: Invalid HTTP_HOST header: '89.104.68.164'. You may need to add '89.104.68.164' to ALLOWED_HOSTS.
Bad Request: /api;/actuator;/env
Invalid HTTP_HOST header: '89.104.68.164'. You may need to add '89.104.68.164' to ALLOWED_HOSTS.
Traceback (most recent call last):
  File "/home/toppr/pr/env/lib/python3.12/site-packages/django/core/handlers/exception.py", line 55, in inner
    response = get_response(request)
               ^^^^^^^^^^^^^^^^^^^^^
  File "/home/toppr/pr/env/lib/python3.12/site-packages/django/utils/deprecation.py", line 128, in __call__
    response = self.process_request(request)
               ^^^^^^^^^^^^^^^^^^^^^^^^^^^^^
  File "/home/toppr/pr/env/lib/python3.12/site-packages/django/middleware/common.py", line 48, in process_request
    host = request.get_host()
           ^^^^^^^^^^^^^^^^^^
  File "/home/toppr/pr/env/lib/python3.12/site-packages/django/http/request.py", line 151, in get_host
    raise DisallowedHost(msg)
django.core.exceptions.DisallowedHost: Invalid HTTP_HOST header: '89.104.68.164'. You may need to add '89.104.68.164' to ALLOWED_HOSTS.
Bad Request: /api;/env;
Invalid HTTP_HOST header: '89.104.68.164'. You may need to add '89.104.68.164' to ALLOWED_HOSTS.
Traceback (most recent call last):
  File "/home/toppr/pr/env/lib/python3.12/site-packages/django/core/handlers/exception.py", line 55, in inner
    response = get_response(request)
               ^^^^^^^^^^^^^^^^^^^^^
  File "/home/toppr/pr/env/lib/python3.12/site-packages/django/utils/deprecation.py", line 128, in __call__
    response = self.process_request(request)
               ^^^^^^^^^^^^^^^^^^^^^^^^^^^^^
  File "/home/toppr/pr/env/lib/python3.12/site-packages/django/middleware/common.py", line 48, in process_request
    host = request.get_host()
           ^^^^^^^^^^^^^^^^^^
  File "/home/toppr/pr/env/lib/python3.12/site-packages/django/http/request.py", line 151, in get_host
    raise DisallowedHost(msg)
django.core.exceptions.DisallowedHost: Invalid HTTP_HOST header: '89.104.68.164'. You may need to add '89.104.68.164' to ALLOWED_HOSTS.
Bad Request: /env;
Invalid HTTP_HOST header: '89.104.68.164'. You may need to add '89.104.68.164' to ALLOWED_HOSTS.
Traceback (most recent call last):
  File "/home/toppr/pr/env/lib/python3.12/site-packages/django/core/handlers/exception.py", line 55, in inner
    response = get_response(request)
               ^^^^^^^^^^^^^^^^^^^^^
  File "/home/toppr/pr/env/lib/python3.12/site-packages/django/utils/deprecation.py", line 128, in __call__
    response = self.process_request(request)
               ^^^^^^^^^^^^^^^^^^^^^^^^^^^^^
  File "/home/toppr/pr/env/lib/python3.12/site-packages/django/middleware/common.py", line 48, in process_request
    host = request.get_host()
           ^^^^^^^^^^^^^^^^^^
  File "/home/toppr/pr/env/lib/python3.12/site-packages/django/http/request.py", line 151, in get_host
    raise DisallowedHost(msg)
django.core.exceptions.DisallowedHost: Invalid HTTP_HOST header: '89.104.68.164'. You may need to add '89.104.68.164' to ALLOWED_HOSTS.
Bad Request: /actuator;/env;
Invalid HTTP_HOST header: '89.104.68.164'. You may need to add '89.104.68.164' to ALLOWED_HOSTS.
Traceback (most recent call last):
  File "/home/toppr/pr/env/lib/python3.12/site-packages/django/core/handlers/exception.py", line 55, in inner
    response = get_response(request)
               ^^^^^^^^^^^^^^^^^^^^^
  File "/home/toppr/pr/env/lib/python3.12/site-packages/django/utils/deprecation.py", line 128, in __call__
    response = self.process_request(request)
               ^^^^^^^^^^^^^^^^^^^^^^^^^^^^^
  File "/home/toppr/pr/env/lib/python3.12/site-packages/django/middleware/common.py", line 48, in process_request
    host = request.get_host()
           ^^^^^^^^^^^^^^^^^^
  File "/home/toppr/pr/env/lib/python3.12/site-packages/django/http/request.py", line 151, in get_host
    raise DisallowedHost(msg)
django.core.exceptions.DisallowedHost: Invalid HTTP_HOST header: '89.104.68.164'. You may need to add '89.104.68.164' to ALLOWED_HOSTS.
Bad Request: /.env
Invalid HTTP_HOST header: '89.104.68.164'. You may need to add '89.104.68.164' to ALLOWED_HOSTS.
Traceback (most recent call last):
  File "/home/toppr/pr/env/lib/python3.12/site-packages/django/core/handlers/exception.py", line 55, in inner
    response = get_response(request)
               ^^^^^^^^^^^^^^^^^^^^^
  File "/home/toppr/pr/env/lib/python3.12/site-packages/django/utils/deprecation.py", line 128, in __call__
    response = self.process_request(request)
               ^^^^^^^^^^^^^^^^^^^^^^^^^^^^^
  File "/home/toppr/pr/env/lib/python3.12/site-packages/django/middleware/common.py", line 48, in process_request
    host = request.get_host()
           ^^^^^^^^^^^^^^^^^^
  File "/home/toppr/pr/env/lib/python3.12/site-packages/django/http/request.py", line 151, in get_host
    raise DisallowedHost(msg)
django.core.exceptions.DisallowedHost: Invalid HTTP_HOST header: '89.104.68.164'. You may need to add '89.104.68.164' to ALLOWED_HOSTS.
Bad Request: /restore.php
Invalid HTTP_HOST header: '89.104.68.164'. You may need to add '89.104.68.164' to ALLOWED_HOSTS.
Traceback (most recent call last):
  File "/home/toppr/pr/env/lib/python3.12/site-packages/django/core/handlers/exception.py", line 55, in inner
    response = get_response(request)
               ^^^^^^^^^^^^^^^^^^^^^
  File "/home/toppr/pr/env/lib/python3.12/site-packages/django/utils/deprecation.py", line 128, in __call__
    response = self.process_request(request)
               ^^^^^^^^^^^^^^^^^^^^^^^^^^^^^
  File "/home/toppr/pr/env/lib/python3.12/site-packages/django/middleware/common.py", line 48, in process_request
    host = request.get_host()
           ^^^^^^^^^^^^^^^^^^
  File "/home/toppr/pr/env/lib/python3.12/site-packages/django/http/request.py", line 151, in get_host
    raise DisallowedHost(msg)
django.core.exceptions.DisallowedHost: Invalid HTTP_HOST header: '89.104.68.164'. You may need to add '89.104.68.164' to ALLOWED_HOSTS.
Bad Request: /ab2g
Invalid HTTP_HOST header: '89.104.68.164'. You may need to add '89.104.68.164' to ALLOWED_HOSTS.
Traceback (most recent call last):
  File "/home/toppr/pr/env/lib/python3.12/site-packages/django/core/handlers/exception.py", line 55, in inner
    response = get_response(request)
               ^^^^^^^^^^^^^^^^^^^^^
  File "/home/toppr/pr/env/lib/python3.12/site-packages/django/utils/deprecation.py", line 128, in __call__
    response = self.process_request(request)
               ^^^^^^^^^^^^^^^^^^^^^^^^^^^^^
  File "/home/toppr/pr/env/lib/python3.12/site-packages/django/middleware/common.py", line 48, in process_request
    host = request.get_host()
           ^^^^^^^^^^^^^^^^^^
  File "/home/toppr/pr/env/lib/python3.12/site-packages/django/http/request.py", line 151, in get_host
    raise DisallowedHost(msg)
django.core.exceptions.DisallowedHost: Invalid HTTP_HOST header: '89.104.68.164'. You may need to add '89.104.68.164' to ALLOWED_HOSTS.
Bad Request: /ab2h
Invalid HTTP_HOST header: '89.104.68.164'. You may need to add '89.104.68.164' to ALLOWED_HOSTS.
Traceback (most recent call last):
  File "/home/toppr/pr/env/lib/python3.12/site-packages/django/core/handlers/exception.py", line 55, in inner
    response = get_response(request)
               ^^^^^^^^^^^^^^^^^^^^^
  File "/home/toppr/pr/env/lib/python3.12/site-packages/django/utils/deprecation.py", line 128, in __call__
    response = self.process_request(request)
               ^^^^^^^^^^^^^^^^^^^^^^^^^^^^^
  File "/home/toppr/pr/env/lib/python3.12/site-packages/django/middleware/common.py", line 48, in process_request
    host = request.get_host()
           ^^^^^^^^^^^^^^^^^^
  File "/home/toppr/pr/env/lib/python3.12/site-packages/django/http/request.py", line 151, in get_host
    raise DisallowedHost(msg)
django.core.exceptions.DisallowedHost: Invalid HTTP_HOST header: '89.104.68.164'. You may need to add '89.104.68.164' to ALLOWED_HOSTS.
Bad Request: /alive.php
Invalid HTTP_HOST header: '89.104.68.164'. You may need to add '89.104.68.164' to ALLOWED_HOSTS.
Traceback (most recent call last):
  File "/home/toppr/pr/env/lib/python3.12/site-packages/django/core/handlers/exception.py", line 55, in inner
    response = get_response(request)
               ^^^^^^^^^^^^^^^^^^^^^
  File "/home/toppr/pr/env/lib/python3.12/site-packages/django/utils/deprecation.py", line 128, in __call__
    response = self.process_request(request)
               ^^^^^^^^^^^^^^^^^^^^^^^^^^^^^
  File "/home/toppr/pr/env/lib/python3.12/site-packages/django/middleware/common.py", line 48, in process_request
    host = request.get_host()
           ^^^^^^^^^^^^^^^^^^
  File "/home/toppr/pr/env/lib/python3.12/site-packages/django/http/request.py", line 151, in get_host
    raise DisallowedHost(msg)
django.core.exceptions.DisallowedHost: Invalid HTTP_HOST header: '89.104.68.164'. You may need to add '89.104.68.164' to ALLOWED_HOSTS.
Bad Request: /.env
Invalid HTTP_HOST header: '89.104.68.164'. You may need to add '89.104.68.164' to ALLOWED_HOSTS.
Traceback (most recent call last):
  File "/home/toppr/pr/env/lib/python3.12/site-packages/django/core/handlers/exception.py", line 55, in inner
    response = get_response(request)
               ^^^^^^^^^^^^^^^^^^^^^
  File "/home/toppr/pr/env/lib/python3.12/site-packages/django/utils/deprecation.py", line 128, in __call__
    response = self.process_request(request)
               ^^^^^^^^^^^^^^^^^^^^^^^^^^^^^
  File "/home/toppr/pr/env/lib/python3.12/site-packages/django/middleware/common.py", line 48, in process_request
    host = request.get_host()
           ^^^^^^^^^^^^^^^^^^
  File "/home/toppr/pr/env/lib/python3.12/site-packages/django/http/request.py", line 151, in get_host
    raise DisallowedHost(msg)
django.core.exceptions.DisallowedHost: Invalid HTTP_HOST header: '89.104.68.164'. You may need to add '89.104.68.164' to ALLOWED_HOSTS.
Bad Request: /
Invalid HTTP_HOST header: 'api.scrmchampion.com'. You may need to add 'api.scrmchampion.com' to ALLOWED_HOSTS.
Traceback (most recent call last):
  File "/home/toppr/pr/env/lib/python3.12/site-packages/django/core/handlers/exception.py", line 55, in inner
    response = get_response(request)
               ^^^^^^^^^^^^^^^^^^^^^
  File "/home/toppr/pr/env/lib/python3.12/site-packages/django/utils/deprecation.py", line 128, in __call__
    response = self.process_request(request)
               ^^^^^^^^^^^^^^^^^^^^^^^^^^^^^
  File "/home/toppr/pr/env/lib/python3.12/site-packages/django/middleware/common.py", line 48, in process_request
    host = request.get_host()
           ^^^^^^^^^^^^^^^^^^
  File "/home/toppr/pr/env/lib/python3.12/site-packages/django/http/request.py", line 151, in get_host
    raise DisallowedHost(msg)
django.core.exceptions.DisallowedHost: Invalid HTTP_HOST header: 'api.scrmchampion.com'. You may need to add 'api.scrmchampion.com' to ALLOWED_HOSTS.
Bad Request: /helper/notification
Invalid HTTP_HOST header: '89.104.68.164'. You may need to add '89.104.68.164' to ALLOWED_HOSTS.
Traceback (most recent call last):
  File "/home/toppr/pr/env/lib/python3.12/site-packages/django/core/handlers/exception.py", line 55, in inner
    response = get_response(request)
               ^^^^^^^^^^^^^^^^^^^^^
  File "/home/toppr/pr/env/lib/python3.12/site-packages/django/utils/deprecation.py", line 128, in __call__
    response = self.process_request(request)
               ^^^^^^^^^^^^^^^^^^^^^^^^^^^^^
  File "/home/toppr/pr/env/lib/python3.12/site-packages/django/middleware/common.py", line 48, in process_request
    host = request.get_host()
           ^^^^^^^^^^^^^^^^^^
  File "/home/toppr/pr/env/lib/python3.12/site-packages/django/http/request.py", line 151, in get_host
    raise DisallowedHost(msg)
django.core.exceptions.DisallowedHost: Invalid HTTP_HOST header: '89.104.68.164'. You may need to add '89.104.68.164' to ALLOWED_HOSTS.
Bad Request: /
Forbidden (Referer checking failed - no Referer.): /
Not Found: /.git/HEAD
Forbidden (Referer checking failed - no Referer.): /
Forbidden (Referer checking failed - no Referer.): /
Forbidden (Referer checking failed - no Referer.): /
Forbidden (Referer checking failed - no Referer.): /
Forbidden (Referer checking failed - no Referer.): /
Not Found: /favicon.ico
Forbidden (Referer checking failed - no Referer.): /
Not Found: /favicon.ico
Invalid HTTP_HOST header: '89.104.68.164'. You may need to add '89.104.68.164' to ALLOWED_HOSTS.
Traceback (most recent call last):
  File "/home/toppr/pr/env/lib/python3.12/site-packages/django/core/handlers/exception.py", line 55, in inner
    response = get_response(request)
               ^^^^^^^^^^^^^^^^^^^^^
  File "/home/toppr/pr/env/lib/python3.12/site-packages/django/utils/deprecation.py", line 128, in __call__
    response = self.process_request(request)
               ^^^^^^^^^^^^^^^^^^^^^^^^^^^^^
  File "/home/toppr/pr/env/lib/python3.12/site-packages/django/middleware/common.py", line 48, in process_request
    host = request.get_host()
           ^^^^^^^^^^^^^^^^^^
  File "/home/toppr/pr/env/lib/python3.12/site-packages/django/http/request.py", line 151, in get_host
    raise DisallowedHost(msg)
django.core.exceptions.DisallowedHost: Invalid HTTP_HOST header: '89.104.68.164'. You may need to add '89.104.68.164' to ALLOWED_HOSTS.
Bad Request: /
Invalid HTTP_HOST header: '89.104.68.164'. You may need to add '89.104.68.164' to ALLOWED_HOSTS.
Traceback (most recent call last):
  File "/home/toppr/pr/env/lib/python3.12/site-packages/django/core/handlers/exception.py", line 55, in inner
    response = get_response(request)
               ^^^^^^^^^^^^^^^^^^^^^
  File "/home/toppr/pr/env/lib/python3.12/site-packages/django/utils/deprecation.py", line 128, in __call__
    response = self.process_request(request)
               ^^^^^^^^^^^^^^^^^^^^^^^^^^^^^
  File "/home/toppr/pr/env/lib/python3.12/site-packages/django/middleware/common.py", line 48, in process_request
    host = request.get_host()
           ^^^^^^^^^^^^^^^^^^
  File "/home/toppr/pr/env/lib/python3.12/site-packages/django/http/request.py", line 151, in get_host
    raise DisallowedHost(msg)
django.core.exceptions.DisallowedHost: Invalid HTTP_HOST header: '89.104.68.164'. You may need to add '89.104.68.164' to ALLOWED_HOSTS.
Bad Request: /
Not Found: /favicon.ico
Not Found: /favicon.ico
Invalid HTTP_HOST header: '89.104.68.164'. You may need to add '89.104.68.164' to ALLOWED_HOSTS.
Traceback (most recent call last):
  File "/home/toppr/pr/env/lib/python3.12/site-packages/django/core/handlers/exception.py", line 55, in inner
    response = get_response(request)
               ^^^^^^^^^^^^^^^^^^^^^
  File "/home/toppr/pr/env/lib/python3.12/site-packages/django/utils/deprecation.py", line 128, in __call__
    response = self.process_request(request)
               ^^^^^^^^^^^^^^^^^^^^^^^^^^^^^
  File "/home/toppr/pr/env/lib/python3.12/site-packages/django/middleware/common.py", line 48, in process_request
    host = request.get_host()
           ^^^^^^^^^^^^^^^^^^
  File "/home/toppr/pr/env/lib/python3.12/site-packages/django/http/request.py", line 151, in get_host
    raise DisallowedHost(msg)
django.core.exceptions.DisallowedHost: Invalid HTTP_HOST header: '89.104.68.164'. You may need to add '89.104.68.164' to ALLOWED_HOSTS.
Bad Request: /restore.php
Invalid HTTP_HOST header: 'api.scrmchampion.com'. You may need to add 'api.scrmchampion.com' to ALLOWED_HOSTS.
Traceback (most recent call last):
  File "/home/toppr/pr/env/lib/python3.12/site-packages/django/core/handlers/exception.py", line 55, in inner
    response = get_response(request)
               ^^^^^^^^^^^^^^^^^^^^^
  File "/home/toppr/pr/env/lib/python3.12/site-packages/django/utils/deprecation.py", line 128, in __call__
    response = self.process_request(request)
               ^^^^^^^^^^^^^^^^^^^^^^^^^^^^^
  File "/home/toppr/pr/env/lib/python3.12/site-packages/django/middleware/common.py", line 48, in process_request
    host = request.get_host()
           ^^^^^^^^^^^^^^^^^^
  File "/home/toppr/pr/env/lib/python3.12/site-packages/django/http/request.py", line 151, in get_host
    raise DisallowedHost(msg)
django.core.exceptions.DisallowedHost: Invalid HTTP_HOST header: 'api.scrmchampion.com'. You may need to add 'api.scrmchampion.com' to ALLOWED_HOSTS.
Bad Request: /helper/notification
Invalid HTTP_HOST header: '142.93.161.32'. You may need to add '142.93.161.32' to ALLOWED_HOSTS.
Traceback (most recent call last):
  File "/home/toppr/pr/env/lib/python3.12/site-packages/django/core/handlers/exception.py", line 55, in inner
    response = get_response(request)
               ^^^^^^^^^^^^^^^^^^^^^
  File "/home/toppr/pr/env/lib/python3.12/site-packages/django/utils/deprecation.py", line 128, in __call__
    response = self.process_request(request)
               ^^^^^^^^^^^^^^^^^^^^^^^^^^^^^
  File "/home/toppr/pr/env/lib/python3.12/site-packages/django/middleware/common.py", line 48, in process_request
    host = request.get_host()
           ^^^^^^^^^^^^^^^^^^
  File "/home/toppr/pr/env/lib/python3.12/site-packages/django/http/request.py", line 151, in get_host
    raise DisallowedHost(msg)
django.core.exceptions.DisallowedHost: Invalid HTTP_HOST header: '142.93.161.32'. You may need to add '142.93.161.32' to ALLOWED_HOSTS.
Bad Request: /
Invalid HTTP_HOST header: '89.104.68.164'. You may need to add '89.104.68.164' to ALLOWED_HOSTS.
Traceback (most recent call last):
  File "/home/toppr/pr/env/lib/python3.12/site-packages/django/core/handlers/exception.py", line 55, in inner
    response = get_response(request)
               ^^^^^^^^^^^^^^^^^^^^^
  File "/home/toppr/pr/env/lib/python3.12/site-packages/django/utils/deprecation.py", line 128, in __call__
    response = self.process_request(request)
               ^^^^^^^^^^^^^^^^^^^^^^^^^^^^^
  File "/home/toppr/pr/env/lib/python3.12/site-packages/django/middleware/common.py", line 48, in process_request
    host = request.get_host()
           ^^^^^^^^^^^^^^^^^^
  File "/home/toppr/pr/env/lib/python3.12/site-packages/django/http/request.py", line 151, in get_host
    raise DisallowedHost(msg)
django.core.exceptions.DisallowedHost: Invalid HTTP_HOST header: '89.104.68.164'. You may need to add '89.104.68.164' to ALLOWED_HOSTS.
Bad Request: /.env
Invalid HTTP_HOST header: '89.104.68.164'. You may need to add '89.104.68.164' to ALLOWED_HOSTS.
Traceback (most recent call last):
  File "/home/toppr/pr/env/lib/python3.12/site-packages/django/core/handlers/exception.py", line 55, in inner
    response = get_response(request)
               ^^^^^^^^^^^^^^^^^^^^^
  File "/home/toppr/pr/env/lib/python3.12/site-packages/django/utils/deprecation.py", line 128, in __call__
    response = self.process_request(request)
               ^^^^^^^^^^^^^^^^^^^^^^^^^^^^^
  File "/home/toppr/pr/env/lib/python3.12/site-packages/django/middleware/common.py", line 48, in process_request
    host = request.get_host()
           ^^^^^^^^^^^^^^^^^^
  File "/home/toppr/pr/env/lib/python3.12/site-packages/django/http/request.py", line 151, in get_host
    raise DisallowedHost(msg)
django.core.exceptions.DisallowedHost: Invalid HTTP_HOST header: '89.104.68.164'. You may need to add '89.104.68.164' to ALLOWED_HOSTS.
Bad Request: /ab2g
Invalid HTTP_HOST header: '89.104.68.164'. You may need to add '89.104.68.164' to ALLOWED_HOSTS.
Traceback (most recent call last):
  File "/home/toppr/pr/env/lib/python3.12/site-packages/django/core/handlers/exception.py", line 55, in inner
    response = get_response(request)
               ^^^^^^^^^^^^^^^^^^^^^
  File "/home/toppr/pr/env/lib/python3.12/site-packages/django/utils/deprecation.py", line 128, in __call__
    response = self.process_request(request)
               ^^^^^^^^^^^^^^^^^^^^^^^^^^^^^
  File "/home/toppr/pr/env/lib/python3.12/site-packages/django/middleware/common.py", line 48, in process_request
    host = request.get_host()
           ^^^^^^^^^^^^^^^^^^
  File "/home/toppr/pr/env/lib/python3.12/site-packages/django/http/request.py", line 151, in get_host
    raise DisallowedHost(msg)
django.core.exceptions.DisallowedHost: Invalid HTTP_HOST header: '89.104.68.164'. You may need to add '89.104.68.164' to ALLOWED_HOSTS.
Bad Request: /ab2h
Invalid HTTP_HOST header: '89.104.68.164'. You may need to add '89.104.68.164' to ALLOWED_HOSTS.
Traceback (most recent call last):
  File "/home/toppr/pr/env/lib/python3.12/site-packages/django/core/handlers/exception.py", line 55, in inner
    response = get_response(request)
               ^^^^^^^^^^^^^^^^^^^^^
  File "/home/toppr/pr/env/lib/python3.12/site-packages/django/utils/deprecation.py", line 128, in __call__
    response = self.process_request(request)
               ^^^^^^^^^^^^^^^^^^^^^^^^^^^^^
  File "/home/toppr/pr/env/lib/python3.12/site-packages/django/middleware/common.py", line 48, in process_request
    host = request.get_host()
           ^^^^^^^^^^^^^^^^^^
  File "/home/toppr/pr/env/lib/python3.12/site-packages/django/http/request.py", line 151, in get_host
    raise DisallowedHost(msg)
django.core.exceptions.DisallowedHost: Invalid HTTP_HOST header: '89.104.68.164'. You may need to add '89.104.68.164' to ALLOWED_HOSTS.
Bad Request: /alive.php
Invalid HTTP_HOST header: '89.104.68.164'. You may need to add '89.104.68.164' to ALLOWED_HOSTS.
Traceback (most recent call last):
  File "/home/toppr/pr/env/lib/python3.12/site-packages/django/core/handlers/exception.py", line 55, in inner
    response = get_response(request)
               ^^^^^^^^^^^^^^^^^^^^^
  File "/home/toppr/pr/env/lib/python3.12/site-packages/django/utils/deprecation.py", line 128, in __call__
    response = self.process_request(request)
               ^^^^^^^^^^^^^^^^^^^^^^^^^^^^^
  File "/home/toppr/pr/env/lib/python3.12/site-packages/django/middleware/common.py", line 48, in process_request
    host = request.get_host()
           ^^^^^^^^^^^^^^^^^^
  File "/home/toppr/pr/env/lib/python3.12/site-packages/django/http/request.py", line 151, in get_host
    raise DisallowedHost(msg)
django.core.exceptions.DisallowedHost: Invalid HTTP_HOST header: '89.104.68.164'. You may need to add '89.104.68.164' to ALLOWED_HOSTS.
Bad Request: /
Invalid HTTP_HOST header: '89.104.68.164'. You may need to add '89.104.68.164' to ALLOWED_HOSTS.
Traceback (most recent call last):
  File "/home/toppr/pr/env/lib/python3.12/site-packages/django/core/handlers/exception.py", line 55, in inner
    response = get_response(request)
               ^^^^^^^^^^^^^^^^^^^^^
  File "/home/toppr/pr/env/lib/python3.12/site-packages/django/utils/deprecation.py", line 128, in __call__
    response = self.process_request(request)
               ^^^^^^^^^^^^^^^^^^^^^^^^^^^^^
  File "/home/toppr/pr/env/lib/python3.12/site-packages/django/middleware/common.py", line 48, in process_request
    host = request.get_host()
           ^^^^^^^^^^^^^^^^^^
  File "/home/toppr/pr/env/lib/python3.12/site-packages/django/http/request.py", line 151, in get_host
    raise DisallowedHost(msg)
django.core.exceptions.DisallowedHost: Invalid HTTP_HOST header: '89.104.68.164'. You may need to add '89.104.68.164' to ALLOWED_HOSTS.
Bad Request: /t4
Invalid HTTP_HOST header: '89.104.68.164'. You may need to add '89.104.68.164' to ALLOWED_HOSTS.
Traceback (most recent call last):
  File "/home/toppr/pr/env/lib/python3.12/site-packages/django/core/handlers/exception.py", line 55, in inner
    response = get_response(request)
               ^^^^^^^^^^^^^^^^^^^^^
  File "/home/toppr/pr/env/lib/python3.12/site-packages/django/utils/deprecation.py", line 128, in __call__
    response = self.process_request(request)
               ^^^^^^^^^^^^^^^^^^^^^^^^^^^^^
  File "/home/toppr/pr/env/lib/python3.12/site-packages/django/middleware/common.py", line 48, in process_request
    host = request.get_host()
           ^^^^^^^^^^^^^^^^^^
  File "/home/toppr/pr/env/lib/python3.12/site-packages/django/http/request.py", line 151, in get_host
    raise DisallowedHost(msg)
django.core.exceptions.DisallowedHost: Invalid HTTP_HOST header: '89.104.68.164'. You may need to add '89.104.68.164' to ALLOWED_HOSTS.
Bad Request: /favicon.ico
Invalid HTTP_HOST header: '89.104.68.164'. You may need to add '89.104.68.164' to ALLOWED_HOSTS.
Traceback (most recent call last):
  File "/home/toppr/pr/env/lib/python3.12/site-packages/django/core/handlers/exception.py", line 55, in inner
    response = get_response(request)
               ^^^^^^^^^^^^^^^^^^^^^
  File "/home/toppr/pr/env/lib/python3.12/site-packages/django/utils/deprecation.py", line 128, in __call__
    response = self.process_request(request)
               ^^^^^^^^^^^^^^^^^^^^^^^^^^^^^
  File "/home/toppr/pr/env/lib/python3.12/site-packages/django/middleware/common.py", line 48, in process_request
    host = request.get_host()
           ^^^^^^^^^^^^^^^^^^
  File "/home/toppr/pr/env/lib/python3.12/site-packages/django/http/request.py", line 151, in get_host
    raise DisallowedHost(msg)
django.core.exceptions.DisallowedHost: Invalid HTTP_HOST header: '89.104.68.164'. You may need to add '89.104.68.164' to ALLOWED_HOSTS.
Bad Request: /
Invalid HTTP_HOST header: '89.104.68.164'. You may need to add '89.104.68.164' to ALLOWED_HOSTS.
Traceback (most recent call last):
  File "/home/toppr/pr/env/lib/python3.12/site-packages/django/core/handlers/exception.py", line 55, in inner
    response = get_response(request)
               ^^^^^^^^^^^^^^^^^^^^^
  File "/home/toppr/pr/env/lib/python3.12/site-packages/django/utils/deprecation.py", line 128, in __call__
    response = self.process_request(request)
               ^^^^^^^^^^^^^^^^^^^^^^^^^^^^^
  File "/home/toppr/pr/env/lib/python3.12/site-packages/django/middleware/common.py", line 48, in process_request
    host = request.get_host()
           ^^^^^^^^^^^^^^^^^^
  File "/home/toppr/pr/env/lib/python3.12/site-packages/django/http/request.py", line 151, in get_host
    raise DisallowedHost(msg)
django.core.exceptions.DisallowedHost: Invalid HTTP_HOST header: '89.104.68.164'. You may need to add '89.104.68.164' to ALLOWED_HOSTS.
Bad Request: /teorema505
Invalid HTTP_HOST header: '89.104.68.164'. You may need to add '89.104.68.164' to ALLOWED_HOSTS.
Traceback (most recent call last):
  File "/home/toppr/pr/env/lib/python3.12/site-packages/django/core/handlers/exception.py", line 55, in inner
    response = get_response(request)
               ^^^^^^^^^^^^^^^^^^^^^
  File "/home/toppr/pr/env/lib/python3.12/site-packages/django/utils/deprecation.py", line 128, in __call__
    response = self.process_request(request)
               ^^^^^^^^^^^^^^^^^^^^^^^^^^^^^
  File "/home/toppr/pr/env/lib/python3.12/site-packages/django/middleware/common.py", line 48, in process_request
    host = request.get_host()
           ^^^^^^^^^^^^^^^^^^
  File "/home/toppr/pr/env/lib/python3.12/site-packages/django/http/request.py", line 151, in get_host
    raise DisallowedHost(msg)
django.core.exceptions.DisallowedHost: Invalid HTTP_HOST header: '89.104.68.164'. You may need to add '89.104.68.164' to ALLOWED_HOSTS.
Bad Request: /
Invalid HTTP_HOST header: '89.104.68.164'. You may need to add '89.104.68.164' to ALLOWED_HOSTS.
Traceback (most recent call last):
  File "/home/toppr/pr/env/lib/python3.12/site-packages/django/core/handlers/exception.py", line 55, in inner
    response = get_response(request)
               ^^^^^^^^^^^^^^^^^^^^^
  File "/home/toppr/pr/env/lib/python3.12/site-packages/django/utils/deprecation.py", line 128, in __call__
    response = self.process_request(request)
               ^^^^^^^^^^^^^^^^^^^^^^^^^^^^^
  File "/home/toppr/pr/env/lib/python3.12/site-packages/django/middleware/common.py", line 48, in process_request
    host = request.get_host()
           ^^^^^^^^^^^^^^^^^^
  File "/home/toppr/pr/env/lib/python3.12/site-packages/django/http/request.py", line 151, in get_host
    raise DisallowedHost(msg)
django.core.exceptions.DisallowedHost: Invalid HTTP_HOST header: '89.104.68.164'. You may need to add '89.104.68.164' to ALLOWED_HOSTS.
Bad Request: /
Invalid HTTP_HOST header: '89.104.68.164'. You may need to add '89.104.68.164' to ALLOWED_HOSTS.
Traceback (most recent call last):
  File "/home/toppr/pr/env/lib/python3.12/site-packages/django/core/handlers/exception.py", line 55, in inner
    response = get_response(request)
               ^^^^^^^^^^^^^^^^^^^^^
  File "/home/toppr/pr/env/lib/python3.12/site-packages/django/utils/deprecation.py", line 128, in __call__
    response = self.process_request(request)
               ^^^^^^^^^^^^^^^^^^^^^^^^^^^^^
  File "/home/toppr/pr/env/lib/python3.12/site-packages/django/middleware/common.py", line 48, in process_request
    host = request.get_host()
           ^^^^^^^^^^^^^^^^^^
  File "/home/toppr/pr/env/lib/python3.12/site-packages/django/http/request.py", line 151, in get_host
    raise DisallowedHost(msg)
django.core.exceptions.DisallowedHost: Invalid HTTP_HOST header: '89.104.68.164'. You may need to add '89.104.68.164' to ALLOWED_HOSTS.
Bad Request: /
Invalid HTTP_HOST header: '89.104.68.164'. You may need to add '89.104.68.164' to ALLOWED_HOSTS.
Traceback (most recent call last):
  File "/home/toppr/pr/env/lib/python3.12/site-packages/django/core/handlers/exception.py", line 55, in inner
    response = get_response(request)
               ^^^^^^^^^^^^^^^^^^^^^
  File "/home/toppr/pr/env/lib/python3.12/site-packages/django/utils/deprecation.py", line 128, in __call__
    response = self.process_request(request)
               ^^^^^^^^^^^^^^^^^^^^^^^^^^^^^
  File "/home/toppr/pr/env/lib/python3.12/site-packages/django/middleware/common.py", line 48, in process_request
    host = request.get_host()
           ^^^^^^^^^^^^^^^^^^
  File "/home/toppr/pr/env/lib/python3.12/site-packages/django/http/request.py", line 151, in get_host
    raise DisallowedHost(msg)
django.core.exceptions.DisallowedHost: Invalid HTTP_HOST header: '89.104.68.164'. You may need to add '89.104.68.164' to ALLOWED_HOSTS.
Bad Request: /
Invalid HTTP_HOST header: '89.104.68.164'. You may need to add '89.104.68.164' to ALLOWED_HOSTS.
Traceback (most recent call last):
  File "/home/toppr/pr/env/lib/python3.12/site-packages/django/core/handlers/exception.py", line 55, in inner
    response = get_response(request)
               ^^^^^^^^^^^^^^^^^^^^^
  File "/home/toppr/pr/env/lib/python3.12/site-packages/django/utils/deprecation.py", line 128, in __call__
    response = self.process_request(request)
               ^^^^^^^^^^^^^^^^^^^^^^^^^^^^^
  File "/home/toppr/pr/env/lib/python3.12/site-packages/django/middleware/common.py", line 48, in process_request
    host = request.get_host()
           ^^^^^^^^^^^^^^^^^^
  File "/home/toppr/pr/env/lib/python3.12/site-packages/django/http/request.py", line 151, in get_host
    raise DisallowedHost(msg)
django.core.exceptions.DisallowedHost: Invalid HTTP_HOST header: '89.104.68.164'. You may need to add '89.104.68.164' to ALLOWED_HOSTS.
Bad Request: /odinhttpcall1739221014
Invalid HTTP_HOST header: '89.104.68.164'. You may need to add '89.104.68.164' to ALLOWED_HOSTS.
Traceback (most recent call last):
  File "/home/toppr/pr/env/lib/python3.12/site-packages/django/core/handlers/exception.py", line 55, in inner
    response = get_response(request)
               ^^^^^^^^^^^^^^^^^^^^^
  File "/home/toppr/pr/env/lib/python3.12/site-packages/django/utils/deprecation.py", line 128, in __call__
    response = self.process_request(request)
               ^^^^^^^^^^^^^^^^^^^^^^^^^^^^^
  File "/home/toppr/pr/env/lib/python3.12/site-packages/django/middleware/common.py", line 48, in process_request
    host = request.get_host()
           ^^^^^^^^^^^^^^^^^^
  File "/home/toppr/pr/env/lib/python3.12/site-packages/django/http/request.py", line 151, in get_host
    raise DisallowedHost(msg)
django.core.exceptions.DisallowedHost: Invalid HTTP_HOST header: '89.104.68.164'. You may need to add '89.104.68.164' to ALLOWED_HOSTS.
Bad Request: /sdk
Invalid HTTP_HOST header: '89.104.68.164'. You may need to add '89.104.68.164' to ALLOWED_HOSTS.
Traceback (most recent call last):
  File "/home/toppr/pr/env/lib/python3.12/site-packages/django/core/handlers/exception.py", line 55, in inner
    response = get_response(request)
               ^^^^^^^^^^^^^^^^^^^^^
  File "/home/toppr/pr/env/lib/python3.12/site-packages/django/utils/deprecation.py", line 128, in __call__
    response = self.process_request(request)
               ^^^^^^^^^^^^^^^^^^^^^^^^^^^^^
  File "/home/toppr/pr/env/lib/python3.12/site-packages/django/middleware/common.py", line 48, in process_request
    host = request.get_host()
           ^^^^^^^^^^^^^^^^^^
  File "/home/toppr/pr/env/lib/python3.12/site-packages/django/http/request.py", line 151, in get_host
    raise DisallowedHost(msg)
django.core.exceptions.DisallowedHost: Invalid HTTP_HOST header: '89.104.68.164'. You may need to add '89.104.68.164' to ALLOWED_HOSTS.
Bad Request: /HNAP1
Invalid HTTP_HOST header: '89.104.68.164'. You may need to add '89.104.68.164' to ALLOWED_HOSTS.
Traceback (most recent call last):
  File "/home/toppr/pr/env/lib/python3.12/site-packages/django/core/handlers/exception.py", line 55, in inner
    response = get_response(request)
               ^^^^^^^^^^^^^^^^^^^^^
  File "/home/toppr/pr/env/lib/python3.12/site-packages/django/utils/deprecation.py", line 128, in __call__
    response = self.process_request(request)
               ^^^^^^^^^^^^^^^^^^^^^^^^^^^^^
  File "/home/toppr/pr/env/lib/python3.12/site-packages/django/middleware/common.py", line 48, in process_request
    host = request.get_host()
           ^^^^^^^^^^^^^^^^^^
  File "/home/toppr/pr/env/lib/python3.12/site-packages/django/http/request.py", line 151, in get_host
    raise DisallowedHost(msg)
django.core.exceptions.DisallowedHost: Invalid HTTP_HOST header: '89.104.68.164'. You may need to add '89.104.68.164' to ALLOWED_HOSTS.
Bad Request: /evox/about
Invalid HTTP_HOST header: '89.104.68.164'. You may need to add '89.104.68.164' to ALLOWED_HOSTS.
Traceback (most recent call last):
  File "/home/toppr/pr/env/lib/python3.12/site-packages/django/core/handlers/exception.py", line 55, in inner
    response = get_response(request)
               ^^^^^^^^^^^^^^^^^^^^^
  File "/home/toppr/pr/env/lib/python3.12/site-packages/django/utils/deprecation.py", line 128, in __call__
    response = self.process_request(request)
               ^^^^^^^^^^^^^^^^^^^^^^^^^^^^^
  File "/home/toppr/pr/env/lib/python3.12/site-packages/django/middleware/common.py", line 48, in process_request
    host = request.get_host()
           ^^^^^^^^^^^^^^^^^^
  File "/home/toppr/pr/env/lib/python3.12/site-packages/django/http/request.py", line 151, in get_host
    raise DisallowedHost(msg)
django.core.exceptions.DisallowedHost: Invalid HTTP_HOST header: '89.104.68.164'. You may need to add '89.104.68.164' to ALLOWED_HOSTS.
Bad Request: /
Invalid HTTP_HOST header: '89.104.68.164'. You may need to add '89.104.68.164' to ALLOWED_HOSTS.
Traceback (most recent call last):
  File "/home/toppr/pr/env/lib/python3.12/site-packages/django/core/handlers/exception.py", line 55, in inner
    response = get_response(request)
               ^^^^^^^^^^^^^^^^^^^^^
  File "/home/toppr/pr/env/lib/python3.12/site-packages/django/utils/deprecation.py", line 128, in __call__
    response = self.process_request(request)
               ^^^^^^^^^^^^^^^^^^^^^^^^^^^^^
  File "/home/toppr/pr/env/lib/python3.12/site-packages/django/middleware/common.py", line 48, in process_request
    host = request.get_host()
           ^^^^^^^^^^^^^^^^^^
  File "/home/toppr/pr/env/lib/python3.12/site-packages/django/http/request.py", line 151, in get_host
    raise DisallowedHost(msg)
django.core.exceptions.DisallowedHost: Invalid HTTP_HOST header: '89.104.68.164'. You may need to add '89.104.68.164' to ALLOWED_HOSTS.
Bad Request: /
Invalid HTTP_HOST header: '89.104.68.164'. You may need to add '89.104.68.164' to ALLOWED_HOSTS.
Traceback (most recent call last):
  File "/home/toppr/pr/env/lib/python3.12/site-packages/django/core/handlers/exception.py", line 55, in inner
    response = get_response(request)
               ^^^^^^^^^^^^^^^^^^^^^
  File "/home/toppr/pr/env/lib/python3.12/site-packages/django/utils/deprecation.py", line 128, in __call__
    response = self.process_request(request)
               ^^^^^^^^^^^^^^^^^^^^^^^^^^^^^
  File "/home/toppr/pr/env/lib/python3.12/site-packages/django/middleware/common.py", line 48, in process_request
    host = request.get_host()
           ^^^^^^^^^^^^^^^^^^
  File "/home/toppr/pr/env/lib/python3.12/site-packages/django/http/request.py", line 151, in get_host
    raise DisallowedHost(msg)
django.core.exceptions.DisallowedHost: Invalid HTTP_HOST header: '89.104.68.164'. You may need to add '89.104.68.164' to ALLOWED_HOSTS.
Bad Request: /
Invalid HTTP_HOST header: '89.104.68.164'. You may need to add '89.104.68.164' to ALLOWED_HOSTS.
Traceback (most recent call last):
  File "/home/toppr/pr/env/lib/python3.12/site-packages/django/core/handlers/exception.py", line 55, in inner
    response = get_response(request)
               ^^^^^^^^^^^^^^^^^^^^^
  File "/home/toppr/pr/env/lib/python3.12/site-packages/django/utils/deprecation.py", line 128, in __call__
    response = self.process_request(request)
               ^^^^^^^^^^^^^^^^^^^^^^^^^^^^^
  File "/home/toppr/pr/env/lib/python3.12/site-packages/django/middleware/common.py", line 48, in process_request
    host = request.get_host()
           ^^^^^^^^^^^^^^^^^^
  File "/home/toppr/pr/env/lib/python3.12/site-packages/django/http/request.py", line 151, in get_host
    raise DisallowedHost(msg)
django.core.exceptions.DisallowedHost: Invalid HTTP_HOST header: '89.104.68.164'. You may need to add '89.104.68.164' to ALLOWED_HOSTS.
Bad Request: /favicon.ico
Invalid HTTP_HOST header: '89.104.68.164'. You may need to add '89.104.68.164' to ALLOWED_HOSTS.
Traceback (most recent call last):
  File "/home/toppr/pr/env/lib/python3.12/site-packages/django/core/handlers/exception.py", line 55, in inner
    response = get_response(request)
               ^^^^^^^^^^^^^^^^^^^^^
  File "/home/toppr/pr/env/lib/python3.12/site-packages/django/utils/deprecation.py", line 128, in __call__
    response = self.process_request(request)
               ^^^^^^^^^^^^^^^^^^^^^^^^^^^^^
  File "/home/toppr/pr/env/lib/python3.12/site-packages/django/middleware/common.py", line 48, in process_request
    host = request.get_host()
           ^^^^^^^^^^^^^^^^^^
  File "/home/toppr/pr/env/lib/python3.12/site-packages/django/http/request.py", line 151, in get_host
    raise DisallowedHost(msg)
django.core.exceptions.DisallowedHost: Invalid HTTP_HOST header: '89.104.68.164'. You may need to add '89.104.68.164' to ALLOWED_HOSTS.
Bad Request: /owa/auth/logon.aspx
Not Found: /top-pr.zip
Invalid HTTP_HOST header: '89.104.68.164'. You may need to add '89.104.68.164' to ALLOWED_HOSTS.
Traceback (most recent call last):
  File "/home/toppr/pr/env/lib/python3.12/site-packages/django/core/handlers/exception.py", line 55, in inner
    response = get_response(request)
               ^^^^^^^^^^^^^^^^^^^^^
  File "/home/toppr/pr/env/lib/python3.12/site-packages/django/utils/deprecation.py", line 128, in __call__
    response = self.process_request(request)
               ^^^^^^^^^^^^^^^^^^^^^^^^^^^^^
  File "/home/toppr/pr/env/lib/python3.12/site-packages/django/middleware/common.py", line 48, in process_request
    host = request.get_host()
           ^^^^^^^^^^^^^^^^^^
  File "/home/toppr/pr/env/lib/python3.12/site-packages/django/http/request.py", line 151, in get_host
    raise DisallowedHost(msg)
django.core.exceptions.DisallowedHost: Invalid HTTP_HOST header: '89.104.68.164'. You may need to add '89.104.68.164' to ALLOWED_HOSTS.
Bad Request: /restore.php
Invalid HTTP_HOST header: '89.104.68.164'. You may need to add '89.104.68.164' to ALLOWED_HOSTS.
Traceback (most recent call last):
  File "/home/toppr/pr/env/lib/python3.12/site-packages/django/core/handlers/exception.py", line 55, in inner
    response = get_response(request)
               ^^^^^^^^^^^^^^^^^^^^^
  File "/home/toppr/pr/env/lib/python3.12/site-packages/django/utils/deprecation.py", line 128, in __call__
    response = self.process_request(request)
               ^^^^^^^^^^^^^^^^^^^^^^^^^^^^^
  File "/home/toppr/pr/env/lib/python3.12/site-packages/django/middleware/common.py", line 48, in process_request
    host = request.get_host()
           ^^^^^^^^^^^^^^^^^^
  File "/home/toppr/pr/env/lib/python3.12/site-packages/django/http/request.py", line 151, in get_host
    raise DisallowedHost(msg)
django.core.exceptions.DisallowedHost: Invalid HTTP_HOST header: '89.104.68.164'. You may need to add '89.104.68.164' to ALLOWED_HOSTS.
Bad Request: /ReportServer
Invalid HTTP_HOST header: '89.104.68.164'. You may need to add '89.104.68.164' to ALLOWED_HOSTS.
Traceback (most recent call last):
  File "/home/toppr/pr/env/lib/python3.12/site-packages/django/core/handlers/exception.py", line 55, in inner
    response = get_response(request)
               ^^^^^^^^^^^^^^^^^^^^^
  File "/home/toppr/pr/env/lib/python3.12/site-packages/django/utils/deprecation.py", line 128, in __call__
    response = self.process_request(request)
               ^^^^^^^^^^^^^^^^^^^^^^^^^^^^^
  File "/home/toppr/pr/env/lib/python3.12/site-packages/django/middleware/common.py", line 48, in process_request
    host = request.get_host()
           ^^^^^^^^^^^^^^^^^^
  File "/home/toppr/pr/env/lib/python3.12/site-packages/django/http/request.py", line 151, in get_host
    raise DisallowedHost(msg)
django.core.exceptions.DisallowedHost: Invalid HTTP_HOST header: '89.104.68.164'. You may need to add '89.104.68.164' to ALLOWED_HOSTS.
Bad Request: /login
Not Found: /wp-login.php
Invalid HTTP_HOST header: '89.104.68.164'. You may need to add '89.104.68.164' to ALLOWED_HOSTS.
Traceback (most recent call last):
  File "/home/toppr/pr/env/lib/python3.12/site-packages/django/core/handlers/exception.py", line 55, in inner
    response = get_response(request)
               ^^^^^^^^^^^^^^^^^^^^^
  File "/home/toppr/pr/env/lib/python3.12/site-packages/django/utils/deprecation.py", line 128, in __call__
    response = self.process_request(request)
               ^^^^^^^^^^^^^^^^^^^^^^^^^^^^^
  File "/home/toppr/pr/env/lib/python3.12/site-packages/django/middleware/common.py", line 48, in process_request
    host = request.get_host()
           ^^^^^^^^^^^^^^^^^^
  File "/home/toppr/pr/env/lib/python3.12/site-packages/django/http/request.py", line 151, in get_host
    raise DisallowedHost(msg)
django.core.exceptions.DisallowedHost: Invalid HTTP_HOST header: '89.104.68.164'. You may need to add '89.104.68.164' to ALLOWED_HOSTS.
Bad Request: /env.js
Invalid HTTP_HOST header: '89.104.68.164'. You may need to add '89.104.68.164' to ALLOWED_HOSTS.
Traceback (most recent call last):
  File "/home/toppr/pr/env/lib/python3.12/site-packages/django/core/handlers/exception.py", line 55, in inner
    response = get_response(request)
               ^^^^^^^^^^^^^^^^^^^^^
  File "/home/toppr/pr/env/lib/python3.12/site-packages/django/utils/deprecation.py", line 128, in __call__
    response = self.process_request(request)
               ^^^^^^^^^^^^^^^^^^^^^^^^^^^^^
  File "/home/toppr/pr/env/lib/python3.12/site-packages/django/middleware/common.py", line 48, in process_request
    host = request.get_host()
           ^^^^^^^^^^^^^^^^^^
  File "/home/toppr/pr/env/lib/python3.12/site-packages/django/http/request.py", line 151, in get_host
    raise DisallowedHost(msg)
django.core.exceptions.DisallowedHost: Invalid HTTP_HOST header: '89.104.68.164'. You may need to add '89.104.68.164' to ALLOWED_HOSTS.
Bad Request: /.env
Invalid HTTP_HOST header: '89.104.68.164'. You may need to add '89.104.68.164' to ALLOWED_HOSTS.
Traceback (most recent call last):
  File "/home/toppr/pr/env/lib/python3.12/site-packages/django/core/handlers/exception.py", line 55, in inner
    response = get_response(request)
               ^^^^^^^^^^^^^^^^^^^^^
  File "/home/toppr/pr/env/lib/python3.12/site-packages/django/utils/deprecation.py", line 128, in __call__
    response = self.process_request(request)
               ^^^^^^^^^^^^^^^^^^^^^^^^^^^^^
  File "/home/toppr/pr/env/lib/python3.12/site-packages/django/middleware/common.py", line 48, in process_request
    host = request.get_host()
           ^^^^^^^^^^^^^^^^^^
  File "/home/toppr/pr/env/lib/python3.12/site-packages/django/http/request.py", line 151, in get_host
    raise DisallowedHost(msg)
django.core.exceptions.DisallowedHost: Invalid HTTP_HOST header: '89.104.68.164'. You may need to add '89.104.68.164' to ALLOWED_HOSTS.
Bad Request: /restore.php
Invalid HTTP_HOST header: '89.104.68.164'. You may need to add '89.104.68.164' to ALLOWED_HOSTS.
Traceback (most recent call last):
  File "/home/toppr/pr/env/lib/python3.12/site-packages/django/core/handlers/exception.py", line 55, in inner
    response = get_response(request)
               ^^^^^^^^^^^^^^^^^^^^^
  File "/home/toppr/pr/env/lib/python3.12/site-packages/django/utils/deprecation.py", line 128, in __call__
    response = self.process_request(request)
               ^^^^^^^^^^^^^^^^^^^^^^^^^^^^^
  File "/home/toppr/pr/env/lib/python3.12/site-packages/django/middleware/common.py", line 48, in process_request
    host = request.get_host()
           ^^^^^^^^^^^^^^^^^^
  File "/home/toppr/pr/env/lib/python3.12/site-packages/django/http/request.py", line 151, in get_host
    raise DisallowedHost(msg)
django.core.exceptions.DisallowedHost: Invalid HTTP_HOST header: '89.104.68.164'. You may need to add '89.104.68.164' to ALLOWED_HOSTS.
Bad Request: /
Not Found: /top-pr.rar
Invalid HTTP_HOST header: '89.104.68.164'. You may need to add '89.104.68.164' to ALLOWED_HOSTS.
Traceback (most recent call last):
  File "/home/toppr/pr/env/lib/python3.12/site-packages/django/core/handlers/exception.py", line 55, in inner
    response = get_response(request)
               ^^^^^^^^^^^^^^^^^^^^^
  File "/home/toppr/pr/env/lib/python3.12/site-packages/django/utils/deprecation.py", line 128, in __call__
    response = self.process_request(request)
               ^^^^^^^^^^^^^^^^^^^^^^^^^^^^^
  File "/home/toppr/pr/env/lib/python3.12/site-packages/django/middleware/common.py", line 48, in process_request
    host = request.get_host()
           ^^^^^^^^^^^^^^^^^^
  File "/home/toppr/pr/env/lib/python3.12/site-packages/django/http/request.py", line 151, in get_host
    raise DisallowedHost(msg)
django.core.exceptions.DisallowedHost: Invalid HTTP_HOST header: '89.104.68.164'. You may need to add '89.104.68.164' to ALLOWED_HOSTS.
Bad Request: /.git/config
Not Found: /wp-admin/network/index.php
Not Found: /wp-admin/js/index.php
Not Found: /wp-admin/images/index.php
Not Found: /wp-admin/css/index.php
Not Found: /wp-includes/SimplePie/Content/Type/index.php
Not Found: /wp-includes/Requests/Auth/index.php
Not Found: /wp-admin/css/colors/index.php
Not Found: /wp-content/languages/index.php
Not Found: /wp-content/upgrade/index.php
Not Found: /wp-content/IXR/index.php
Invalid HTTP_HOST header: '89.104.68.164'. You may need to add '89.104.68.164' to ALLOWED_HOSTS.
Traceback (most recent call last):
  File "/home/toppr/pr/env/lib/python3.12/site-packages/django/core/handlers/exception.py", line 55, in inner
    response = get_response(request)
               ^^^^^^^^^^^^^^^^^^^^^
  File "/home/toppr/pr/env/lib/python3.12/site-packages/django/utils/deprecation.py", line 128, in __call__
    response = self.process_request(request)
               ^^^^^^^^^^^^^^^^^^^^^^^^^^^^^
  File "/home/toppr/pr/env/lib/python3.12/site-packages/django/middleware/common.py", line 48, in process_request
    host = request.get_host()
           ^^^^^^^^^^^^^^^^^^
  File "/home/toppr/pr/env/lib/python3.12/site-packages/django/http/request.py", line 151, in get_host
    raise DisallowedHost(msg)
django.core.exceptions.DisallowedHost: Invalid HTTP_HOST header: '89.104.68.164'. You may need to add '89.104.68.164' to ALLOWED_HOSTS.
Bad Request: /
Invalid HTTP_HOST header: '89.104.68.164'. You may need to add '89.104.68.164' to ALLOWED_HOSTS.
Traceback (most recent call last):
  File "/home/toppr/pr/env/lib/python3.12/site-packages/django/core/handlers/exception.py", line 55, in inner
    response = get_response(request)
               ^^^^^^^^^^^^^^^^^^^^^
  File "/home/toppr/pr/env/lib/python3.12/site-packages/django/utils/deprecation.py", line 128, in __call__
    response = self.process_request(request)
               ^^^^^^^^^^^^^^^^^^^^^^^^^^^^^
  File "/home/toppr/pr/env/lib/python3.12/site-packages/django/middleware/common.py", line 48, in process_request
    host = request.get_host()
           ^^^^^^^^^^^^^^^^^^
  File "/home/toppr/pr/env/lib/python3.12/site-packages/django/http/request.py", line 151, in get_host
    raise DisallowedHost(msg)
django.core.exceptions.DisallowedHost: Invalid HTTP_HOST header: '89.104.68.164'. You may need to add '89.104.68.164' to ALLOWED_HOSTS.
Bad Request: /favicon.ico
Invalid HTTP_HOST header: '89.104.68.164'. You may need to add '89.104.68.164' to ALLOWED_HOSTS.
Traceback (most recent call last):
  File "/home/toppr/pr/env/lib/python3.12/site-packages/django/core/handlers/exception.py", line 55, in inner
    response = get_response(request)
               ^^^^^^^^^^^^^^^^^^^^^
  File "/home/toppr/pr/env/lib/python3.12/site-packages/django/utils/deprecation.py", line 128, in __call__
    response = self.process_request(request)
               ^^^^^^^^^^^^^^^^^^^^^^^^^^^^^
  File "/home/toppr/pr/env/lib/python3.12/site-packages/django/middleware/common.py", line 48, in process_request
    host = request.get_host()
           ^^^^^^^^^^^^^^^^^^
  File "/home/toppr/pr/env/lib/python3.12/site-packages/django/http/request.py", line 151, in get_host
    raise DisallowedHost(msg)
django.core.exceptions.DisallowedHost: Invalid HTTP_HOST header: '89.104.68.164'. You may need to add '89.104.68.164' to ALLOWED_HOSTS.
Bad Request: /
Invalid HTTP_HOST header: '89.104.68.164'. You may need to add '89.104.68.164' to ALLOWED_HOSTS.
Traceback (most recent call last):
  File "/home/toppr/pr/env/lib/python3.12/site-packages/django/core/handlers/exception.py", line 55, in inner
    response = get_response(request)
               ^^^^^^^^^^^^^^^^^^^^^
  File "/home/toppr/pr/env/lib/python3.12/site-packages/django/utils/deprecation.py", line 128, in __call__
    response = self.process_request(request)
               ^^^^^^^^^^^^^^^^^^^^^^^^^^^^^
  File "/home/toppr/pr/env/lib/python3.12/site-packages/django/middleware/common.py", line 48, in process_request
    host = request.get_host()
           ^^^^^^^^^^^^^^^^^^
  File "/home/toppr/pr/env/lib/python3.12/site-packages/django/http/request.py", line 151, in get_host
    raise DisallowedHost(msg)
django.core.exceptions.DisallowedHost: Invalid HTTP_HOST header: '89.104.68.164'. You may need to add '89.104.68.164' to ALLOWED_HOSTS.
Bad Request: /restore.php
Invalid HTTP_HOST header: '89.104.68.164'. You may need to add '89.104.68.164' to ALLOWED_HOSTS.
Traceback (most recent call last):
  File "/home/toppr/pr/env/lib/python3.12/site-packages/django/core/handlers/exception.py", line 55, in inner
    response = get_response(request)
               ^^^^^^^^^^^^^^^^^^^^^
  File "/home/toppr/pr/env/lib/python3.12/site-packages/django/utils/deprecation.py", line 128, in __call__
    response = self.process_request(request)
               ^^^^^^^^^^^^^^^^^^^^^^^^^^^^^
  File "/home/toppr/pr/env/lib/python3.12/site-packages/django/middleware/common.py", line 48, in process_request
    host = request.get_host()
           ^^^^^^^^^^^^^^^^^^
  File "/home/toppr/pr/env/lib/python3.12/site-packages/django/http/request.py", line 151, in get_host
    raise DisallowedHost(msg)
django.core.exceptions.DisallowedHost: Invalid HTTP_HOST header: '89.104.68.164'. You may need to add '89.104.68.164' to ALLOWED_HOSTS.
Bad Request: /remote/login
Invalid HTTP_HOST header: '89.104.68.164'. You may need to add '89.104.68.164' to ALLOWED_HOSTS.
Traceback (most recent call last):
  File "/home/toppr/pr/env/lib/python3.12/site-packages/django/core/handlers/exception.py", line 55, in inner
    response = get_response(request)
               ^^^^^^^^^^^^^^^^^^^^^
  File "/home/toppr/pr/env/lib/python3.12/site-packages/django/utils/deprecation.py", line 128, in __call__
    response = self.process_request(request)
               ^^^^^^^^^^^^^^^^^^^^^^^^^^^^^
  File "/home/toppr/pr/env/lib/python3.12/site-packages/django/middleware/common.py", line 48, in process_request
    host = request.get_host()
           ^^^^^^^^^^^^^^^^^^
  File "/home/toppr/pr/env/lib/python3.12/site-packages/django/http/request.py", line 151, in get_host
    raise DisallowedHost(msg)
django.core.exceptions.DisallowedHost: Invalid HTTP_HOST header: '89.104.68.164'. You may need to add '89.104.68.164' to ALLOWED_HOSTS.
Bad Request: /login
Invalid HTTP_HOST header: '89.104.68.164'. You may need to add '89.104.68.164' to ALLOWED_HOSTS.
Traceback (most recent call last):
  File "/home/toppr/pr/env/lib/python3.12/site-packages/django/core/handlers/exception.py", line 55, in inner
    response = get_response(request)
               ^^^^^^^^^^^^^^^^^^^^^
  File "/home/toppr/pr/env/lib/python3.12/site-packages/django/utils/deprecation.py", line 128, in __call__
    response = self.process_request(request)
               ^^^^^^^^^^^^^^^^^^^^^^^^^^^^^
  File "/home/toppr/pr/env/lib/python3.12/site-packages/django/middleware/common.py", line 48, in process_request
    host = request.get_host()
           ^^^^^^^^^^^^^^^^^^
  File "/home/toppr/pr/env/lib/python3.12/site-packages/django/http/request.py", line 151, in get_host
    raise DisallowedHost(msg)
django.core.exceptions.DisallowedHost: Invalid HTTP_HOST header: '89.104.68.164'. You may need to add '89.104.68.164' to ALLOWED_HOSTS.
Bad Request: /
Invalid HTTP_HOST header: '89.104.68.164'. You may need to add '89.104.68.164' to ALLOWED_HOSTS.
Traceback (most recent call last):
  File "/home/toppr/pr/env/lib/python3.12/site-packages/django/core/handlers/exception.py", line 55, in inner
    response = get_response(request)
               ^^^^^^^^^^^^^^^^^^^^^
  File "/home/toppr/pr/env/lib/python3.12/site-packages/django/utils/deprecation.py", line 128, in __call__
    response = self.process_request(request)
               ^^^^^^^^^^^^^^^^^^^^^^^^^^^^^
  File "/home/toppr/pr/env/lib/python3.12/site-packages/django/middleware/common.py", line 48, in process_request
    host = request.get_host()
           ^^^^^^^^^^^^^^^^^^
  File "/home/toppr/pr/env/lib/python3.12/site-packages/django/http/request.py", line 151, in get_host
    raise DisallowedHost(msg)
django.core.exceptions.DisallowedHost: Invalid HTTP_HOST header: '89.104.68.164'. You may need to add '89.104.68.164' to ALLOWED_HOSTS.
Bad Request: /.env
Invalid HTTP_HOST header: '89.104.68.164'. You may need to add '89.104.68.164' to ALLOWED_HOSTS.
Traceback (most recent call last):
  File "/home/toppr/pr/env/lib/python3.12/site-packages/django/core/handlers/exception.py", line 55, in inner
    response = get_response(request)
               ^^^^^^^^^^^^^^^^^^^^^
  File "/home/toppr/pr/env/lib/python3.12/site-packages/django/utils/deprecation.py", line 128, in __call__
    response = self.process_request(request)
               ^^^^^^^^^^^^^^^^^^^^^^^^^^^^^
  File "/home/toppr/pr/env/lib/python3.12/site-packages/django/middleware/common.py", line 48, in process_request
    host = request.get_host()
           ^^^^^^^^^^^^^^^^^^
  File "/home/toppr/pr/env/lib/python3.12/site-packages/django/http/request.py", line 151, in get_host
    raise DisallowedHost(msg)
django.core.exceptions.DisallowedHost: Invalid HTTP_HOST header: '89.104.68.164'. You may need to add '89.104.68.164' to ALLOWED_HOSTS.
Bad Request: /.ENV
Invalid HTTP_HOST header: '89.104.68.164'. You may need to add '89.104.68.164' to ALLOWED_HOSTS.
Traceback (most recent call last):
  File "/home/toppr/pr/env/lib/python3.12/site-packages/django/core/handlers/exception.py", line 55, in inner
    response = get_response(request)
               ^^^^^^^^^^^^^^^^^^^^^
  File "/home/toppr/pr/env/lib/python3.12/site-packages/django/utils/deprecation.py", line 128, in __call__
    response = self.process_request(request)
               ^^^^^^^^^^^^^^^^^^^^^^^^^^^^^
  File "/home/toppr/pr/env/lib/python3.12/site-packages/django/middleware/common.py", line 48, in process_request
    host = request.get_host()
           ^^^^^^^^^^^^^^^^^^
  File "/home/toppr/pr/env/lib/python3.12/site-packages/django/http/request.py", line 151, in get_host
    raise DisallowedHost(msg)
django.core.exceptions.DisallowedHost: Invalid HTTP_HOST header: '89.104.68.164'. You may need to add '89.104.68.164' to ALLOWED_HOSTS.
Bad Request: /.env
Not Found: /top-pr.tar
Invalid HTTP_HOST header: 'skuiok.xyz'. You may need to add 'skuiok.xyz' to ALLOWED_HOSTS.
Traceback (most recent call last):
  File "/home/toppr/pr/env/lib/python3.12/site-packages/django/core/handlers/exception.py", line 55, in inner
    response = get_response(request)
               ^^^^^^^^^^^^^^^^^^^^^
  File "/home/toppr/pr/env/lib/python3.12/site-packages/django/utils/deprecation.py", line 128, in __call__
    response = self.process_request(request)
               ^^^^^^^^^^^^^^^^^^^^^^^^^^^^^
  File "/home/toppr/pr/env/lib/python3.12/site-packages/django/middleware/common.py", line 48, in process_request
    host = request.get_host()
           ^^^^^^^^^^^^^^^^^^
  File "/home/toppr/pr/env/lib/python3.12/site-packages/django/http/request.py", line 151, in get_host
    raise DisallowedHost(msg)
django.core.exceptions.DisallowedHost: Invalid HTTP_HOST header: 'skuiok.xyz'. You may need to add 'skuiok.xyz' to ALLOWED_HOSTS.
Bad Request: /system/3r42qQ213gad33.php
Invalid HTTP_HOST header: '89.104.68.164'. You may need to add '89.104.68.164' to ALLOWED_HOSTS.
Traceback (most recent call last):
  File "/home/toppr/pr/env/lib/python3.12/site-packages/django/core/handlers/exception.py", line 55, in inner
    response = get_response(request)
               ^^^^^^^^^^^^^^^^^^^^^
  File "/home/toppr/pr/env/lib/python3.12/site-packages/django/utils/deprecation.py", line 128, in __call__
    response = self.process_request(request)
               ^^^^^^^^^^^^^^^^^^^^^^^^^^^^^
  File "/home/toppr/pr/env/lib/python3.12/site-packages/django/middleware/common.py", line 48, in process_request
    host = request.get_host()
           ^^^^^^^^^^^^^^^^^^
  File "/home/toppr/pr/env/lib/python3.12/site-packages/django/http/request.py", line 151, in get_host
    raise DisallowedHost(msg)
django.core.exceptions.DisallowedHost: Invalid HTTP_HOST header: '89.104.68.164'. You may need to add '89.104.68.164' to ALLOWED_HOSTS.
Bad Request: /
Invalid HTTP_HOST header: '89.104.68.164'. You may need to add '89.104.68.164' to ALLOWED_HOSTS.
Traceback (most recent call last):
  File "/home/toppr/pr/env/lib/python3.12/site-packages/django/core/handlers/exception.py", line 55, in inner
    response = get_response(request)
               ^^^^^^^^^^^^^^^^^^^^^
  File "/home/toppr/pr/env/lib/python3.12/site-packages/django/utils/deprecation.py", line 128, in __call__
    response = self.process_request(request)
               ^^^^^^^^^^^^^^^^^^^^^^^^^^^^^
  File "/home/toppr/pr/env/lib/python3.12/site-packages/django/middleware/common.py", line 48, in process_request
    host = request.get_host()
           ^^^^^^^^^^^^^^^^^^
  File "/home/toppr/pr/env/lib/python3.12/site-packages/django/http/request.py", line 151, in get_host
    raise DisallowedHost(msg)
django.core.exceptions.DisallowedHost: Invalid HTTP_HOST header: '89.104.68.164'. You may need to add '89.104.68.164' to ALLOWED_HOSTS.
Bad Request: /hello.world
Invalid HTTP_HOST header: '89.104.68.164'. You may need to add '89.104.68.164' to ALLOWED_HOSTS.
Traceback (most recent call last):
  File "/home/toppr/pr/env/lib/python3.12/site-packages/django/core/handlers/exception.py", line 55, in inner
    response = get_response(request)
               ^^^^^^^^^^^^^^^^^^^^^
  File "/home/toppr/pr/env/lib/python3.12/site-packages/django/utils/deprecation.py", line 128, in __call__
    response = self.process_request(request)
               ^^^^^^^^^^^^^^^^^^^^^^^^^^^^^
  File "/home/toppr/pr/env/lib/python3.12/site-packages/django/middleware/common.py", line 48, in process_request
    host = request.get_host()
           ^^^^^^^^^^^^^^^^^^
  File "/home/toppr/pr/env/lib/python3.12/site-packages/django/http/request.py", line 151, in get_host
    raise DisallowedHost(msg)
django.core.exceptions.DisallowedHost: Invalid HTTP_HOST header: '89.104.68.164'. You may need to add '89.104.68.164' to ALLOWED_HOSTS.
Bad Request: /vendor/phpunit/phpunit/src/Util/PHP/eval-stdin.php
Invalid HTTP_HOST header: '89.104.68.164'. You may need to add '89.104.68.164' to ALLOWED_HOSTS.
Traceback (most recent call last):
  File "/home/toppr/pr/env/lib/python3.12/site-packages/django/core/handlers/exception.py", line 55, in inner
    response = get_response(request)
               ^^^^^^^^^^^^^^^^^^^^^
  File "/home/toppr/pr/env/lib/python3.12/site-packages/django/utils/deprecation.py", line 128, in __call__
    response = self.process_request(request)
               ^^^^^^^^^^^^^^^^^^^^^^^^^^^^^
  File "/home/toppr/pr/env/lib/python3.12/site-packages/django/middleware/common.py", line 48, in process_request
    host = request.get_host()
           ^^^^^^^^^^^^^^^^^^
  File "/home/toppr/pr/env/lib/python3.12/site-packages/django/http/request.py", line 151, in get_host
    raise DisallowedHost(msg)
django.core.exceptions.DisallowedHost: Invalid HTTP_HOST header: '89.104.68.164'. You may need to add '89.104.68.164' to ALLOWED_HOSTS.
Bad Request: /vendor/phpunit/phpunit/Util/PHP/eval-stdin.php
Invalid HTTP_HOST header: '89.104.68.164'. You may need to add '89.104.68.164' to ALLOWED_HOSTS.
Traceback (most recent call last):
  File "/home/toppr/pr/env/lib/python3.12/site-packages/django/core/handlers/exception.py", line 55, in inner
    response = get_response(request)
               ^^^^^^^^^^^^^^^^^^^^^
  File "/home/toppr/pr/env/lib/python3.12/site-packages/django/utils/deprecation.py", line 128, in __call__
    response = self.process_request(request)
               ^^^^^^^^^^^^^^^^^^^^^^^^^^^^^
  File "/home/toppr/pr/env/lib/python3.12/site-packages/django/middleware/common.py", line 48, in process_request
    host = request.get_host()
           ^^^^^^^^^^^^^^^^^^
  File "/home/toppr/pr/env/lib/python3.12/site-packages/django/http/request.py", line 151, in get_host
    raise DisallowedHost(msg)
django.core.exceptions.DisallowedHost: Invalid HTTP_HOST header: '89.104.68.164'. You may need to add '89.104.68.164' to ALLOWED_HOSTS.
Bad Request: /vendor/phpunit/src/Util/PHP/eval-stdin.php
Invalid HTTP_HOST header: '89.104.68.164'. You may need to add '89.104.68.164' to ALLOWED_HOSTS.
Traceback (most recent call last):
  File "/home/toppr/pr/env/lib/python3.12/site-packages/django/core/handlers/exception.py", line 55, in inner
    response = get_response(request)
               ^^^^^^^^^^^^^^^^^^^^^
  File "/home/toppr/pr/env/lib/python3.12/site-packages/django/utils/deprecation.py", line 128, in __call__
    response = self.process_request(request)
               ^^^^^^^^^^^^^^^^^^^^^^^^^^^^^
  File "/home/toppr/pr/env/lib/python3.12/site-packages/django/middleware/common.py", line 48, in process_request
    host = request.get_host()
           ^^^^^^^^^^^^^^^^^^
  File "/home/toppr/pr/env/lib/python3.12/site-packages/django/http/request.py", line 151, in get_host
    raise DisallowedHost(msg)
django.core.exceptions.DisallowedHost: Invalid HTTP_HOST header: '89.104.68.164'. You may need to add '89.104.68.164' to ALLOWED_HOSTS.
Bad Request: /vendor/phpunit/Util/PHP/eval-stdin.php
Invalid HTTP_HOST header: '89.104.68.164'. You may need to add '89.104.68.164' to ALLOWED_HOSTS.
Traceback (most recent call last):
  File "/home/toppr/pr/env/lib/python3.12/site-packages/django/core/handlers/exception.py", line 55, in inner
    response = get_response(request)
               ^^^^^^^^^^^^^^^^^^^^^
  File "/home/toppr/pr/env/lib/python3.12/site-packages/django/utils/deprecation.py", line 128, in __call__
    response = self.process_request(request)
               ^^^^^^^^^^^^^^^^^^^^^^^^^^^^^
  File "/home/toppr/pr/env/lib/python3.12/site-packages/django/middleware/common.py", line 48, in process_request
    host = request.get_host()
           ^^^^^^^^^^^^^^^^^^
  File "/home/toppr/pr/env/lib/python3.12/site-packages/django/http/request.py", line 151, in get_host
    raise DisallowedHost(msg)
django.core.exceptions.DisallowedHost: Invalid HTTP_HOST header: '89.104.68.164'. You may need to add '89.104.68.164' to ALLOWED_HOSTS.
Bad Request: /vendor/phpunit/phpunit/LICENSE/eval-stdin.php
Invalid HTTP_HOST header: '89.104.68.164'. You may need to add '89.104.68.164' to ALLOWED_HOSTS.
Traceback (most recent call last):
  File "/home/toppr/pr/env/lib/python3.12/site-packages/django/core/handlers/exception.py", line 55, in inner
    response = get_response(request)
               ^^^^^^^^^^^^^^^^^^^^^
  File "/home/toppr/pr/env/lib/python3.12/site-packages/django/utils/deprecation.py", line 128, in __call__
    response = self.process_request(request)
               ^^^^^^^^^^^^^^^^^^^^^^^^^^^^^
  File "/home/toppr/pr/env/lib/python3.12/site-packages/django/middleware/common.py", line 48, in process_request
    host = request.get_host()
           ^^^^^^^^^^^^^^^^^^
  File "/home/toppr/pr/env/lib/python3.12/site-packages/django/http/request.py", line 151, in get_host
    raise DisallowedHost(msg)
django.core.exceptions.DisallowedHost: Invalid HTTP_HOST header: '89.104.68.164'. You may need to add '89.104.68.164' to ALLOWED_HOSTS.
Bad Request: /vendor/vendor/phpunit/phpunit/src/Util/PHP/eval-stdin.php
Invalid HTTP_HOST header: '89.104.68.164'. You may need to add '89.104.68.164' to ALLOWED_HOSTS.
Traceback (most recent call last):
  File "/home/toppr/pr/env/lib/python3.12/site-packages/django/core/handlers/exception.py", line 55, in inner
    response = get_response(request)
               ^^^^^^^^^^^^^^^^^^^^^
  File "/home/toppr/pr/env/lib/python3.12/site-packages/django/utils/deprecation.py", line 128, in __call__
    response = self.process_request(request)
               ^^^^^^^^^^^^^^^^^^^^^^^^^^^^^
  File "/home/toppr/pr/env/lib/python3.12/site-packages/django/middleware/common.py", line 48, in process_request
    host = request.get_host()
           ^^^^^^^^^^^^^^^^^^
  File "/home/toppr/pr/env/lib/python3.12/site-packages/django/http/request.py", line 151, in get_host
    raise DisallowedHost(msg)
django.core.exceptions.DisallowedHost: Invalid HTTP_HOST header: '89.104.68.164'. You may need to add '89.104.68.164' to ALLOWED_HOSTS.
Bad Request: /phpunit/phpunit/src/Util/PHP/eval-stdin.php
Invalid HTTP_HOST header: '89.104.68.164'. You may need to add '89.104.68.164' to ALLOWED_HOSTS.
Traceback (most recent call last):
  File "/home/toppr/pr/env/lib/python3.12/site-packages/django/core/handlers/exception.py", line 55, in inner
    response = get_response(request)
               ^^^^^^^^^^^^^^^^^^^^^
  File "/home/toppr/pr/env/lib/python3.12/site-packages/django/utils/deprecation.py", line 128, in __call__
    response = self.process_request(request)
               ^^^^^^^^^^^^^^^^^^^^^^^^^^^^^
  File "/home/toppr/pr/env/lib/python3.12/site-packages/django/middleware/common.py", line 48, in process_request
    host = request.get_host()
           ^^^^^^^^^^^^^^^^^^
  File "/home/toppr/pr/env/lib/python3.12/site-packages/django/http/request.py", line 151, in get_host
    raise DisallowedHost(msg)
django.core.exceptions.DisallowedHost: Invalid HTTP_HOST header: '89.104.68.164'. You may need to add '89.104.68.164' to ALLOWED_HOSTS.
Bad Request: /phpunit/phpunit/Util/PHP/eval-stdin.php
Invalid HTTP_HOST header: '89.104.68.164'. You may need to add '89.104.68.164' to ALLOWED_HOSTS.
Traceback (most recent call last):
  File "/home/toppr/pr/env/lib/python3.12/site-packages/django/core/handlers/exception.py", line 55, in inner
    response = get_response(request)
               ^^^^^^^^^^^^^^^^^^^^^
  File "/home/toppr/pr/env/lib/python3.12/site-packages/django/utils/deprecation.py", line 128, in __call__
    response = self.process_request(request)
               ^^^^^^^^^^^^^^^^^^^^^^^^^^^^^
  File "/home/toppr/pr/env/lib/python3.12/site-packages/django/middleware/common.py", line 48, in process_request
    host = request.get_host()
           ^^^^^^^^^^^^^^^^^^
  File "/home/toppr/pr/env/lib/python3.12/site-packages/django/http/request.py", line 151, in get_host
    raise DisallowedHost(msg)
django.core.exceptions.DisallowedHost: Invalid HTTP_HOST header: '89.104.68.164'. You may need to add '89.104.68.164' to ALLOWED_HOSTS.
Bad Request: /phpunit/src/Util/PHP/eval-stdin.php
Invalid HTTP_HOST header: '89.104.68.164'. You may need to add '89.104.68.164' to ALLOWED_HOSTS.
Traceback (most recent call last):
  File "/home/toppr/pr/env/lib/python3.12/site-packages/django/core/handlers/exception.py", line 55, in inner
    response = get_response(request)
               ^^^^^^^^^^^^^^^^^^^^^
  File "/home/toppr/pr/env/lib/python3.12/site-packages/django/utils/deprecation.py", line 128, in __call__
    response = self.process_request(request)
               ^^^^^^^^^^^^^^^^^^^^^^^^^^^^^
  File "/home/toppr/pr/env/lib/python3.12/site-packages/django/middleware/common.py", line 48, in process_request
    host = request.get_host()
           ^^^^^^^^^^^^^^^^^^
  File "/home/toppr/pr/env/lib/python3.12/site-packages/django/http/request.py", line 151, in get_host
    raise DisallowedHost(msg)
django.core.exceptions.DisallowedHost: Invalid HTTP_HOST header: '89.104.68.164'. You may need to add '89.104.68.164' to ALLOWED_HOSTS.
Bad Request: /phpunit/Util/PHP/eval-stdin.php
Invalid HTTP_HOST header: '89.104.68.164'. You may need to add '89.104.68.164' to ALLOWED_HOSTS.
Traceback (most recent call last):
  File "/home/toppr/pr/env/lib/python3.12/site-packages/django/core/handlers/exception.py", line 55, in inner
    response = get_response(request)
               ^^^^^^^^^^^^^^^^^^^^^
  File "/home/toppr/pr/env/lib/python3.12/site-packages/django/utils/deprecation.py", line 128, in __call__
    response = self.process_request(request)
               ^^^^^^^^^^^^^^^^^^^^^^^^^^^^^
  File "/home/toppr/pr/env/lib/python3.12/site-packages/django/middleware/common.py", line 48, in process_request
    host = request.get_host()
           ^^^^^^^^^^^^^^^^^^
  File "/home/toppr/pr/env/lib/python3.12/site-packages/django/http/request.py", line 151, in get_host
    raise DisallowedHost(msg)
django.core.exceptions.DisallowedHost: Invalid HTTP_HOST header: '89.104.68.164'. You may need to add '89.104.68.164' to ALLOWED_HOSTS.
Bad Request: /lib/phpunit/phpunit/src/Util/PHP/eval-stdin.php
Invalid HTTP_HOST header: '89.104.68.164'. You may need to add '89.104.68.164' to ALLOWED_HOSTS.
Traceback (most recent call last):
  File "/home/toppr/pr/env/lib/python3.12/site-packages/django/core/handlers/exception.py", line 55, in inner
    response = get_response(request)
               ^^^^^^^^^^^^^^^^^^^^^
  File "/home/toppr/pr/env/lib/python3.12/site-packages/django/utils/deprecation.py", line 128, in __call__
    response = self.process_request(request)
               ^^^^^^^^^^^^^^^^^^^^^^^^^^^^^
  File "/home/toppr/pr/env/lib/python3.12/site-packages/django/middleware/common.py", line 48, in process_request
    host = request.get_host()
           ^^^^^^^^^^^^^^^^^^
  File "/home/toppr/pr/env/lib/python3.12/site-packages/django/http/request.py", line 151, in get_host
    raise DisallowedHost(msg)
django.core.exceptions.DisallowedHost: Invalid HTTP_HOST header: '89.104.68.164'. You may need to add '89.104.68.164' to ALLOWED_HOSTS.
Bad Request: /lib/phpunit/phpunit/Util/PHP/eval-stdin.php
Invalid HTTP_HOST header: '89.104.68.164'. You may need to add '89.104.68.164' to ALLOWED_HOSTS.
Traceback (most recent call last):
  File "/home/toppr/pr/env/lib/python3.12/site-packages/django/core/handlers/exception.py", line 55, in inner
    response = get_response(request)
               ^^^^^^^^^^^^^^^^^^^^^
  File "/home/toppr/pr/env/lib/python3.12/site-packages/django/utils/deprecation.py", line 128, in __call__
    response = self.process_request(request)
               ^^^^^^^^^^^^^^^^^^^^^^^^^^^^^
  File "/home/toppr/pr/env/lib/python3.12/site-packages/django/middleware/common.py", line 48, in process_request
    host = request.get_host()
           ^^^^^^^^^^^^^^^^^^
  File "/home/toppr/pr/env/lib/python3.12/site-packages/django/http/request.py", line 151, in get_host
    raise DisallowedHost(msg)
django.core.exceptions.DisallowedHost: Invalid HTTP_HOST header: '89.104.68.164'. You may need to add '89.104.68.164' to ALLOWED_HOSTS.
Bad Request: /lib/phpunit/src/Util/PHP/eval-stdin.php
Invalid HTTP_HOST header: '89.104.68.164'. You may need to add '89.104.68.164' to ALLOWED_HOSTS.
Traceback (most recent call last):
  File "/home/toppr/pr/env/lib/python3.12/site-packages/django/core/handlers/exception.py", line 55, in inner
    response = get_response(request)
               ^^^^^^^^^^^^^^^^^^^^^
  File "/home/toppr/pr/env/lib/python3.12/site-packages/django/utils/deprecation.py", line 128, in __call__
    response = self.process_request(request)
               ^^^^^^^^^^^^^^^^^^^^^^^^^^^^^
  File "/home/toppr/pr/env/lib/python3.12/site-packages/django/middleware/common.py", line 48, in process_request
    host = request.get_host()
           ^^^^^^^^^^^^^^^^^^
  File "/home/toppr/pr/env/lib/python3.12/site-packages/django/http/request.py", line 151, in get_host
    raise DisallowedHost(msg)
django.core.exceptions.DisallowedHost: Invalid HTTP_HOST header: '89.104.68.164'. You may need to add '89.104.68.164' to ALLOWED_HOSTS.
Bad Request: /lib/phpunit/Util/PHP/eval-stdin.php
Invalid HTTP_HOST header: '89.104.68.164'. You may need to add '89.104.68.164' to ALLOWED_HOSTS.
Traceback (most recent call last):
  File "/home/toppr/pr/env/lib/python3.12/site-packages/django/core/handlers/exception.py", line 55, in inner
    response = get_response(request)
               ^^^^^^^^^^^^^^^^^^^^^
  File "/home/toppr/pr/env/lib/python3.12/site-packages/django/utils/deprecation.py", line 128, in __call__
    response = self.process_request(request)
               ^^^^^^^^^^^^^^^^^^^^^^^^^^^^^
  File "/home/toppr/pr/env/lib/python3.12/site-packages/django/middleware/common.py", line 48, in process_request
    host = request.get_host()
           ^^^^^^^^^^^^^^^^^^
  File "/home/toppr/pr/env/lib/python3.12/site-packages/django/http/request.py", line 151, in get_host
    raise DisallowedHost(msg)
django.core.exceptions.DisallowedHost: Invalid HTTP_HOST header: '89.104.68.164'. You may need to add '89.104.68.164' to ALLOWED_HOSTS.
Bad Request: /lib/vendor/phpunit/phpunit/src/Util/PHP/eval-stdin.php
Invalid HTTP_HOST header: '89.104.68.164'. You may need to add '89.104.68.164' to ALLOWED_HOSTS.
Traceback (most recent call last):
  File "/home/toppr/pr/env/lib/python3.12/site-packages/django/core/handlers/exception.py", line 55, in inner
    response = get_response(request)
               ^^^^^^^^^^^^^^^^^^^^^
  File "/home/toppr/pr/env/lib/python3.12/site-packages/django/utils/deprecation.py", line 128, in __call__
    response = self.process_request(request)
               ^^^^^^^^^^^^^^^^^^^^^^^^^^^^^
  File "/home/toppr/pr/env/lib/python3.12/site-packages/django/middleware/common.py", line 48, in process_request
    host = request.get_host()
           ^^^^^^^^^^^^^^^^^^
  File "/home/toppr/pr/env/lib/python3.12/site-packages/django/http/request.py", line 151, in get_host
    raise DisallowedHost(msg)
django.core.exceptions.DisallowedHost: Invalid HTTP_HOST header: '89.104.68.164'. You may need to add '89.104.68.164' to ALLOWED_HOSTS.
Bad Request: /laravel/vendor/phpunit/phpunit/src/Util/PHP/eval-stdin.php
Invalid HTTP_HOST header: '89.104.68.164'. You may need to add '89.104.68.164' to ALLOWED_HOSTS.
Traceback (most recent call last):
  File "/home/toppr/pr/env/lib/python3.12/site-packages/django/core/handlers/exception.py", line 55, in inner
    response = get_response(request)
               ^^^^^^^^^^^^^^^^^^^^^
  File "/home/toppr/pr/env/lib/python3.12/site-packages/django/utils/deprecation.py", line 128, in __call__
    response = self.process_request(request)
               ^^^^^^^^^^^^^^^^^^^^^^^^^^^^^
  File "/home/toppr/pr/env/lib/python3.12/site-packages/django/middleware/common.py", line 48, in process_request
    host = request.get_host()
           ^^^^^^^^^^^^^^^^^^
  File "/home/toppr/pr/env/lib/python3.12/site-packages/django/http/request.py", line 151, in get_host
    raise DisallowedHost(msg)
django.core.exceptions.DisallowedHost: Invalid HTTP_HOST header: '89.104.68.164'. You may need to add '89.104.68.164' to ALLOWED_HOSTS.
Bad Request: /www/vendor/phpunit/phpunit/src/Util/PHP/eval-stdin.php
Invalid HTTP_HOST header: '89.104.68.164'. You may need to add '89.104.68.164' to ALLOWED_HOSTS.
Traceback (most recent call last):
  File "/home/toppr/pr/env/lib/python3.12/site-packages/django/core/handlers/exception.py", line 55, in inner
    response = get_response(request)
               ^^^^^^^^^^^^^^^^^^^^^
  File "/home/toppr/pr/env/lib/python3.12/site-packages/django/utils/deprecation.py", line 128, in __call__
    response = self.process_request(request)
               ^^^^^^^^^^^^^^^^^^^^^^^^^^^^^
  File "/home/toppr/pr/env/lib/python3.12/site-packages/django/middleware/common.py", line 48, in process_request
    host = request.get_host()
           ^^^^^^^^^^^^^^^^^^
  File "/home/toppr/pr/env/lib/python3.12/site-packages/django/http/request.py", line 151, in get_host
    raise DisallowedHost(msg)
django.core.exceptions.DisallowedHost: Invalid HTTP_HOST header: '89.104.68.164'. You may need to add '89.104.68.164' to ALLOWED_HOSTS.
Bad Request: /ws/vendor/phpunit/phpunit/src/Util/PHP/eval-stdin.php
Invalid HTTP_HOST header: '89.104.68.164'. You may need to add '89.104.68.164' to ALLOWED_HOSTS.
Traceback (most recent call last):
  File "/home/toppr/pr/env/lib/python3.12/site-packages/django/core/handlers/exception.py", line 55, in inner
    response = get_response(request)
               ^^^^^^^^^^^^^^^^^^^^^
  File "/home/toppr/pr/env/lib/python3.12/site-packages/django/utils/deprecation.py", line 128, in __call__
    response = self.process_request(request)
               ^^^^^^^^^^^^^^^^^^^^^^^^^^^^^
  File "/home/toppr/pr/env/lib/python3.12/site-packages/django/middleware/common.py", line 48, in process_request
    host = request.get_host()
           ^^^^^^^^^^^^^^^^^^
  File "/home/toppr/pr/env/lib/python3.12/site-packages/django/http/request.py", line 151, in get_host
    raise DisallowedHost(msg)
django.core.exceptions.DisallowedHost: Invalid HTTP_HOST header: '89.104.68.164'. You may need to add '89.104.68.164' to ALLOWED_HOSTS.
Bad Request: /yii/vendor/phpunit/phpunit/src/Util/PHP/eval-stdin.php
Invalid HTTP_HOST header: '89.104.68.164'. You may need to add '89.104.68.164' to ALLOWED_HOSTS.
Traceback (most recent call last):
  File "/home/toppr/pr/env/lib/python3.12/site-packages/django/core/handlers/exception.py", line 55, in inner
    response = get_response(request)
               ^^^^^^^^^^^^^^^^^^^^^
  File "/home/toppr/pr/env/lib/python3.12/site-packages/django/utils/deprecation.py", line 128, in __call__
    response = self.process_request(request)
               ^^^^^^^^^^^^^^^^^^^^^^^^^^^^^
  File "/home/toppr/pr/env/lib/python3.12/site-packages/django/middleware/common.py", line 48, in process_request
    host = request.get_host()
           ^^^^^^^^^^^^^^^^^^
  File "/home/toppr/pr/env/lib/python3.12/site-packages/django/http/request.py", line 151, in get_host
    raise DisallowedHost(msg)
django.core.exceptions.DisallowedHost: Invalid HTTP_HOST header: '89.104.68.164'. You may need to add '89.104.68.164' to ALLOWED_HOSTS.
Bad Request: /zend/vendor/phpunit/phpunit/src/Util/PHP/eval-stdin.php
Invalid HTTP_HOST header: '89.104.68.164'. You may need to add '89.104.68.164' to ALLOWED_HOSTS.
Traceback (most recent call last):
  File "/home/toppr/pr/env/lib/python3.12/site-packages/django/core/handlers/exception.py", line 55, in inner
    response = get_response(request)
               ^^^^^^^^^^^^^^^^^^^^^
  File "/home/toppr/pr/env/lib/python3.12/site-packages/django/utils/deprecation.py", line 128, in __call__
    response = self.process_request(request)
               ^^^^^^^^^^^^^^^^^^^^^^^^^^^^^
  File "/home/toppr/pr/env/lib/python3.12/site-packages/django/middleware/common.py", line 48, in process_request
    host = request.get_host()
           ^^^^^^^^^^^^^^^^^^
  File "/home/toppr/pr/env/lib/python3.12/site-packages/django/http/request.py", line 151, in get_host
    raise DisallowedHost(msg)
django.core.exceptions.DisallowedHost: Invalid HTTP_HOST header: '89.104.68.164'. You may need to add '89.104.68.164' to ALLOWED_HOSTS.
Bad Request: /ws/ec/vendor/phpunit/phpunit/src/Util/PHP/eval-stdin.php
Invalid HTTP_HOST header: '89.104.68.164'. You may need to add '89.104.68.164' to ALLOWED_HOSTS.
Traceback (most recent call last):
  File "/home/toppr/pr/env/lib/python3.12/site-packages/django/core/handlers/exception.py", line 55, in inner
    response = get_response(request)
               ^^^^^^^^^^^^^^^^^^^^^
  File "/home/toppr/pr/env/lib/python3.12/site-packages/django/utils/deprecation.py", line 128, in __call__
    response = self.process_request(request)
               ^^^^^^^^^^^^^^^^^^^^^^^^^^^^^
  File "/home/toppr/pr/env/lib/python3.12/site-packages/django/middleware/common.py", line 48, in process_request
    host = request.get_host()
           ^^^^^^^^^^^^^^^^^^
  File "/home/toppr/pr/env/lib/python3.12/site-packages/django/http/request.py", line 151, in get_host
    raise DisallowedHost(msg)
django.core.exceptions.DisallowedHost: Invalid HTTP_HOST header: '89.104.68.164'. You may need to add '89.104.68.164' to ALLOWED_HOSTS.
Bad Request: /V2/vendor/phpunit/phpunit/src/Util/PHP/eval-stdin.php
Invalid HTTP_HOST header: '89.104.68.164'. You may need to add '89.104.68.164' to ALLOWED_HOSTS.
Traceback (most recent call last):
  File "/home/toppr/pr/env/lib/python3.12/site-packages/django/core/handlers/exception.py", line 55, in inner
    response = get_response(request)
               ^^^^^^^^^^^^^^^^^^^^^
  File "/home/toppr/pr/env/lib/python3.12/site-packages/django/utils/deprecation.py", line 128, in __call__
    response = self.process_request(request)
               ^^^^^^^^^^^^^^^^^^^^^^^^^^^^^
  File "/home/toppr/pr/env/lib/python3.12/site-packages/django/middleware/common.py", line 48, in process_request
    host = request.get_host()
           ^^^^^^^^^^^^^^^^^^
  File "/home/toppr/pr/env/lib/python3.12/site-packages/django/http/request.py", line 151, in get_host
    raise DisallowedHost(msg)
django.core.exceptions.DisallowedHost: Invalid HTTP_HOST header: '89.104.68.164'. You may need to add '89.104.68.164' to ALLOWED_HOSTS.
Bad Request: /tests/vendor/phpunit/phpunit/src/Util/PHP/eval-stdin.php
Invalid HTTP_HOST header: '89.104.68.164'. You may need to add '89.104.68.164' to ALLOWED_HOSTS.
Traceback (most recent call last):
  File "/home/toppr/pr/env/lib/python3.12/site-packages/django/core/handlers/exception.py", line 55, in inner
    response = get_response(request)
               ^^^^^^^^^^^^^^^^^^^^^
  File "/home/toppr/pr/env/lib/python3.12/site-packages/django/utils/deprecation.py", line 128, in __call__
    response = self.process_request(request)
               ^^^^^^^^^^^^^^^^^^^^^^^^^^^^^
  File "/home/toppr/pr/env/lib/python3.12/site-packages/django/middleware/common.py", line 48, in process_request
    host = request.get_host()
           ^^^^^^^^^^^^^^^^^^
  File "/home/toppr/pr/env/lib/python3.12/site-packages/django/http/request.py", line 151, in get_host
    raise DisallowedHost(msg)
django.core.exceptions.DisallowedHost: Invalid HTTP_HOST header: '89.104.68.164'. You may need to add '89.104.68.164' to ALLOWED_HOSTS.
Bad Request: /test/vendor/phpunit/phpunit/src/Util/PHP/eval-stdin.php
Invalid HTTP_HOST header: '89.104.68.164'. You may need to add '89.104.68.164' to ALLOWED_HOSTS.
Traceback (most recent call last):
  File "/home/toppr/pr/env/lib/python3.12/site-packages/django/core/handlers/exception.py", line 55, in inner
    response = get_response(request)
               ^^^^^^^^^^^^^^^^^^^^^
  File "/home/toppr/pr/env/lib/python3.12/site-packages/django/utils/deprecation.py", line 128, in __call__
    response = self.process_request(request)
               ^^^^^^^^^^^^^^^^^^^^^^^^^^^^^
  File "/home/toppr/pr/env/lib/python3.12/site-packages/django/middleware/common.py", line 48, in process_request
    host = request.get_host()
           ^^^^^^^^^^^^^^^^^^
  File "/home/toppr/pr/env/lib/python3.12/site-packages/django/http/request.py", line 151, in get_host
    raise DisallowedHost(msg)
django.core.exceptions.DisallowedHost: Invalid HTTP_HOST header: '89.104.68.164'. You may need to add '89.104.68.164' to ALLOWED_HOSTS.
Bad Request: /testing/vendor/phpunit/phpunit/src/Util/PHP/eval-stdin.php
Invalid HTTP_HOST header: '89.104.68.164'. You may need to add '89.104.68.164' to ALLOWED_HOSTS.
Traceback (most recent call last):
  File "/home/toppr/pr/env/lib/python3.12/site-packages/django/core/handlers/exception.py", line 55, in inner
    response = get_response(request)
               ^^^^^^^^^^^^^^^^^^^^^
  File "/home/toppr/pr/env/lib/python3.12/site-packages/django/utils/deprecation.py", line 128, in __call__
    response = self.process_request(request)
               ^^^^^^^^^^^^^^^^^^^^^^^^^^^^^
  File "/home/toppr/pr/env/lib/python3.12/site-packages/django/middleware/common.py", line 48, in process_request
    host = request.get_host()
           ^^^^^^^^^^^^^^^^^^
  File "/home/toppr/pr/env/lib/python3.12/site-packages/django/http/request.py", line 151, in get_host
    raise DisallowedHost(msg)
django.core.exceptions.DisallowedHost: Invalid HTTP_HOST header: '89.104.68.164'. You may need to add '89.104.68.164' to ALLOWED_HOSTS.
Bad Request: /api/vendor/phpunit/phpunit/src/Util/PHP/eval-stdin.php
Invalid HTTP_HOST header: '89.104.68.164'. You may need to add '89.104.68.164' to ALLOWED_HOSTS.
Traceback (most recent call last):
  File "/home/toppr/pr/env/lib/python3.12/site-packages/django/core/handlers/exception.py", line 55, in inner
    response = get_response(request)
               ^^^^^^^^^^^^^^^^^^^^^
  File "/home/toppr/pr/env/lib/python3.12/site-packages/django/utils/deprecation.py", line 128, in __call__
    response = self.process_request(request)
               ^^^^^^^^^^^^^^^^^^^^^^^^^^^^^
  File "/home/toppr/pr/env/lib/python3.12/site-packages/django/middleware/common.py", line 48, in process_request
    host = request.get_host()
           ^^^^^^^^^^^^^^^^^^
  File "/home/toppr/pr/env/lib/python3.12/site-packages/django/http/request.py", line 151, in get_host
    raise DisallowedHost(msg)
django.core.exceptions.DisallowedHost: Invalid HTTP_HOST header: '89.104.68.164'. You may need to add '89.104.68.164' to ALLOWED_HOSTS.
Bad Request: /demo/vendor/phpunit/phpunit/src/Util/PHP/eval-stdin.php
Invalid HTTP_HOST header: '89.104.68.164'. You may need to add '89.104.68.164' to ALLOWED_HOSTS.
Traceback (most recent call last):
  File "/home/toppr/pr/env/lib/python3.12/site-packages/django/core/handlers/exception.py", line 55, in inner
    response = get_response(request)
               ^^^^^^^^^^^^^^^^^^^^^
  File "/home/toppr/pr/env/lib/python3.12/site-packages/django/utils/deprecation.py", line 128, in __call__
    response = self.process_request(request)
               ^^^^^^^^^^^^^^^^^^^^^^^^^^^^^
  File "/home/toppr/pr/env/lib/python3.12/site-packages/django/middleware/common.py", line 48, in process_request
    host = request.get_host()
           ^^^^^^^^^^^^^^^^^^
  File "/home/toppr/pr/env/lib/python3.12/site-packages/django/http/request.py", line 151, in get_host
    raise DisallowedHost(msg)
django.core.exceptions.DisallowedHost: Invalid HTTP_HOST header: '89.104.68.164'. You may need to add '89.104.68.164' to ALLOWED_HOSTS.
Bad Request: /cms/vendor/phpunit/phpunit/src/Util/PHP/eval-stdin.php
Invalid HTTP_HOST header: '89.104.68.164'. You may need to add '89.104.68.164' to ALLOWED_HOSTS.
Traceback (most recent call last):
  File "/home/toppr/pr/env/lib/python3.12/site-packages/django/core/handlers/exception.py", line 55, in inner
    response = get_response(request)
               ^^^^^^^^^^^^^^^^^^^^^
  File "/home/toppr/pr/env/lib/python3.12/site-packages/django/utils/deprecation.py", line 128, in __call__
    response = self.process_request(request)
               ^^^^^^^^^^^^^^^^^^^^^^^^^^^^^
  File "/home/toppr/pr/env/lib/python3.12/site-packages/django/middleware/common.py", line 48, in process_request
    host = request.get_host()
           ^^^^^^^^^^^^^^^^^^
  File "/home/toppr/pr/env/lib/python3.12/site-packages/django/http/request.py", line 151, in get_host
    raise DisallowedHost(msg)
django.core.exceptions.DisallowedHost: Invalid HTTP_HOST header: '89.104.68.164'. You may need to add '89.104.68.164' to ALLOWED_HOSTS.
Bad Request: /crm/vendor/phpunit/phpunit/src/Util/PHP/eval-stdin.php
Invalid HTTP_HOST header: '89.104.68.164'. You may need to add '89.104.68.164' to ALLOWED_HOSTS.
Traceback (most recent call last):
  File "/home/toppr/pr/env/lib/python3.12/site-packages/django/core/handlers/exception.py", line 55, in inner
    response = get_response(request)
               ^^^^^^^^^^^^^^^^^^^^^
  File "/home/toppr/pr/env/lib/python3.12/site-packages/django/utils/deprecation.py", line 128, in __call__
    response = self.process_request(request)
               ^^^^^^^^^^^^^^^^^^^^^^^^^^^^^
  File "/home/toppr/pr/env/lib/python3.12/site-packages/django/middleware/common.py", line 48, in process_request
    host = request.get_host()
           ^^^^^^^^^^^^^^^^^^
  File "/home/toppr/pr/env/lib/python3.12/site-packages/django/http/request.py", line 151, in get_host
    raise DisallowedHost(msg)
django.core.exceptions.DisallowedHost: Invalid HTTP_HOST header: '89.104.68.164'. You may need to add '89.104.68.164' to ALLOWED_HOSTS.
Bad Request: /admin/vendor/phpunit/phpunit/src/Util/PHP/eval-stdin.php
Invalid HTTP_HOST header: '89.104.68.164'. You may need to add '89.104.68.164' to ALLOWED_HOSTS.
Traceback (most recent call last):
  File "/home/toppr/pr/env/lib/python3.12/site-packages/django/core/handlers/exception.py", line 55, in inner
    response = get_response(request)
               ^^^^^^^^^^^^^^^^^^^^^
  File "/home/toppr/pr/env/lib/python3.12/site-packages/django/utils/deprecation.py", line 128, in __call__
    response = self.process_request(request)
               ^^^^^^^^^^^^^^^^^^^^^^^^^^^^^
  File "/home/toppr/pr/env/lib/python3.12/site-packages/django/middleware/common.py", line 48, in process_request
    host = request.get_host()
           ^^^^^^^^^^^^^^^^^^
  File "/home/toppr/pr/env/lib/python3.12/site-packages/django/http/request.py", line 151, in get_host
    raise DisallowedHost(msg)
django.core.exceptions.DisallowedHost: Invalid HTTP_HOST header: '89.104.68.164'. You may need to add '89.104.68.164' to ALLOWED_HOSTS.
Bad Request: /backup/vendor/phpunit/phpunit/src/Util/PHP/eval-stdin.php
Invalid HTTP_HOST header: '89.104.68.164'. You may need to add '89.104.68.164' to ALLOWED_HOSTS.
Traceback (most recent call last):
  File "/home/toppr/pr/env/lib/python3.12/site-packages/django/core/handlers/exception.py", line 55, in inner
    response = get_response(request)
               ^^^^^^^^^^^^^^^^^^^^^
  File "/home/toppr/pr/env/lib/python3.12/site-packages/django/utils/deprecation.py", line 128, in __call__
    response = self.process_request(request)
               ^^^^^^^^^^^^^^^^^^^^^^^^^^^^^
  File "/home/toppr/pr/env/lib/python3.12/site-packages/django/middleware/common.py", line 48, in process_request
    host = request.get_host()
           ^^^^^^^^^^^^^^^^^^
  File "/home/toppr/pr/env/lib/python3.12/site-packages/django/http/request.py", line 151, in get_host
    raise DisallowedHost(msg)
django.core.exceptions.DisallowedHost: Invalid HTTP_HOST header: '89.104.68.164'. You may need to add '89.104.68.164' to ALLOWED_HOSTS.
Bad Request: /blog/vendor/phpunit/phpunit/src/Util/PHP/eval-stdin.php
Invalid HTTP_HOST header: '89.104.68.164'. You may need to add '89.104.68.164' to ALLOWED_HOSTS.
Traceback (most recent call last):
  File "/home/toppr/pr/env/lib/python3.12/site-packages/django/core/handlers/exception.py", line 55, in inner
    response = get_response(request)
               ^^^^^^^^^^^^^^^^^^^^^
  File "/home/toppr/pr/env/lib/python3.12/site-packages/django/utils/deprecation.py", line 128, in __call__
    response = self.process_request(request)
               ^^^^^^^^^^^^^^^^^^^^^^^^^^^^^
  File "/home/toppr/pr/env/lib/python3.12/site-packages/django/middleware/common.py", line 48, in process_request
    host = request.get_host()
           ^^^^^^^^^^^^^^^^^^
  File "/home/toppr/pr/env/lib/python3.12/site-packages/django/http/request.py", line 151, in get_host
    raise DisallowedHost(msg)
django.core.exceptions.DisallowedHost: Invalid HTTP_HOST header: '89.104.68.164'. You may need to add '89.104.68.164' to ALLOWED_HOSTS.
Bad Request: /workspace/drupal/vendor/phpunit/phpunit/src/Util/PHP/eval-stdin.php
Invalid HTTP_HOST header: '89.104.68.164'. You may need to add '89.104.68.164' to ALLOWED_HOSTS.
Traceback (most recent call last):
  File "/home/toppr/pr/env/lib/python3.12/site-packages/django/core/handlers/exception.py", line 55, in inner
    response = get_response(request)
               ^^^^^^^^^^^^^^^^^^^^^
  File "/home/toppr/pr/env/lib/python3.12/site-packages/django/utils/deprecation.py", line 128, in __call__
    response = self.process_request(request)
               ^^^^^^^^^^^^^^^^^^^^^^^^^^^^^
  File "/home/toppr/pr/env/lib/python3.12/site-packages/django/middleware/common.py", line 48, in process_request
    host = request.get_host()
           ^^^^^^^^^^^^^^^^^^
  File "/home/toppr/pr/env/lib/python3.12/site-packages/django/http/request.py", line 151, in get_host
    raise DisallowedHost(msg)
django.core.exceptions.DisallowedHost: Invalid HTTP_HOST header: '89.104.68.164'. You may need to add '89.104.68.164' to ALLOWED_HOSTS.
Bad Request: /panel/vendor/phpunit/phpunit/src/Util/PHP/eval-stdin.php
Invalid HTTP_HOST header: '89.104.68.164'. You may need to add '89.104.68.164' to ALLOWED_HOSTS.
Traceback (most recent call last):
  File "/home/toppr/pr/env/lib/python3.12/site-packages/django/core/handlers/exception.py", line 55, in inner
    response = get_response(request)
               ^^^^^^^^^^^^^^^^^^^^^
  File "/home/toppr/pr/env/lib/python3.12/site-packages/django/utils/deprecation.py", line 128, in __call__
    response = self.process_request(request)
               ^^^^^^^^^^^^^^^^^^^^^^^^^^^^^
  File "/home/toppr/pr/env/lib/python3.12/site-packages/django/middleware/common.py", line 48, in process_request
    host = request.get_host()
           ^^^^^^^^^^^^^^^^^^
  File "/home/toppr/pr/env/lib/python3.12/site-packages/django/http/request.py", line 151, in get_host
    raise DisallowedHost(msg)
django.core.exceptions.DisallowedHost: Invalid HTTP_HOST header: '89.104.68.164'. You may need to add '89.104.68.164' to ALLOWED_HOSTS.
Bad Request: /public/vendor/phpunit/phpunit/src/Util/PHP/eval-stdin.php
Invalid HTTP_HOST header: '89.104.68.164'. You may need to add '89.104.68.164' to ALLOWED_HOSTS.
Traceback (most recent call last):
  File "/home/toppr/pr/env/lib/python3.12/site-packages/django/core/handlers/exception.py", line 55, in inner
    response = get_response(request)
               ^^^^^^^^^^^^^^^^^^^^^
  File "/home/toppr/pr/env/lib/python3.12/site-packages/django/utils/deprecation.py", line 128, in __call__
    response = self.process_request(request)
               ^^^^^^^^^^^^^^^^^^^^^^^^^^^^^
  File "/home/toppr/pr/env/lib/python3.12/site-packages/django/middleware/common.py", line 48, in process_request
    host = request.get_host()
           ^^^^^^^^^^^^^^^^^^
  File "/home/toppr/pr/env/lib/python3.12/site-packages/django/http/request.py", line 151, in get_host
    raise DisallowedHost(msg)
django.core.exceptions.DisallowedHost: Invalid HTTP_HOST header: '89.104.68.164'. You may need to add '89.104.68.164' to ALLOWED_HOSTS.
Bad Request: /apps/vendor/phpunit/phpunit/src/Util/PHP/eval-stdin.php
Invalid HTTP_HOST header: '89.104.68.164'. You may need to add '89.104.68.164' to ALLOWED_HOSTS.
Traceback (most recent call last):
  File "/home/toppr/pr/env/lib/python3.12/site-packages/django/core/handlers/exception.py", line 55, in inner
    response = get_response(request)
               ^^^^^^^^^^^^^^^^^^^^^
  File "/home/toppr/pr/env/lib/python3.12/site-packages/django/utils/deprecation.py", line 128, in __call__
    response = self.process_request(request)
               ^^^^^^^^^^^^^^^^^^^^^^^^^^^^^
  File "/home/toppr/pr/env/lib/python3.12/site-packages/django/middleware/common.py", line 48, in process_request
    host = request.get_host()
           ^^^^^^^^^^^^^^^^^^
  File "/home/toppr/pr/env/lib/python3.12/site-packages/django/http/request.py", line 151, in get_host
    raise DisallowedHost(msg)
django.core.exceptions.DisallowedHost: Invalid HTTP_HOST header: '89.104.68.164'. You may need to add '89.104.68.164' to ALLOWED_HOSTS.
Bad Request: /app/vendor/phpunit/phpunit/src/Util/PHP/eval-stdin.php
Invalid HTTP_HOST header: '89.104.68.164'. You may need to add '89.104.68.164' to ALLOWED_HOSTS.
Traceback (most recent call last):
  File "/home/toppr/pr/env/lib/python3.12/site-packages/django/core/handlers/exception.py", line 55, in inner
    response = get_response(request)
               ^^^^^^^^^^^^^^^^^^^^^
  File "/home/toppr/pr/env/lib/python3.12/site-packages/django/utils/deprecation.py", line 128, in __call__
    response = self.process_request(request)
               ^^^^^^^^^^^^^^^^^^^^^^^^^^^^^
  File "/home/toppr/pr/env/lib/python3.12/site-packages/django/middleware/common.py", line 48, in process_request
    host = request.get_host()
           ^^^^^^^^^^^^^^^^^^
  File "/home/toppr/pr/env/lib/python3.12/site-packages/django/http/request.py", line 151, in get_host
    raise DisallowedHost(msg)
django.core.exceptions.DisallowedHost: Invalid HTTP_HOST header: '89.104.68.164'. You may need to add '89.104.68.164' to ALLOWED_HOSTS.
Bad Request: /index.php
Invalid HTTP_HOST header: '89.104.68.164'. You may need to add '89.104.68.164' to ALLOWED_HOSTS.
Traceback (most recent call last):
  File "/home/toppr/pr/env/lib/python3.12/site-packages/django/core/handlers/exception.py", line 55, in inner
    response = get_response(request)
               ^^^^^^^^^^^^^^^^^^^^^
  File "/home/toppr/pr/env/lib/python3.12/site-packages/django/utils/deprecation.py", line 128, in __call__
    response = self.process_request(request)
               ^^^^^^^^^^^^^^^^^^^^^^^^^^^^^
  File "/home/toppr/pr/env/lib/python3.12/site-packages/django/middleware/common.py", line 48, in process_request
    host = request.get_host()
           ^^^^^^^^^^^^^^^^^^
  File "/home/toppr/pr/env/lib/python3.12/site-packages/django/http/request.py", line 151, in get_host
    raise DisallowedHost(msg)
django.core.exceptions.DisallowedHost: Invalid HTTP_HOST header: '89.104.68.164'. You may need to add '89.104.68.164' to ALLOWED_HOSTS.
Bad Request: /public/index.php
Invalid HTTP_HOST header: '89.104.68.164'. You may need to add '89.104.68.164' to ALLOWED_HOSTS.
Traceback (most recent call last):
  File "/home/toppr/pr/env/lib/python3.12/site-packages/django/core/handlers/exception.py", line 55, in inner
    response = get_response(request)
               ^^^^^^^^^^^^^^^^^^^^^
  File "/home/toppr/pr/env/lib/python3.12/site-packages/django/utils/deprecation.py", line 128, in __call__
    response = self.process_request(request)
               ^^^^^^^^^^^^^^^^^^^^^^^^^^^^^
  File "/home/toppr/pr/env/lib/python3.12/site-packages/django/middleware/common.py", line 48, in process_request
    host = request.get_host()
           ^^^^^^^^^^^^^^^^^^
  File "/home/toppr/pr/env/lib/python3.12/site-packages/django/http/request.py", line 151, in get_host
    raise DisallowedHost(msg)
django.core.exceptions.DisallowedHost: Invalid HTTP_HOST header: '89.104.68.164'. You may need to add '89.104.68.164' to ALLOWED_HOSTS.
Bad Request: /index.php
Invalid HTTP_HOST header: '89.104.68.164'. You may need to add '89.104.68.164' to ALLOWED_HOSTS.
Traceback (most recent call last):
  File "/home/toppr/pr/env/lib/python3.12/site-packages/django/core/handlers/exception.py", line 55, in inner
    response = get_response(request)
               ^^^^^^^^^^^^^^^^^^^^^
  File "/home/toppr/pr/env/lib/python3.12/site-packages/django/utils/deprecation.py", line 128, in __call__
    response = self.process_request(request)
               ^^^^^^^^^^^^^^^^^^^^^^^^^^^^^
  File "/home/toppr/pr/env/lib/python3.12/site-packages/django/middleware/common.py", line 48, in process_request
    host = request.get_host()
           ^^^^^^^^^^^^^^^^^^
  File "/home/toppr/pr/env/lib/python3.12/site-packages/django/http/request.py", line 151, in get_host
    raise DisallowedHost(msg)
django.core.exceptions.DisallowedHost: Invalid HTTP_HOST header: '89.104.68.164'. You may need to add '89.104.68.164' to ALLOWED_HOSTS.
Bad Request: /index.php
Invalid HTTP_HOST header: '89.104.68.164'. You may need to add '89.104.68.164' to ALLOWED_HOSTS.
Traceback (most recent call last):
  File "/home/toppr/pr/env/lib/python3.12/site-packages/django/core/handlers/exception.py", line 55, in inner
    response = get_response(request)
               ^^^^^^^^^^^^^^^^^^^^^
  File "/home/toppr/pr/env/lib/python3.12/site-packages/django/utils/deprecation.py", line 128, in __call__
    response = self.process_request(request)
               ^^^^^^^^^^^^^^^^^^^^^^^^^^^^^
  File "/home/toppr/pr/env/lib/python3.12/site-packages/django/middleware/common.py", line 48, in process_request
    host = request.get_host()
           ^^^^^^^^^^^^^^^^^^
  File "/home/toppr/pr/env/lib/python3.12/site-packages/django/http/request.py", line 151, in get_host
    raise DisallowedHost(msg)
django.core.exceptions.DisallowedHost: Invalid HTTP_HOST header: '89.104.68.164'. You may need to add '89.104.68.164' to ALLOWED_HOSTS.
Bad Request: /containers/json
Invalid HTTP_HOST header: '89.104.68.164'. You may need to add '89.104.68.164' to ALLOWED_HOSTS.
Traceback (most recent call last):
  File "/home/toppr/pr/env/lib/python3.12/site-packages/django/core/handlers/exception.py", line 55, in inner
    response = get_response(request)
               ^^^^^^^^^^^^^^^^^^^^^
  File "/home/toppr/pr/env/lib/python3.12/site-packages/django/utils/deprecation.py", line 128, in __call__
    response = self.process_request(request)
               ^^^^^^^^^^^^^^^^^^^^^^^^^^^^^
  File "/home/toppr/pr/env/lib/python3.12/site-packages/django/middleware/common.py", line 48, in process_request
    host = request.get_host()
           ^^^^^^^^^^^^^^^^^^
  File "/home/toppr/pr/env/lib/python3.12/site-packages/django/http/request.py", line 151, in get_host
    raise DisallowedHost(msg)
django.core.exceptions.DisallowedHost: Invalid HTTP_HOST header: '89.104.68.164'. You may need to add '89.104.68.164' to ALLOWED_HOSTS.
Bad Request: /
Invalid HTTP_HOST header: '89.104.68.164'. You may need to add '89.104.68.164' to ALLOWED_HOSTS.
Traceback (most recent call last):
  File "/home/toppr/pr/env/lib/python3.12/site-packages/django/core/handlers/exception.py", line 55, in inner
    response = get_response(request)
               ^^^^^^^^^^^^^^^^^^^^^
  File "/home/toppr/pr/env/lib/python3.12/site-packages/django/utils/deprecation.py", line 128, in __call__
    response = self.process_request(request)
               ^^^^^^^^^^^^^^^^^^^^^^^^^^^^^
  File "/home/toppr/pr/env/lib/python3.12/site-packages/django/middleware/common.py", line 48, in process_request
    host = request.get_host()
           ^^^^^^^^^^^^^^^^^^
  File "/home/toppr/pr/env/lib/python3.12/site-packages/django/http/request.py", line 151, in get_host
    raise DisallowedHost(msg)
django.core.exceptions.DisallowedHost: Invalid HTTP_HOST header: '89.104.68.164'. You may need to add '89.104.68.164' to ALLOWED_HOSTS.
Bad Request: /
Invalid HTTP_HOST header: '89.104.68.164'. You may need to add '89.104.68.164' to ALLOWED_HOSTS.
Traceback (most recent call last):
  File "/home/toppr/pr/env/lib/python3.12/site-packages/django/core/handlers/exception.py", line 55, in inner
    response = get_response(request)
               ^^^^^^^^^^^^^^^^^^^^^
  File "/home/toppr/pr/env/lib/python3.12/site-packages/django/utils/deprecation.py", line 128, in __call__
    response = self.process_request(request)
               ^^^^^^^^^^^^^^^^^^^^^^^^^^^^^
  File "/home/toppr/pr/env/lib/python3.12/site-packages/django/middleware/common.py", line 48, in process_request
    host = request.get_host()
           ^^^^^^^^^^^^^^^^^^
  File "/home/toppr/pr/env/lib/python3.12/site-packages/django/http/request.py", line 151, in get_host
    raise DisallowedHost(msg)
django.core.exceptions.DisallowedHost: Invalid HTTP_HOST header: '89.104.68.164'. You may need to add '89.104.68.164' to ALLOWED_HOSTS.
Bad Request: /actuator/gateway/routes
Invalid HTTP_HOST header: '89.104.68.164'. You may need to add '89.104.68.164' to ALLOWED_HOSTS.
Traceback (most recent call last):
  File "/home/toppr/pr/env/lib/python3.12/site-packages/django/core/handlers/exception.py", line 55, in inner
    response = get_response(request)
               ^^^^^^^^^^^^^^^^^^^^^
  File "/home/toppr/pr/env/lib/python3.12/site-packages/django/utils/deprecation.py", line 128, in __call__
    response = self.process_request(request)
               ^^^^^^^^^^^^^^^^^^^^^^^^^^^^^
  File "/home/toppr/pr/env/lib/python3.12/site-packages/django/middleware/common.py", line 48, in process_request
    host = request.get_host()
           ^^^^^^^^^^^^^^^^^^
  File "/home/toppr/pr/env/lib/python3.12/site-packages/django/http/request.py", line 151, in get_host
    raise DisallowedHost(msg)
django.core.exceptions.DisallowedHost: Invalid HTTP_HOST header: '89.104.68.164'. You may need to add '89.104.68.164' to ALLOWED_HOSTS.
Bad Request: /restore.php
Internal Server Error: /orders/search
Traceback (most recent call last):
  File "/home/toppr/pr/env/lib/python3.12/site-packages/django/core/handlers/exception.py", line 55, in inner
    response = get_response(request)
               ^^^^^^^^^^^^^^^^^^^^^
  File "/home/toppr/pr/env/lib/python3.12/site-packages/django/core/handlers/base.py", line 197, in _get_response
    response = wrapped_callback(request, *callback_args, **callback_kwargs)
               ^^^^^^^^^^^^^^^^^^^^^^^^^^^^^^^^^^^^^^^^^^^^^^^^^^^^^^^^^^^^
  File "/home/toppr/pr/top_pr/my_site/views.py", line 248, in search_orders
    return render(request=request, template_name='my_site/orders.html', context=context)
           ^^^^^^^^^^^^^^^^^^^^^^^^^^^^^^^^^^^^^^^^^^^^^^^^^^^^^^^^^^^^^^^^^^^^^^^^^^^^^
  File "/home/toppr/pr/env/lib/python3.12/site-packages/django/shortcuts.py", line 25, in render
    content = loader.render_to_string(template_name, context, request, using=using)
              ^^^^^^^^^^^^^^^^^^^^^^^^^^^^^^^^^^^^^^^^^^^^^^^^^^^^^^^^^^^^^^^^^^^^^
  File "/home/toppr/pr/env/lib/python3.12/site-packages/django/template/loader.py", line 61, in render_to_string
    template = get_template(template_name, using=using)
               ^^^^^^^^^^^^^^^^^^^^^^^^^^^^^^^^^^^^^^^^
  File "/home/toppr/pr/env/lib/python3.12/site-packages/django/template/loader.py", line 19, in get_template
    raise TemplateDoesNotExist(template_name, chain=chain)
django.template.exceptions.TemplateDoesNotExist: my_site/orders.html
Not Found: /favicon.ico
Not Found: /index.php
Not Found: /index.html
Not Found: //
Not Found: ///
Not Found: ////
Not Found: /////
Not Found: //////
Not Found: ///////
Not Found: ////////
Not Found: /////////
Not Found: //////////
Not Found: /home.php
Not Found: /home.html
Not Found: /home.htm
Not Found: /index.htm
Not Found: /*
Not Found: /index.php
Not Found: /index.html
Not Found: //
Not Found: ///
Not Found: ////
Not Found: /////
Not Found: //////
Not Found: ///////
Not Found: ////////
Not Found: /////////
Not Found: //////////
Not Found: /home.php
Not Found: /home.html
Not Found: /home.htm
Not Found: /index.htm
Not Found: /*
Not Found: /index.php
Not Found: /index.html
Not Found: //
Not Found: ///
Not Found: ////
Not Found: /////
Not Found: //////
Not Found: ///////
Not Found: ////////
Not Found: /////////
Not Found: //////////
Not Found: /home.php
Not Found: /home.html
Not Found: /home.htm
Not Found: /index.htm
Not Found: /*
Not Found: /index.php
Not Found: /index.html
Not Found: //
Not Found: ///
Not Found: ////
Not Found: /////
Not Found: //////
Not Found: ///////
Not Found: ////////
Not Found: /////////
Not Found: //////////
Not Found: /home.php
Not Found: /home.html
Not Found: /home.htm
Not Found: /index.htm
Not Found: /*
Not Found: /cron.php
Invalid HTTP_HOST header: '89.104.68.164'. You may need to add '89.104.68.164' to ALLOWED_HOSTS.
Traceback (most recent call last):
  File "/home/toppr/pr/env/lib/python3.12/site-packages/django/core/handlers/exception.py", line 55, in inner
    response = get_response(request)
               ^^^^^^^^^^^^^^^^^^^^^
  File "/home/toppr/pr/env/lib/python3.12/site-packages/django/utils/deprecation.py", line 128, in __call__
    response = self.process_request(request)
               ^^^^^^^^^^^^^^^^^^^^^^^^^^^^^
  File "/home/toppr/pr/env/lib/python3.12/site-packages/django/middleware/common.py", line 48, in process_request
    host = request.get_host()
           ^^^^^^^^^^^^^^^^^^
  File "/home/toppr/pr/env/lib/python3.12/site-packages/django/http/request.py", line 151, in get_host
    raise DisallowedHost(msg)
django.core.exceptions.DisallowedHost: Invalid HTTP_HOST header: '89.104.68.164'. You may need to add '89.104.68.164' to ALLOWED_HOSTS.
Bad Request: /
Invalid HTTP_HOST header: '89.104.68.164'. You may need to add '89.104.68.164' to ALLOWED_HOSTS.
Traceback (most recent call last):
  File "/home/toppr/pr/env/lib/python3.12/site-packages/django/core/handlers/exception.py", line 55, in inner
    response = get_response(request)
               ^^^^^^^^^^^^^^^^^^^^^
  File "/home/toppr/pr/env/lib/python3.12/site-packages/django/utils/deprecation.py", line 128, in __call__
    response = self.process_request(request)
               ^^^^^^^^^^^^^^^^^^^^^^^^^^^^^
  File "/home/toppr/pr/env/lib/python3.12/site-packages/django/middleware/common.py", line 48, in process_request
    host = request.get_host()
           ^^^^^^^^^^^^^^^^^^
  File "/home/toppr/pr/env/lib/python3.12/site-packages/django/http/request.py", line 151, in get_host
    raise DisallowedHost(msg)
django.core.exceptions.DisallowedHost: Invalid HTTP_HOST header: '89.104.68.164'. You may need to add '89.104.68.164' to ALLOWED_HOSTS.
Bad Request: /
Not Found: /top-pr.gz
Invalid HTTP_HOST header: '89.104.68.164'. You may need to add '89.104.68.164' to ALLOWED_HOSTS.
Traceback (most recent call last):
  File "/home/toppr/pr/env/lib/python3.12/site-packages/django/core/handlers/exception.py", line 55, in inner
    response = get_response(request)
               ^^^^^^^^^^^^^^^^^^^^^
  File "/home/toppr/pr/env/lib/python3.12/site-packages/django/utils/deprecation.py", line 128, in __call__
    response = self.process_request(request)
               ^^^^^^^^^^^^^^^^^^^^^^^^^^^^^
  File "/home/toppr/pr/env/lib/python3.12/site-packages/django/middleware/common.py", line 48, in process_request
    host = request.get_host()
           ^^^^^^^^^^^^^^^^^^
  File "/home/toppr/pr/env/lib/python3.12/site-packages/django/http/request.py", line 151, in get_host
    raise DisallowedHost(msg)
django.core.exceptions.DisallowedHost: Invalid HTTP_HOST header: '89.104.68.164'. You may need to add '89.104.68.164' to ALLOWED_HOSTS.
Bad Request: /
Not Found: /favicon.ico
Not Found: /favicon.ico
Invalid HTTP_HOST header: '89.104.68.164'. You may need to add '89.104.68.164' to ALLOWED_HOSTS.
Traceback (most recent call last):
  File "/home/toppr/pr/env/lib/python3.12/site-packages/django/core/handlers/exception.py", line 55, in inner
    response = get_response(request)
               ^^^^^^^^^^^^^^^^^^^^^
  File "/home/toppr/pr/env/lib/python3.12/site-packages/django/utils/deprecation.py", line 128, in __call__
    response = self.process_request(request)
               ^^^^^^^^^^^^^^^^^^^^^^^^^^^^^
  File "/home/toppr/pr/env/lib/python3.12/site-packages/django/middleware/common.py", line 48, in process_request
    host = request.get_host()
           ^^^^^^^^^^^^^^^^^^
  File "/home/toppr/pr/env/lib/python3.12/site-packages/django/http/request.py", line 151, in get_host
    raise DisallowedHost(msg)
django.core.exceptions.DisallowedHost: Invalid HTTP_HOST header: '89.104.68.164'. You may need to add '89.104.68.164' to ALLOWED_HOSTS.
Bad Request: /
Invalid HTTP_HOST header: '89.104.68.164'. You may need to add '89.104.68.164' to ALLOWED_HOSTS.
Traceback (most recent call last):
  File "/home/toppr/pr/env/lib/python3.12/site-packages/django/core/handlers/exception.py", line 55, in inner
    response = get_response(request)
               ^^^^^^^^^^^^^^^^^^^^^
  File "/home/toppr/pr/env/lib/python3.12/site-packages/django/utils/deprecation.py", line 128, in __call__
    response = self.process_request(request)
               ^^^^^^^^^^^^^^^^^^^^^^^^^^^^^
  File "/home/toppr/pr/env/lib/python3.12/site-packages/django/middleware/common.py", line 48, in process_request
    host = request.get_host()
           ^^^^^^^^^^^^^^^^^^
  File "/home/toppr/pr/env/lib/python3.12/site-packages/django/http/request.py", line 151, in get_host
    raise DisallowedHost(msg)
django.core.exceptions.DisallowedHost: Invalid HTTP_HOST header: '89.104.68.164'. You may need to add '89.104.68.164' to ALLOWED_HOSTS.
Bad Request: /
Invalid HTTP_HOST header: '89.104.68.164'. You may need to add '89.104.68.164' to ALLOWED_HOSTS.
Traceback (most recent call last):
  File "/home/toppr/pr/env/lib/python3.12/site-packages/django/core/handlers/exception.py", line 55, in inner
    response = get_response(request)
               ^^^^^^^^^^^^^^^^^^^^^
  File "/home/toppr/pr/env/lib/python3.12/site-packages/django/utils/deprecation.py", line 128, in __call__
    response = self.process_request(request)
               ^^^^^^^^^^^^^^^^^^^^^^^^^^^^^
  File "/home/toppr/pr/env/lib/python3.12/site-packages/django/middleware/common.py", line 48, in process_request
    host = request.get_host()
           ^^^^^^^^^^^^^^^^^^
  File "/home/toppr/pr/env/lib/python3.12/site-packages/django/http/request.py", line 151, in get_host
    raise DisallowedHost(msg)
django.core.exceptions.DisallowedHost: Invalid HTTP_HOST header: '89.104.68.164'. You may need to add '89.104.68.164' to ALLOWED_HOSTS.
Bad Request: /favicon.ico
Invalid HTTP_HOST header: '89.104.68.164'. You may need to add '89.104.68.164' to ALLOWED_HOSTS.
Traceback (most recent call last):
  File "/home/toppr/pr/env/lib/python3.12/site-packages/django/core/handlers/exception.py", line 55, in inner
    response = get_response(request)
               ^^^^^^^^^^^^^^^^^^^^^
  File "/home/toppr/pr/env/lib/python3.12/site-packages/django/utils/deprecation.py", line 128, in __call__
    response = self.process_request(request)
               ^^^^^^^^^^^^^^^^^^^^^^^^^^^^^
  File "/home/toppr/pr/env/lib/python3.12/site-packages/django/middleware/common.py", line 48, in process_request
    host = request.get_host()
           ^^^^^^^^^^^^^^^^^^
  File "/home/toppr/pr/env/lib/python3.12/site-packages/django/http/request.py", line 151, in get_host
    raise DisallowedHost(msg)
django.core.exceptions.DisallowedHost: Invalid HTTP_HOST header: '89.104.68.164'. You may need to add '89.104.68.164' to ALLOWED_HOSTS.
Bad Request: /robots.txt
Invalid HTTP_HOST header: '89.104.68.164'. You may need to add '89.104.68.164' to ALLOWED_HOSTS.
Traceback (most recent call last):
  File "/home/toppr/pr/env/lib/python3.12/site-packages/django/core/handlers/exception.py", line 55, in inner
    response = get_response(request)
               ^^^^^^^^^^^^^^^^^^^^^
  File "/home/toppr/pr/env/lib/python3.12/site-packages/django/utils/deprecation.py", line 128, in __call__
    response = self.process_request(request)
               ^^^^^^^^^^^^^^^^^^^^^^^^^^^^^
  File "/home/toppr/pr/env/lib/python3.12/site-packages/django/middleware/common.py", line 48, in process_request
    host = request.get_host()
           ^^^^^^^^^^^^^^^^^^
  File "/home/toppr/pr/env/lib/python3.12/site-packages/django/http/request.py", line 151, in get_host
    raise DisallowedHost(msg)
django.core.exceptions.DisallowedHost: Invalid HTTP_HOST header: '89.104.68.164'. You may need to add '89.104.68.164' to ALLOWED_HOSTS.
Bad Request: /sitemap.xml
Invalid HTTP_HOST header: '89.104.68.164'. You may need to add '89.104.68.164' to ALLOWED_HOSTS.
Traceback (most recent call last):
  File "/home/toppr/pr/env/lib/python3.12/site-packages/django/core/handlers/exception.py", line 55, in inner
    response = get_response(request)
               ^^^^^^^^^^^^^^^^^^^^^
  File "/home/toppr/pr/env/lib/python3.12/site-packages/django/utils/deprecation.py", line 128, in __call__
    response = self.process_request(request)
               ^^^^^^^^^^^^^^^^^^^^^^^^^^^^^
  File "/home/toppr/pr/env/lib/python3.12/site-packages/django/middleware/common.py", line 48, in process_request
    host = request.get_host()
           ^^^^^^^^^^^^^^^^^^
  File "/home/toppr/pr/env/lib/python3.12/site-packages/django/http/request.py", line 151, in get_host
    raise DisallowedHost(msg)
django.core.exceptions.DisallowedHost: Invalid HTTP_HOST header: '89.104.68.164'. You may need to add '89.104.68.164' to ALLOWED_HOSTS.
Bad Request: /aaa9
Invalid HTTP_HOST header: '89.104.68.164'. You may need to add '89.104.68.164' to ALLOWED_HOSTS.
Traceback (most recent call last):
  File "/home/toppr/pr/env/lib/python3.12/site-packages/django/core/handlers/exception.py", line 55, in inner
    response = get_response(request)
               ^^^^^^^^^^^^^^^^^^^^^
  File "/home/toppr/pr/env/lib/python3.12/site-packages/django/utils/deprecation.py", line 128, in __call__
    response = self.process_request(request)
               ^^^^^^^^^^^^^^^^^^^^^^^^^^^^^
  File "/home/toppr/pr/env/lib/python3.12/site-packages/django/middleware/common.py", line 48, in process_request
    host = request.get_host()
           ^^^^^^^^^^^^^^^^^^
  File "/home/toppr/pr/env/lib/python3.12/site-packages/django/http/request.py", line 151, in get_host
    raise DisallowedHost(msg)
django.core.exceptions.DisallowedHost: Invalid HTTP_HOST header: '89.104.68.164'. You may need to add '89.104.68.164' to ALLOWED_HOSTS.
Bad Request: /aab8
Invalid HTTP_HOST header: '89.104.68.164'. You may need to add '89.104.68.164' to ALLOWED_HOSTS.
Traceback (most recent call last):
  File "/home/toppr/pr/env/lib/python3.12/site-packages/django/core/handlers/exception.py", line 55, in inner
    response = get_response(request)
               ^^^^^^^^^^^^^^^^^^^^^
  File "/home/toppr/pr/env/lib/python3.12/site-packages/django/utils/deprecation.py", line 128, in __call__
    response = self.process_request(request)
               ^^^^^^^^^^^^^^^^^^^^^^^^^^^^^
  File "/home/toppr/pr/env/lib/python3.12/site-packages/django/middleware/common.py", line 48, in process_request
    host = request.get_host()
           ^^^^^^^^^^^^^^^^^^
  File "/home/toppr/pr/env/lib/python3.12/site-packages/django/http/request.py", line 151, in get_host
    raise DisallowedHost(msg)
django.core.exceptions.DisallowedHost: Invalid HTTP_HOST header: '89.104.68.164'. You may need to add '89.104.68.164' to ALLOWED_HOSTS.
Bad Request: /
Invalid HTTP_HOST header: '89.104.68.164'. You may need to add '89.104.68.164' to ALLOWED_HOSTS.
Traceback (most recent call last):
  File "/home/toppr/pr/env/lib/python3.12/site-packages/django/core/handlers/exception.py", line 55, in inner
    response = get_response(request)
               ^^^^^^^^^^^^^^^^^^^^^
  File "/home/toppr/pr/env/lib/python3.12/site-packages/django/utils/deprecation.py", line 128, in __call__
    response = self.process_request(request)
               ^^^^^^^^^^^^^^^^^^^^^^^^^^^^^
  File "/home/toppr/pr/env/lib/python3.12/site-packages/django/middleware/common.py", line 48, in process_request
    host = request.get_host()
           ^^^^^^^^^^^^^^^^^^
  File "/home/toppr/pr/env/lib/python3.12/site-packages/django/http/request.py", line 151, in get_host
    raise DisallowedHost(msg)
django.core.exceptions.DisallowedHost: Invalid HTTP_HOST header: '89.104.68.164'. You may need to add '89.104.68.164' to ALLOWED_HOSTS.
Bad Request: /aaa9
Invalid HTTP_HOST header: '89.104.68.164'. You may need to add '89.104.68.164' to ALLOWED_HOSTS.
Traceback (most recent call last):
  File "/home/toppr/pr/env/lib/python3.12/site-packages/django/core/handlers/exception.py", line 55, in inner
    response = get_response(request)
               ^^^^^^^^^^^^^^^^^^^^^
  File "/home/toppr/pr/env/lib/python3.12/site-packages/django/utils/deprecation.py", line 128, in __call__
    response = self.process_request(request)
               ^^^^^^^^^^^^^^^^^^^^^^^^^^^^^
  File "/home/toppr/pr/env/lib/python3.12/site-packages/django/middleware/common.py", line 48, in process_request
    host = request.get_host()
           ^^^^^^^^^^^^^^^^^^
  File "/home/toppr/pr/env/lib/python3.12/site-packages/django/http/request.py", line 151, in get_host
    raise DisallowedHost(msg)
django.core.exceptions.DisallowedHost: Invalid HTTP_HOST header: '89.104.68.164'. You may need to add '89.104.68.164' to ALLOWED_HOSTS.
Bad Request: /aab8
Invalid HTTP_HOST header: '89.104.68.164'. You may need to add '89.104.68.164' to ALLOWED_HOSTS.
Traceback (most recent call last):
  File "/home/toppr/pr/env/lib/python3.12/site-packages/django/core/handlers/exception.py", line 55, in inner
    response = get_response(request)
               ^^^^^^^^^^^^^^^^^^^^^
  File "/home/toppr/pr/env/lib/python3.12/site-packages/django/utils/deprecation.py", line 128, in __call__
    response = self.process_request(request)
               ^^^^^^^^^^^^^^^^^^^^^^^^^^^^^
  File "/home/toppr/pr/env/lib/python3.12/site-packages/django/middleware/common.py", line 48, in process_request
    host = request.get_host()
           ^^^^^^^^^^^^^^^^^^
  File "/home/toppr/pr/env/lib/python3.12/site-packages/django/http/request.py", line 151, in get_host
    raise DisallowedHost(msg)
django.core.exceptions.DisallowedHost: Invalid HTTP_HOST header: '89.104.68.164'. You may need to add '89.104.68.164' to ALLOWED_HOSTS.
Bad Request: /
Invalid HTTP_HOST header: '89.104.68.164'. You may need to add '89.104.68.164' to ALLOWED_HOSTS.
Traceback (most recent call last):
  File "/home/toppr/pr/env/lib/python3.12/site-packages/django/core/handlers/exception.py", line 55, in inner
    response = get_response(request)
               ^^^^^^^^^^^^^^^^^^^^^
  File "/home/toppr/pr/env/lib/python3.12/site-packages/django/utils/deprecation.py", line 128, in __call__
    response = self.process_request(request)
               ^^^^^^^^^^^^^^^^^^^^^^^^^^^^^
  File "/home/toppr/pr/env/lib/python3.12/site-packages/django/middleware/common.py", line 48, in process_request
    host = request.get_host()
           ^^^^^^^^^^^^^^^^^^
  File "/home/toppr/pr/env/lib/python3.12/site-packages/django/http/request.py", line 151, in get_host
    raise DisallowedHost(msg)
django.core.exceptions.DisallowedHost: Invalid HTTP_HOST header: '89.104.68.164'. You may need to add '89.104.68.164' to ALLOWED_HOSTS.
Bad Request: /aaa9
Invalid HTTP_HOST header: '89.104.68.164'. You may need to add '89.104.68.164' to ALLOWED_HOSTS.
Traceback (most recent call last):
  File "/home/toppr/pr/env/lib/python3.12/site-packages/django/core/handlers/exception.py", line 55, in inner
    response = get_response(request)
               ^^^^^^^^^^^^^^^^^^^^^
  File "/home/toppr/pr/env/lib/python3.12/site-packages/django/utils/deprecation.py", line 128, in __call__
    response = self.process_request(request)
               ^^^^^^^^^^^^^^^^^^^^^^^^^^^^^
  File "/home/toppr/pr/env/lib/python3.12/site-packages/django/middleware/common.py", line 48, in process_request
    host = request.get_host()
           ^^^^^^^^^^^^^^^^^^
  File "/home/toppr/pr/env/lib/python3.12/site-packages/django/http/request.py", line 151, in get_host
    raise DisallowedHost(msg)
django.core.exceptions.DisallowedHost: Invalid HTTP_HOST header: '89.104.68.164'. You may need to add '89.104.68.164' to ALLOWED_HOSTS.
Bad Request: /aab8
Invalid HTTP_HOST header: '89.104.68.164'. You may need to add '89.104.68.164' to ALLOWED_HOSTS.
Traceback (most recent call last):
  File "/home/toppr/pr/env/lib/python3.12/site-packages/django/core/handlers/exception.py", line 55, in inner
    response = get_response(request)
               ^^^^^^^^^^^^^^^^^^^^^
  File "/home/toppr/pr/env/lib/python3.12/site-packages/django/utils/deprecation.py", line 128, in __call__
    response = self.process_request(request)
               ^^^^^^^^^^^^^^^^^^^^^^^^^^^^^
  File "/home/toppr/pr/env/lib/python3.12/site-packages/django/middleware/common.py", line 48, in process_request
    host = request.get_host()
           ^^^^^^^^^^^^^^^^^^
  File "/home/toppr/pr/env/lib/python3.12/site-packages/django/http/request.py", line 151, in get_host
    raise DisallowedHost(msg)
django.core.exceptions.DisallowedHost: Invalid HTTP_HOST header: '89.104.68.164'. You may need to add '89.104.68.164' to ALLOWED_HOSTS.
Bad Request: /
Invalid HTTP_HOST header: '89.104.68.164'. You may need to add '89.104.68.164' to ALLOWED_HOSTS.
Traceback (most recent call last):
  File "/home/toppr/pr/env/lib/python3.12/site-packages/django/core/handlers/exception.py", line 55, in inner
    response = get_response(request)
               ^^^^^^^^^^^^^^^^^^^^^
  File "/home/toppr/pr/env/lib/python3.12/site-packages/django/utils/deprecation.py", line 128, in __call__
    response = self.process_request(request)
               ^^^^^^^^^^^^^^^^^^^^^^^^^^^^^
  File "/home/toppr/pr/env/lib/python3.12/site-packages/django/middleware/common.py", line 48, in process_request
    host = request.get_host()
           ^^^^^^^^^^^^^^^^^^
  File "/home/toppr/pr/env/lib/python3.12/site-packages/django/http/request.py", line 151, in get_host
    raise DisallowedHost(msg)
django.core.exceptions.DisallowedHost: Invalid HTTP_HOST header: '89.104.68.164'. You may need to add '89.104.68.164' to ALLOWED_HOSTS.
Bad Request: /.env
Invalid HTTP_HOST header: '89.104.68.164'. You may need to add '89.104.68.164' to ALLOWED_HOSTS.
Traceback (most recent call last):
  File "/home/toppr/pr/env/lib/python3.12/site-packages/django/core/handlers/exception.py", line 55, in inner
    response = get_response(request)
               ^^^^^^^^^^^^^^^^^^^^^
  File "/home/toppr/pr/env/lib/python3.12/site-packages/django/utils/deprecation.py", line 128, in __call__
    response = self.process_request(request)
               ^^^^^^^^^^^^^^^^^^^^^^^^^^^^^
  File "/home/toppr/pr/env/lib/python3.12/site-packages/django/middleware/common.py", line 48, in process_request
    host = request.get_host()
           ^^^^^^^^^^^^^^^^^^
  File "/home/toppr/pr/env/lib/python3.12/site-packages/django/http/request.py", line 151, in get_host
    raise DisallowedHost(msg)
django.core.exceptions.DisallowedHost: Invalid HTTP_HOST header: '89.104.68.164'. You may need to add '89.104.68.164' to ALLOWED_HOSTS.
Bad Request: /actuator/health
Invalid HTTP_HOST header: '89.104.68.164'. You may need to add '89.104.68.164' to ALLOWED_HOSTS.
Traceback (most recent call last):
  File "/home/toppr/pr/env/lib/python3.12/site-packages/django/core/handlers/exception.py", line 55, in inner
    response = get_response(request)
               ^^^^^^^^^^^^^^^^^^^^^
  File "/home/toppr/pr/env/lib/python3.12/site-packages/django/utils/deprecation.py", line 128, in __call__
    response = self.process_request(request)
               ^^^^^^^^^^^^^^^^^^^^^^^^^^^^^
  File "/home/toppr/pr/env/lib/python3.12/site-packages/django/middleware/common.py", line 48, in process_request
    host = request.get_host()
           ^^^^^^^^^^^^^^^^^^
  File "/home/toppr/pr/env/lib/python3.12/site-packages/django/http/request.py", line 151, in get_host
    raise DisallowedHost(msg)
django.core.exceptions.DisallowedHost: Invalid HTTP_HOST header: '89.104.68.164'. You may need to add '89.104.68.164' to ALLOWED_HOSTS.
Bad Request: /restore.php
Forbidden (Referer checking failed - no Referer.): /
Forbidden (Referer checking failed - no Referer.): /
Forbidden (Referer checking failed - no Referer.): /
Forbidden (Referer checking failed - no Referer.): /
Forbidden (Referer checking failed - no Referer.): /
Forbidden (Referer checking failed - no Referer.): /
Invalid HTTP_HOST header: '89.104.68.164'. You may need to add '89.104.68.164' to ALLOWED_HOSTS.
Traceback (most recent call last):
  File "/home/toppr/pr/env/lib/python3.12/site-packages/django/core/handlers/exception.py", line 55, in inner
    response = get_response(request)
               ^^^^^^^^^^^^^^^^^^^^^
  File "/home/toppr/pr/env/lib/python3.12/site-packages/django/utils/deprecation.py", line 128, in __call__
    response = self.process_request(request)
               ^^^^^^^^^^^^^^^^^^^^^^^^^^^^^
  File "/home/toppr/pr/env/lib/python3.12/site-packages/django/middleware/common.py", line 48, in process_request
    host = request.get_host()
           ^^^^^^^^^^^^^^^^^^
  File "/home/toppr/pr/env/lib/python3.12/site-packages/django/http/request.py", line 151, in get_host
    raise DisallowedHost(msg)
django.core.exceptions.DisallowedHost: Invalid HTTP_HOST header: '89.104.68.164'. You may need to add '89.104.68.164' to ALLOWED_HOSTS.
Bad Request: /
Forbidden (Referer checking failed - no Referer.): /
Invalid HTTP_HOST header: '89.104.68.164'. You may need to add '89.104.68.164' to ALLOWED_HOSTS.
Traceback (most recent call last):
  File "/home/toppr/pr/env/lib/python3.12/site-packages/django/core/handlers/exception.py", line 55, in inner
    response = get_response(request)
               ^^^^^^^^^^^^^^^^^^^^^
  File "/home/toppr/pr/env/lib/python3.12/site-packages/django/utils/deprecation.py", line 128, in __call__
    response = self.process_request(request)
               ^^^^^^^^^^^^^^^^^^^^^^^^^^^^^
  File "/home/toppr/pr/env/lib/python3.12/site-packages/django/middleware/common.py", line 48, in process_request
    host = request.get_host()
           ^^^^^^^^^^^^^^^^^^
  File "/home/toppr/pr/env/lib/python3.12/site-packages/django/http/request.py", line 151, in get_host
    raise DisallowedHost(msg)
django.core.exceptions.DisallowedHost: Invalid HTTP_HOST header: '89.104.68.164'. You may need to add '89.104.68.164' to ALLOWED_HOSTS.
Bad Request: /
Not Found: /top-pr.7z
Invalid HTTP_HOST header: '89.104.68.164'. You may need to add '89.104.68.164' to ALLOWED_HOSTS.
Traceback (most recent call last):
  File "/home/toppr/pr/env/lib/python3.12/site-packages/django/core/handlers/exception.py", line 55, in inner
    response = get_response(request)
               ^^^^^^^^^^^^^^^^^^^^^
  File "/home/toppr/pr/env/lib/python3.12/site-packages/django/utils/deprecation.py", line 128, in __call__
    response = self.process_request(request)
               ^^^^^^^^^^^^^^^^^^^^^^^^^^^^^
  File "/home/toppr/pr/env/lib/python3.12/site-packages/django/middleware/common.py", line 48, in process_request
    host = request.get_host()
           ^^^^^^^^^^^^^^^^^^
  File "/home/toppr/pr/env/lib/python3.12/site-packages/django/http/request.py", line 151, in get_host
    raise DisallowedHost(msg)
django.core.exceptions.DisallowedHost: Invalid HTTP_HOST header: '89.104.68.164'. You may need to add '89.104.68.164' to ALLOWED_HOSTS.
Bad Request: /
Invalid HTTP_HOST header: '89.104.68.164'. You may need to add '89.104.68.164' to ALLOWED_HOSTS.
Traceback (most recent call last):
  File "/home/toppr/pr/env/lib/python3.12/site-packages/django/core/handlers/exception.py", line 55, in inner
    response = get_response(request)
               ^^^^^^^^^^^^^^^^^^^^^
  File "/home/toppr/pr/env/lib/python3.12/site-packages/django/utils/deprecation.py", line 128, in __call__
    response = self.process_request(request)
               ^^^^^^^^^^^^^^^^^^^^^^^^^^^^^
  File "/home/toppr/pr/env/lib/python3.12/site-packages/django/middleware/common.py", line 48, in process_request
    host = request.get_host()
           ^^^^^^^^^^^^^^^^^^
  File "/home/toppr/pr/env/lib/python3.12/site-packages/django/http/request.py", line 151, in get_host
    raise DisallowedHost(msg)
django.core.exceptions.DisallowedHost: Invalid HTTP_HOST header: '89.104.68.164'. You may need to add '89.104.68.164' to ALLOWED_HOSTS.
Bad Request: /favicon.ico
Invalid HTTP_HOST header: '89.104.68.164'. You may need to add '89.104.68.164' to ALLOWED_HOSTS.
Traceback (most recent call last):
  File "/home/toppr/pr/env/lib/python3.12/site-packages/django/core/handlers/exception.py", line 55, in inner
    response = get_response(request)
               ^^^^^^^^^^^^^^^^^^^^^
  File "/home/toppr/pr/env/lib/python3.12/site-packages/django/utils/deprecation.py", line 128, in __call__
    response = self.process_request(request)
               ^^^^^^^^^^^^^^^^^^^^^^^^^^^^^
  File "/home/toppr/pr/env/lib/python3.12/site-packages/django/middleware/common.py", line 48, in process_request
    host = request.get_host()
           ^^^^^^^^^^^^^^^^^^
  File "/home/toppr/pr/env/lib/python3.12/site-packages/django/http/request.py", line 151, in get_host
    raise DisallowedHost(msg)
django.core.exceptions.DisallowedHost: Invalid HTTP_HOST header: '89.104.68.164'. You may need to add '89.104.68.164' to ALLOWED_HOSTS.
Bad Request: /robots.txt
Invalid HTTP_HOST header: '89.104.68.164'. You may need to add '89.104.68.164' to ALLOWED_HOSTS.
Traceback (most recent call last):
  File "/home/toppr/pr/env/lib/python3.12/site-packages/django/core/handlers/exception.py", line 55, in inner
    response = get_response(request)
               ^^^^^^^^^^^^^^^^^^^^^
  File "/home/toppr/pr/env/lib/python3.12/site-packages/django/utils/deprecation.py", line 128, in __call__
    response = self.process_request(request)
               ^^^^^^^^^^^^^^^^^^^^^^^^^^^^^
  File "/home/toppr/pr/env/lib/python3.12/site-packages/django/middleware/common.py", line 48, in process_request
    host = request.get_host()
           ^^^^^^^^^^^^^^^^^^
  File "/home/toppr/pr/env/lib/python3.12/site-packages/django/http/request.py", line 151, in get_host
    raise DisallowedHost(msg)
django.core.exceptions.DisallowedHost: Invalid HTTP_HOST header: '89.104.68.164'. You may need to add '89.104.68.164' to ALLOWED_HOSTS.
Bad Request: /sitemap.xml
Invalid HTTP_HOST header: '89.104.68.164'. You may need to add '89.104.68.164' to ALLOWED_HOSTS.
Traceback (most recent call last):
  File "/home/toppr/pr/env/lib/python3.12/site-packages/django/core/handlers/exception.py", line 55, in inner
    response = get_response(request)
               ^^^^^^^^^^^^^^^^^^^^^
  File "/home/toppr/pr/env/lib/python3.12/site-packages/django/utils/deprecation.py", line 128, in __call__
    response = self.process_request(request)
               ^^^^^^^^^^^^^^^^^^^^^^^^^^^^^
  File "/home/toppr/pr/env/lib/python3.12/site-packages/django/middleware/common.py", line 48, in process_request
    host = request.get_host()
           ^^^^^^^^^^^^^^^^^^
  File "/home/toppr/pr/env/lib/python3.12/site-packages/django/http/request.py", line 151, in get_host
    raise DisallowedHost(msg)
django.core.exceptions.DisallowedHost: Invalid HTTP_HOST header: '89.104.68.164'. You may need to add '89.104.68.164' to ALLOWED_HOSTS.
Bad Request: /restore.php
Invalid HTTP_HOST header: '89.104.68.164'. You may need to add '89.104.68.164' to ALLOWED_HOSTS.
Traceback (most recent call last):
  File "/home/toppr/pr/env/lib/python3.12/site-packages/django/core/handlers/exception.py", line 55, in inner
    response = get_response(request)
               ^^^^^^^^^^^^^^^^^^^^^
  File "/home/toppr/pr/env/lib/python3.12/site-packages/django/utils/deprecation.py", line 128, in __call__
    response = self.process_request(request)
               ^^^^^^^^^^^^^^^^^^^^^^^^^^^^^
  File "/home/toppr/pr/env/lib/python3.12/site-packages/django/middleware/common.py", line 48, in process_request
    host = request.get_host()
           ^^^^^^^^^^^^^^^^^^
  File "/home/toppr/pr/env/lib/python3.12/site-packages/django/http/request.py", line 151, in get_host
    raise DisallowedHost(msg)
django.core.exceptions.DisallowedHost: Invalid HTTP_HOST header: '89.104.68.164'. You may need to add '89.104.68.164' to ALLOWED_HOSTS.
Bad Request: /ab2g
Invalid HTTP_HOST header: '89.104.68.164'. You may need to add '89.104.68.164' to ALLOWED_HOSTS.
Traceback (most recent call last):
  File "/home/toppr/pr/env/lib/python3.12/site-packages/django/core/handlers/exception.py", line 55, in inner
    response = get_response(request)
               ^^^^^^^^^^^^^^^^^^^^^
  File "/home/toppr/pr/env/lib/python3.12/site-packages/django/utils/deprecation.py", line 128, in __call__
    response = self.process_request(request)
               ^^^^^^^^^^^^^^^^^^^^^^^^^^^^^
  File "/home/toppr/pr/env/lib/python3.12/site-packages/django/middleware/common.py", line 48, in process_request
    host = request.get_host()
           ^^^^^^^^^^^^^^^^^^
  File "/home/toppr/pr/env/lib/python3.12/site-packages/django/http/request.py", line 151, in get_host
    raise DisallowedHost(msg)
django.core.exceptions.DisallowedHost: Invalid HTTP_HOST header: '89.104.68.164'. You may need to add '89.104.68.164' to ALLOWED_HOSTS.
Bad Request: /ab2h
Invalid HTTP_HOST header: '89.104.68.164'. You may need to add '89.104.68.164' to ALLOWED_HOSTS.
Traceback (most recent call last):
  File "/home/toppr/pr/env/lib/python3.12/site-packages/django/core/handlers/exception.py", line 55, in inner
    response = get_response(request)
               ^^^^^^^^^^^^^^^^^^^^^
  File "/home/toppr/pr/env/lib/python3.12/site-packages/django/utils/deprecation.py", line 128, in __call__
    response = self.process_request(request)
               ^^^^^^^^^^^^^^^^^^^^^^^^^^^^^
  File "/home/toppr/pr/env/lib/python3.12/site-packages/django/middleware/common.py", line 48, in process_request
    host = request.get_host()
           ^^^^^^^^^^^^^^^^^^
  File "/home/toppr/pr/env/lib/python3.12/site-packages/django/http/request.py", line 151, in get_host
    raise DisallowedHost(msg)
django.core.exceptions.DisallowedHost: Invalid HTTP_HOST header: '89.104.68.164'. You may need to add '89.104.68.164' to ALLOWED_HOSTS.
Bad Request: /alive.php
Invalid HTTP_HOST header: '89.104.68.164'. You may need to add '89.104.68.164' to ALLOWED_HOSTS.
Traceback (most recent call last):
  File "/home/toppr/pr/env/lib/python3.12/site-packages/django/core/handlers/exception.py", line 55, in inner
    response = get_response(request)
               ^^^^^^^^^^^^^^^^^^^^^
  File "/home/toppr/pr/env/lib/python3.12/site-packages/django/utils/deprecation.py", line 128, in __call__
    response = self.process_request(request)
               ^^^^^^^^^^^^^^^^^^^^^^^^^^^^^
  File "/home/toppr/pr/env/lib/python3.12/site-packages/django/middleware/common.py", line 48, in process_request
    host = request.get_host()
           ^^^^^^^^^^^^^^^^^^
  File "/home/toppr/pr/env/lib/python3.12/site-packages/django/http/request.py", line 151, in get_host
    raise DisallowedHost(msg)
django.core.exceptions.DisallowedHost: Invalid HTTP_HOST header: '89.104.68.164'. You may need to add '89.104.68.164' to ALLOWED_HOSTS.
Bad Request: /
Invalid HTTP_HOST header: '89.104.68.164'. You may need to add '89.104.68.164' to ALLOWED_HOSTS.
Traceback (most recent call last):
  File "/home/toppr/pr/env/lib/python3.12/site-packages/django/core/handlers/exception.py", line 55, in inner
    response = get_response(request)
               ^^^^^^^^^^^^^^^^^^^^^
  File "/home/toppr/pr/env/lib/python3.12/site-packages/django/utils/deprecation.py", line 128, in __call__
    response = self.process_request(request)
               ^^^^^^^^^^^^^^^^^^^^^^^^^^^^^
  File "/home/toppr/pr/env/lib/python3.12/site-packages/django/middleware/common.py", line 48, in process_request
    host = request.get_host()
           ^^^^^^^^^^^^^^^^^^
  File "/home/toppr/pr/env/lib/python3.12/site-packages/django/http/request.py", line 151, in get_host
    raise DisallowedHost(msg)
django.core.exceptions.DisallowedHost: Invalid HTTP_HOST header: '89.104.68.164'. You may need to add '89.104.68.164' to ALLOWED_HOSTS.
Bad Request: /t4
Invalid HTTP_HOST header: '89.104.68.164'. You may need to add '89.104.68.164' to ALLOWED_HOSTS.
Traceback (most recent call last):
  File "/home/toppr/pr/env/lib/python3.12/site-packages/django/core/handlers/exception.py", line 55, in inner
    response = get_response(request)
               ^^^^^^^^^^^^^^^^^^^^^
  File "/home/toppr/pr/env/lib/python3.12/site-packages/django/utils/deprecation.py", line 128, in __call__
    response = self.process_request(request)
               ^^^^^^^^^^^^^^^^^^^^^^^^^^^^^
  File "/home/toppr/pr/env/lib/python3.12/site-packages/django/middleware/common.py", line 48, in process_request
    host = request.get_host()
           ^^^^^^^^^^^^^^^^^^
  File "/home/toppr/pr/env/lib/python3.12/site-packages/django/http/request.py", line 151, in get_host
    raise DisallowedHost(msg)
django.core.exceptions.DisallowedHost: Invalid HTTP_HOST header: '89.104.68.164'. You may need to add '89.104.68.164' to ALLOWED_HOSTS.
Bad Request: /favicon.ico
Invalid HTTP_HOST header: '89.104.68.164'. You may need to add '89.104.68.164' to ALLOWED_HOSTS.
Traceback (most recent call last):
  File "/home/toppr/pr/env/lib/python3.12/site-packages/django/core/handlers/exception.py", line 55, in inner
    response = get_response(request)
               ^^^^^^^^^^^^^^^^^^^^^
  File "/home/toppr/pr/env/lib/python3.12/site-packages/django/utils/deprecation.py", line 128, in __call__
    response = self.process_request(request)
               ^^^^^^^^^^^^^^^^^^^^^^^^^^^^^
  File "/home/toppr/pr/env/lib/python3.12/site-packages/django/middleware/common.py", line 48, in process_request
    host = request.get_host()
           ^^^^^^^^^^^^^^^^^^
  File "/home/toppr/pr/env/lib/python3.12/site-packages/django/http/request.py", line 151, in get_host
    raise DisallowedHost(msg)
django.core.exceptions.DisallowedHost: Invalid HTTP_HOST header: '89.104.68.164'. You may need to add '89.104.68.164' to ALLOWED_HOSTS.
Bad Request: /
Invalid HTTP_HOST header: '89.104.68.164'. You may need to add '89.104.68.164' to ALLOWED_HOSTS.
Traceback (most recent call last):
  File "/home/toppr/pr/env/lib/python3.12/site-packages/django/core/handlers/exception.py", line 55, in inner
    response = get_response(request)
               ^^^^^^^^^^^^^^^^^^^^^
  File "/home/toppr/pr/env/lib/python3.12/site-packages/django/utils/deprecation.py", line 128, in __call__
    response = self.process_request(request)
               ^^^^^^^^^^^^^^^^^^^^^^^^^^^^^
  File "/home/toppr/pr/env/lib/python3.12/site-packages/django/middleware/common.py", line 48, in process_request
    host = request.get_host()
           ^^^^^^^^^^^^^^^^^^
  File "/home/toppr/pr/env/lib/python3.12/site-packages/django/http/request.py", line 151, in get_host
    raise DisallowedHost(msg)
django.core.exceptions.DisallowedHost: Invalid HTTP_HOST header: '89.104.68.164'. You may need to add '89.104.68.164' to ALLOWED_HOSTS.
Bad Request: /teorema505
Invalid HTTP_HOST header: '89.104.68.164'. You may need to add '89.104.68.164' to ALLOWED_HOSTS.
Traceback (most recent call last):
  File "/home/toppr/pr/env/lib/python3.12/site-packages/django/core/handlers/exception.py", line 55, in inner
    response = get_response(request)
               ^^^^^^^^^^^^^^^^^^^^^
  File "/home/toppr/pr/env/lib/python3.12/site-packages/django/utils/deprecation.py", line 128, in __call__
    response = self.process_request(request)
               ^^^^^^^^^^^^^^^^^^^^^^^^^^^^^
  File "/home/toppr/pr/env/lib/python3.12/site-packages/django/middleware/common.py", line 48, in process_request
    host = request.get_host()
           ^^^^^^^^^^^^^^^^^^
  File "/home/toppr/pr/env/lib/python3.12/site-packages/django/http/request.py", line 151, in get_host
    raise DisallowedHost(msg)
django.core.exceptions.DisallowedHost: Invalid HTTP_HOST header: '89.104.68.164'. You may need to add '89.104.68.164' to ALLOWED_HOSTS.
Bad Request: /
Forbidden (Referer checking failed - no Referer.): /
Invalid HTTP_HOST header: '89.104.68.164'. You may need to add '89.104.68.164' to ALLOWED_HOSTS.
Traceback (most recent call last):
  File "/home/toppr/pr/env/lib/python3.12/site-packages/django/core/handlers/exception.py", line 55, in inner
    response = get_response(request)
               ^^^^^^^^^^^^^^^^^^^^^
  File "/home/toppr/pr/env/lib/python3.12/site-packages/django/utils/deprecation.py", line 128, in __call__
    response = self.process_request(request)
               ^^^^^^^^^^^^^^^^^^^^^^^^^^^^^
  File "/home/toppr/pr/env/lib/python3.12/site-packages/django/middleware/common.py", line 48, in process_request
    host = request.get_host()
           ^^^^^^^^^^^^^^^^^^
  File "/home/toppr/pr/env/lib/python3.12/site-packages/django/http/request.py", line 151, in get_host
    raise DisallowedHost(msg)
django.core.exceptions.DisallowedHost: Invalid HTTP_HOST header: '89.104.68.164'. You may need to add '89.104.68.164' to ALLOWED_HOSTS.
Bad Request: /.env
Invalid HTTP_HOST header: '89.104.68.164'. You may need to add '89.104.68.164' to ALLOWED_HOSTS.
Traceback (most recent call last):
  File "/home/toppr/pr/env/lib/python3.12/site-packages/django/core/handlers/exception.py", line 55, in inner
    response = get_response(request)
               ^^^^^^^^^^^^^^^^^^^^^
  File "/home/toppr/pr/env/lib/python3.12/site-packages/django/utils/deprecation.py", line 128, in __call__
    response = self.process_request(request)
               ^^^^^^^^^^^^^^^^^^^^^^^^^^^^^
  File "/home/toppr/pr/env/lib/python3.12/site-packages/django/middleware/common.py", line 48, in process_request
    host = request.get_host()
           ^^^^^^^^^^^^^^^^^^
  File "/home/toppr/pr/env/lib/python3.12/site-packages/django/http/request.py", line 151, in get_host
    raise DisallowedHost(msg)
django.core.exceptions.DisallowedHost: Invalid HTTP_HOST header: '89.104.68.164'. You may need to add '89.104.68.164' to ALLOWED_HOSTS.
Bad Request: /
